Kh_0,Kh_1,Kv_0,Kv_1,Kh_0_ss,Kv_0_ss,Kh_1_ss,Kv_1_ss,C_spring,C_creek,success,mrsw_head,mrsw_error,bs_q,bs_error,head_above_surface_error
10.0,1.0,8.0,2.0,400,600,200,100,400,10.0,False,,,,,
10.0,1.0,8.0,2.0,400,600,200,100,400,10.0,True,381.2300303151994,0.7117199517167023,[1662.67003572],[-4068.58346729],35764.0
