Kh_0,Kh_1,Kv_0,Kv_1,C_spring,C_creek,success,mrsw_head,mrsw_error,bs_q,bs_error,head_above_surface_error
0.1,0.1,0.1,0.1,0.1,0.2,True,515.6018343425969,169.86207922738953,-11.399512191865341,-11.465846144446518,752027
