Kh_0,Kh_1,Kv_0,Kv_1,C_spring,C_creek,success,mrsw_head,mrsw_error,bs_q,bs_error,head_above_surface_error,Kv_1_ss,Kv_0_ss,Kh_1_ss,Kh_0_ss
0.1,0.1,0.2,0.1,0.1,0.1,True,595.51102865748,249.77127354227255,-17.51974964575448,-17.58608359833566,752027,,,,
7.1,1.1,0.1,0.1,250.0,2.0,True,384.39952064909005,38.65976553388265,[-2307.43025259],[-8038.6837556],116238,400.0,200.0,450.0,450.0
