Kh_0,Kh_1,Kv_0,Kv_1,C_spring,C_creek,success,mrsw_head,mrsw_error,bs_q,bs_error,head_above_surface_error
0.1,0.1,0.2,0.1,0.1,0.1,True,595.51102865748,249.77127354227258,-17.51974964575448,-17.58608359833566,752027
