date,S_m,R_o_m,R_h_m,Q_l,Q_h,R_h
2017-01-01,0.0,0.0,0.0,0.0,0.0,0.0
2017-01-02,0.0,13672.520544727424,1646.1733904000002,4101.756163418227,2299.171821527291,1646.1733904000002
2017-01-03,0.0,0.0,0.0,2871.2293143927586,2527.994818673478,0.0
2017-01-04,0.0,0.0,0.0,2009.8605200749314,2320.741099234059,0.0
2017-01-05,0.0,0.0,0.0,1406.902364052452,1955.2056051614163,0.0
2017-01-06,0.0,0.0,0.0,984.8316548367163,1567.0560250315366,0.0
2017-01-07,0.0,0.0,0.0,689.3821583857014,1215.9864783732025,0.0
2017-01-08,0.0,0.0,0.0,482.567510869991,922.6188913719178,0.0
2017-01-09,0.0,10676.999871695898,1175.838136,3540.897219117763,2440.265476870256,1175.838136
2017-01-10,0.0,29260.952111020768,3292.3467808000005,11256.913686688664,7283.86347311762,3292.3467808000005
2017-01-11,0.0,245.39384602451875,117.58381360000001,7953.457734489421,7598.73470310634,117.58381360000001
2017-01-12,0.0,0.0,0.0,5567.420414142595,6786.208987520842,0.0
2017-01-13,0.0,0.0,0.0,3897.194289899817,5630.603108472432,0.0
2017-01-14,0.0,0.0,0.0,2728.0360029298718,4469.576266255407,0.0
2017-01-15,0.0,0.0,0.0,1909.62520205091,3445.5958405736087,0.0
2017-01-16,0.0,50207.6170871198,5526.4392392,16399.022767571576,10837.542307052798,5526.4392392
2017-01-17,0.0,2855.183005942556,352.7514408,12335.87083908287,11577.974296184826,352.7514408
2017-01-18,0.0,511.66410736431385,0.0,8788.608819567304,10462.228105537819,0.0
2017-01-19,0.0,3736.737530551383,352.7514408,7273.047432862528,9327.6564127877,352.7514408
2017-01-20,0.0,237.15423535647977,0.0,5162.2794736107135,7661.505637116905,0.0
2017-01-21,0.0,26610.157099466873,2939.59534,11596.642761367562,10411.398622817169,2939.59534
2017-01-22,0.0,357.4564534035326,0.0,8224.886868978352,9536.793921281642,0.0
2017-01-23,0.0,0.0,0.0,5757.420808284847,8025.044676082925,0.0
2017-01-24,0.0,33279.539916386006,3880.2658488,14014.056540715195,11972.755761455832,3880.2658488
2017-01-25,0.0,46169.887706813046,5291.2716120000005,23660.80589054455,18764.484457891318,5291.2716120000005
2017-01-26,0.0,0.0,0.0,16562.564123381184,17883.716324087265,0.0
2017-01-27,0.0,0.0,0.0,11593.79488636683,15367.747748999092,0.0
2017-01-28,0.0,0.0,0.0,8115.656420456781,12466.911217582167,0.0
2017-01-29,0.0,0.0,0.0,5680.959494319747,9752.530528277199,0.0
2017-01-30,0.0,1679.782469319073,352.7514408,4480.606386819545,7784.861448014138,352.7514408
2017-01-31,0.0,0.0,0.0,3136.424470773682,5925.4866571179555,0.0
2017-02-01,0.0,0.0,117.58381360000001,2195.4971295415776,4480.524371527405,117.58381360000001
2017-02-02,0.0,0.0,0.0,1536.847990679104,3303.053819188084,0.0
2017-02-03,0.0,0.0,0.0,1075.7935934753727,2412.149728903,0.0
2017-02-04,0.0,0.0,0.0,753.055515432761,1748.5120435149042,0.0
2017-02-05,0.0,0.0,0.0,527.1388608029328,1259.9627704301156,0.0
2017-02-06,0.0,0.0,0.0,368.99720256205296,903.5765432828907,0.0
2017-02-07,0.0,0.0,0.0,258.29804179343705,645.4651426871092,0.0
2017-02-08,0.0,0.0,0.0,180.80862925540595,459.60253731442793,0.0
2017-02-09,0.0,0.0,0.0,126.56604047878417,326.3879385801704,0.0
2017-02-10,0.0,0.0,0.0,88.59622833514892,231.2712544821618,0.0
2017-02-11,0.0,0.0,0.0,62.01735983460426,163.56969662313878,0.0
2017-02-12,0.0,0.0,470.33525440000005,43.41215188422298,303.6407804875725,470.33525440000005
2017-02-13,0.0,0.0,0.0,30.388506318956082,194.33987082012592,0.0
2017-02-14,0.0,0.0,0.0,21.271954423269257,125.11270426138324,0.0
2017-02-15,0.0,0.0,0.0,14.89036809628848,81.02376979534534,0.0
2017-02-16,0.0,0.0,0.0,10.423257667401938,52.78356494416798,0.0
2017-02-17,0.0,0.0,0.0,7.296280367181357,34.588651113373324,0.0
2017-02-18,0.0,0.0,0.0,5.1073962570269495,22.796149170834774,0.0
2017-02-19,0.0,0.0,0.0,3.5751773799188653,15.107760454468412,0.0
2017-02-20,0.0,88125.73185418796,9524.288901600003,26440.222180422334,14394.869089081616,9524.288901600003
2017-02-21,0.0,0.0,0.0,18508.15552629563,16040.183663967224,0.0
2017-02-22,0.0,0.0,0.0,12955.708868406944,14806.393745743111,0.0
2017-02-23,0.0,28001.566794493003,3880.2658488,17469.46624623276,17423.729085458974,3880.2658488
2017-02-24,0.0,41620.87128911687,5526.4392392,24714.887759097994,22550.76825059458,5526.4392392
2017-02-25,0.0,0.0,0.0,17300.42143136859,20450.629522904186,0.0
2017-02-26,0.0,0.0,0.0,12110.295001958015,17114.495714525718,0.0
2017-02-27,0.0,0.0,0.0,8477.20650137061,13659.580029263674,0.0
2017-02-28,0.0,0.0,0.0,5934.044550959427,10569.365837941976,0.0
2017-03-01,0.0,7163.248452873228,1411.0057632,6302.805721533568,9427.144096658612,1411.0057632
2017-03-02,0.0,0.0,0.0,4411.964005073498,7421.072060024567,0.0
2017-03-03,0.0,0.0,352.7514408,3088.3748035514486,5829.09373375532,352.7514408
2017-03-04,0.0,0.0,0.0,2161.862362486014,4362.201185247598,0.0
2017-03-05,0.0,0.0,0.0,1513.3036537402097,3222.6421726446424,0.0
2017-03-06,0.0,98185.03812755569,10817.710851200001,30514.82399588485,18466.59924242073,10817.710851200001
2017-03-07,0.0,0.0,0.0,21360.3767971194,19624.110264300194,0.0
2017-03-08,0.0,0.0,0.0,14952.26375798358,17755.371661773548,0.0
2017-03-09,0.0,0.0,0.0,10466.584630588504,14839.856849299533,0.0
2017-03-10,0.0,0.0,0.0,7326.609241411953,11834.5578061445,0.0
2017-03-11,0.0,0.0,0.0,5128.626468988367,9152.185271282046,0.0
2017-03-12,0.0,34431.11640045824,3997.8496624,13919.373448429327,12658.200407100958,3997.8496624
2017-03-13,0.0,1290.990354293171,352.7514408,10130.858520188482,11788.36422865597,352.7514408
2017-03-14,0.0,0.0,0.0,7091.600964131938,9909.658922846356,0.0
2017-03-15,0.0,0.0,0.0,4964.120674892357,7931.443623664757,0.0
2017-03-16,0.0,0.0,0.0,3474.8844724246496,6148.819963168714,0.0
2017-03-17,0.0,0.0,0.0,2432.419130697255,4662.25963018013,0.0
2017-03-18,0.0,0.0,0.0,1702.693391488078,3478.4331347033094,0.0
2017-03-19,0.0,0.0,0.0,1191.8853740416546,2563.814030438647,0.0
2017-03-20,0.0,0.0,0.0,834.3197618291583,1872.0163229948514,0.0
2017-03-21,0.0,0.0,0.0,584.0238332804108,1356.8193271090752,0.0
2017-03-22,0.0,0.0,0.0,408.8166832962876,977.6182695839602,0.0
2017-03-23,0.0,2778.550202298224,823.0866952000001,1119.7367389968686,1363.7003354291237,823.0866952000001
2017-03-24,0.0,74688.46963466796,8701.202206400001,23190.35660769819,13574.843726896752,8701.202206400001
2017-03-25,0.0,5634.597727199543,1058.2543223999999,17923.6289435486,15737.65954251749,1058.2543223999999
2017-03-26,0.0,0.0,0.0,12546.540260484022,14461.211829704102,0.0
2017-03-27,0.0,0.0,0.0,8782.578182338815,12189.758370757989,0.0
2017-03-28,0.0,0.0,0.0,6147.80472763717,9772.976913509661,0.0
2017-03-29,0.0,45875.499495824035,5408.855425600001,18066.113158093227,15253.77358158309,5408.855425600001
2017-03-30,0.0,2568.3539775118543,823.0866952000001,13416.785403918817,14848.212988597379,823.0866952000001
2017-03-31,0.0,0.0,0.0,9391.749782743173,12665.627706255698,0.0
2017-04-01,0.0,0.0,0.0,6574.224847920221,10229.066562921507,0.0
2017-04-02,0.0,5967.767042730251,940.6705088000001,6392.28750636323,9070.623143818195,940.6705088000001
2017-04-03,0.0,29760.521549795143,3527.514408,13402.757719392803,12214.482737248038,3527.514408
2017-04-04,0.0,15431.64815515114,3292.3467808000005,14011.424850120304,14250.198294716945,3292.3467808000005
2017-04-05,0.0,0.0,0.0,9807.997395084212,12473.317934863851,0.0
2017-04-06,0.0,0.0,0.0,6865.5981765589495,10230.23003154189,0.0
2017-04-07,0.0,0.0,0.0,4805.918723591264,8060.505508361641,0.0
2017-04-08,0.0,0.0,0.0,3364.143106513885,6181.960547622538,0.0
2017-04-09,0.0,54010.84472399514,6584.693561600001,18558.153591758262,13766.315189916828,6584.693561600001
2017-04-10,0.0,0.0,352.7514408,12990.707514230782,13597.17269596241,352.7514408
2017-04-11,0.0,0.0,0.0,9093.495259961548,11795.701721562065,0.0
2017-04-12,0.0,7422.9928150523665,1411.0057632,8592.344526488794,11078.761148812757,1411.0057632
2017-04-13,0.0,1540.886921111968,705.5028816,6476.907244875748,9520.220739877952,705.5028816
2017-04-14,0.0,35033.53436176058,4703.352544,15043.895379941197,13611.031613503252,4703.352544
2017-04-15,0.0,0.0,1411.0057632,10530.726765958838,12943.311979765487,1411.0057632
2017-04-16,0.0,0.0,0.0,7371.508736171186,10714.590682327766,0.0
2017-04-17,0.0,0.0,0.0,5160.0561153198305,8492.776855524591,0.0
2017-04-18,0.0,0.0,940.6705088000001,3612.039280723882,6916.750029124309,940.6705088000001
2017-04-19,0.0,142003.623752101,16226.566276799998,45129.51462213702,28692.482377049397,16226.566276799998
2017-04-20,0.0,1302.1627310302936,940.6705088000001,31981.309054805006,30384.281251671644,940.6705088000001
2017-04-21,0.0,0.0,0.0,22386.916338363502,27185.335286348385,0.0
2017-04-22,0.0,0.0,0.0,15670.841436854453,22579.53774655081,0.0
2017-04-23,0.0,0.0,0.0,10969.589005798116,17935.55825024973,0.0
2017-04-24,0.0,0.0,0.0,7678.712304058681,13832.81987177331,0.0
2017-04-25,0.0,20850.1258343718,2822.0115264,11630.136363152616,14080.551078885032,2822.0115264
2017-04-26,0.0,0.0,117.58381360000001,8141.095454206832,11751.802354453752,117.58381360000001
2017-04-27,0.0,0.0,235.16762720000003,5698.766817944782,9424.655190730164,235.16762720000003
2017-04-28,0.0,0.0,0.0,3989.1367725613472,7250.447823462637,0.0
2017-04-29,0.0,0.0,0.0,2792.3957407929433,5467.22699039476,0.0
2017-04-30,0.0,75123.29919681934,9289.1212744,24491.66677760086,16792.651415037202,9289.1212744
2017-05-01,0.0,18489.393423702553,2704.4277128000003,22690.98477143137,20233.75584271487,2704.4277128000003
2017-05-02,0.0,0.0,0.0,15883.689340001958,18493.729241629702,0.0
2017-05-03,0.0,0.0,0.0,11118.58253800137,15543.67056017837,0.0
2017-05-04,0.0,0.0,0.0,7783.007776600959,12439.405446747405,0.0
2017-05-05,0.0,0.0,0.0,5448.105443620671,9642.885445496713,0.0
2017-05-06,0.0,0.0,0.0,3813.6738105344693,7311.200791511815,0.0
2017-05-07,0.0,0.0,0.0,2669.5716673741285,5454.54914185674,0.0
2017-05-08,0.0,1006.9679544104034,940.6705088000001,2170.7905534850106,4517.313910028049,940.6705088000001
2017-05-09,0.0,0.0,0.0,1519.5533874395076,3318.2097009926324,0.0
2017-05-10,0.0,0.0,117.58381360000001,1063.6873712076554,2463.4342945186418,117.58381360000001
2017-05-11,0.0,0.0,0.0,744.5811598453587,1775.8930406493282,0.0
2017-05-12,0.0,0.0,0.0,521.206811891751,1274.0185491462971,0.0
2017-05-13,0.0,0.0,0.0,364.8447683242258,910.3490368174686,0.0
2017-05-14,0.0,0.0,0.0,255.39133782695808,648.3659572212645,0.0
2017-05-15,0.0,0.0,352.7514408,178.77393647887067,601.6297252443069,352.7514408
2017-05-16,0.0,0.0,1058.2543223999999,125.14175553520946,834.336266320668,1058.2543223999999
2017-05-17,0.0,102474.16645774906,12228.7166144,30829.849166199365,17724.028072032146,12228.7166144
2017-05-18,0.0,0.0,587.919068,21580.894416339557,19501.94223695511,587.919068
2017-05-19,0.0,0.0,117.58381360000001,15106.626091437689,17790.84930418814,117.58381360000001
2017-05-20,0.0,83223.18439222018,9877.0403424,35541.59358167243,28841.96315214186,9877.0403424
2017-05-21,0.0,0.0,0.0,24879.115507170703,27256.824094153395,0.0
2017-05-22,0.0,0.0,1646.1733904000002,17415.38085501949,23978.716154659833,1646.1733904000002
2017-05-23,0.0,43047.37535550662,5879.19068,25104.97920516563,26780.897646862155,5879.19068
2017-05-24,0.0,0.0,0.0,17573.48544361594,23097.932765563666,0.0
2017-05-25,0.0,0.0,470.33525440000005,12301.439810531161,18967.469685310665,470.33525440000005
2017-05-26,0.0,0.0,0.0,8611.007867371813,14824.884958135122,0.0
2017-05-27,0.0,0.0,0.0,6027.705507160269,11306.01317774518,0.0
2017-05-28,0.0,0.0,0.0,4219.3938550121875,8471.365448651983,0.0
2017-05-29,0.0,0.0,117.58381360000001,2953.5756985085313,6311.283074034603,117.58381360000001
2017-05-30,0.0,0.0,0.0,2067.502988955972,4613.77104000315,0.0
2017-05-31,0.0,0.0,0.0,1447.2520922691804,3347.163460909562,0.0
2017-06-01,0.0,0.0,0.0,1013.0764645884265,2413.528662381108,0.0
2017-06-02,0.0,0.0,0.0,709.1535252118985,1731.7786075134243,0.0
2017-06-03,0.0,0.0,705.5028816,496.407467648329,1519.831304207386,705.5028816
2017-06-04,0.0,0.0,0.0,347.48522735383034,1050.8928734659637,0.0
2017-06-05,0.0,0.0,0.0,243.2396591476812,727.8315877386508,0.0
2017-06-06,0.0,0.0,0.0,170.26776140337685,504.80605720454116,0.0
2017-06-07,0.0,0.0,0.0,119.18743298236377,350.5586075156702,0.0
2017-06-08,0.0,0.0,0.0,83.43120308765465,243.70764574446395,0.0
2017-06-09,0.0,0.0,0.0,58.40184216135826,169.58532431122168,0.0
2017-06-10,0.0,0.0,0.0,40.88128951295078,118.10371039191332,0.0
2017-06-11,0.0,0.0,117.58381360000001,28.616902659065545,129.34251273877422,117.58381360000001
2017-06-12,0.0,142612.67423861675,16579.3177176,42803.834103446374,23830.866236061815,16579.3177176
2017-06-13,0.0,0.0,0.0,29962.68387241246,26283.593290602075,0.0
2017-06-14,0.0,0.0,705.5028816,20973.878710688725,24441.908611276736,705.5028816
2017-06-15,0.0,0.0,0.0,14681.715097482109,20537.831205758885,0.0
2017-06-16,0.0,0.0,235.16762720000003,10277.200568237477,16527.64600163032,235.16762720000003
2017-06-17,0.0,24031.12175117596,3762.6820352000004,14403.376923119024,17183.011184305804,3762.6820352000004
2017-06-18,0.0,0.0,705.5028816,10082.363846183316,14624.953401696808,705.5028816
2017-06-19,0.0,0.0,0.0,7057.654692328321,11598.033917949413,0.0
2017-06-20,0.0,0.0,1058.2543223999999,4940.358284629825,9358.265393581578,1058.2543223999999
2017-06-21,0.0,0.0,0.0,3458.2507992408773,6998.259555845298,0.0
2017-06-22,0.0,74119.08376496077,8936.3698336,24656.500688956847,17636.103942529917,8936.3698336
2017-06-23,0.0,0.0,0.0,17259.55048226979,17485.482558425865,0.0
2017-06-24,0.0,0.0,470.33525440000005,12081.685337588855,15512.097771851062,470.33525440000005
2017-06-25,0.0,0.0,0.0,8457.179736312199,12690.130557635515,0.0
2017-06-26,0.0,0.0,0.0,5920.025815418539,9982.088660748726,0.0
2017-06-27,0.0,0.0,0.0,4144.018070792978,7646.860424766425,0.0
2017-06-28,0.0,47553.45692436441,6937.4450024,17166.849726864406,14229.83414656562,6937.4450024
2017-06-29,0.0,9492.340681630569,2822.0115264,14864.497013294256,15612.503903817073,2822.0115264
2017-06-30,0.0,0.0,587.919068,10405.14790930598,13764.729133212633,587.919068
2017-07-01,0.0,0.0,0.0,7283.603536514186,11172.278894533256,0.0
2017-07-02,0.0,0.0,0.0,5098.52247555993,8742.776326943926,0.0
2017-07-03,0.0,0.0,0.0,3568.965732891951,6673.252089323136,0.0
2017-07-04,0.0,0.0,0.0,2498.2760130243655,5003.261658803628,0.0
2017-07-05,0.0,0.0,0.0,1748.793209117056,3701.474278928999,0.0
2017-07-06,0.0,0.0,0.0,1224.1552463819392,2710.546665910175,0.0
2017-07-07,0.0,0.0,0.0,856.9086724673575,1969.0914685330479,0.0
2017-07-08,0.0,0.0,0.0,599.8360707271503,1421.3893094106888,0.0
2017-07-09,0.0,7581.02746491626,2116.5086447999997,2694.193488983883,2777.1144391599664,2116.5086447999997
2017-07-10,0.0,0.0,0.0,1885.9354422887181,2420.642840411467,0.0
2017-07-11,0.0,0.0,0.0,1320.1548096021027,1980.4476280877216,0.0
2017-07-12,0.0,0.0,0.0,924.108366721472,1557.9119235412218,0.0
2017-07-13,0.0,0.0,0.0,646.8758567050303,1193.4974968067452,0.0
2017-07-14,0.0,0.0,0.0,452.8130996935212,897.2237379614555,0.0
2017-07-15,0.0,0.0,0.0,316.9691697854648,665.1219106910593,0.0
2017-07-16,0.0,0.0,0.0,221.8784188498254,487.82451395456565,0.0
2017-07-17,0.0,0.0,0.0,155.31489319487778,354.8206656506905,0.0
2017-07-18,0.0,11231.272823009042,2939.59534,3478.1022721391264,2779.9714442460645,2939.59534
2017-07-19,0.0,116549.81809166158,14462.809072799999,37399.617017995864,22412.953302865986,14462.809072799999
2017-07-20,0.0,0.0,117.58381360000001,26179.731912597104,23966.698272198435,117.58381360000001
2017-07-21,0.0,21666.246588586604,3997.8496624,24825.686315393956,25909.433354436642,3997.8496624
2017-07-22,0.0,0.0,0.0,17377.98042077577,22496.852180972295,0.0
2017-07-23,0.0,0.0,0.0,12164.586294543038,18363.94582640059,0.0
2017-07-24,0.0,0.0,0.0,8515.210406180126,14424.451658312404,0.0
2017-07-25,0.0,7140.623393796429,3057.1791536,8102.834302465017,13118.676377413449,3057.1791536
2017-07-26,0.0,0.0,940.6705088000001,5671.984011725513,10516.267634658274,940.6705088000001
2017-07-27,0.0,0.0,0.0,3970.388808207859,7897.916104078108,0.0
2017-07-28,0.0,0.0,0.0,2779.272165745501,5850.458528745065,0.0
2017-07-29,0.0,0.0,0.0,1945.490516021851,4288.471323655779,0.0
2017-07-30,0.0,0.0,0.0,1361.8433612152955,3117.8201386795863,0.0
2017-07-31,0.0,0.0,0.0,953.2903528507068,2252.008224348034,0.0
2017-08-01,0.0,0.0,0.0,667.3032469954948,1618.1262334070184,0.0
2017-08-02,0.0,0.0,0.0,467.11227289684643,1157.7206492029495,0.0
2017-08-03,0.0,201148.84375443595,23634.346533599997,60671.63171735858,34417.0236899052,23634.346533599997
2017-08-04,0.0,0.0,0.0,42470.14220215101,37638.271094803524,0.0
2017-08-05,0.0,0.0,0.0,29729.099541505704,34474.6024734844,0.0
2017-08-06,0.0,0.0,823.0866952000001,20810.36967905399,29338.144033792232,823.0866952000001
2017-08-07,0.0,0.0,0.0,14567.258775337794,23429.789930410458,0.0
2017-08-08,0.0,0.0,0.0,10197.081142736455,18136.706415340854,0.0
2017-08-09,0.0,18112.283456877245,2704.4277128000003,12571.641836978693,16992.45166911599,2704.4277128000003
2017-08-10,0.0,0.0,470.33525440000005,8800.149285885085,13903.664817583629,470.33525440000005
2017-08-11,0.0,0.0,0.0,6160.104500119561,10806.240690598002,0.0
2017-08-12,0.0,0.0,0.0,4312.073150083693,8208.573674392277,0.0
2017-08-13,0.0,0.0,0.0,3018.451205058586,6132.5246866588,0.0
2017-08-14,0.0,2367.288295514587,1175.838136,2823.102332195386,5279.090999273435,1175.838136
2017-08-15,0.0,0.0,117.58381360000001,1976.1716325367702,4004.956778018769,117.58381360000001
2017-08-16,0.0,97457.78716539322,11993.548987200002,30620.6562923937,19448.65617864874,11993.548987200002
2017-08-17,0.0,0.0,940.6705088000001,21434.459404675592,20619.245672579484,940.6705088000001
2017-08-18,0.0,0.0,470.33525440000005,15004.121583272914,18561.330138616857,470.33525440000005
2017-08-19,0.0,0.0,0.0,10502.885108291039,15337.952126486527,0.0
2017-08-20,0.0,0.0,0.0,7352.019575803727,12143.579106213409,0.0
2017-08-21,0.0,46630.53561343503,6114.3583072,19135.57438709312,17386.120541445292,6114.3583072
2017-08-22,0.0,0.0,0.0,13394.902070965181,15789.633153253248,0.0
2017-08-23,0.0,0.0,0.0,9376.431449675627,13224.352471822198,0.0
2017-08-24,0.0,0.0,0.0,6563.502014772939,10560.012289002494,0.0
2017-08-25,0.0,0.0,352.7514408,4594.451410341057,8314.888513857919,352.7514408
2017-08-26,0.0,0.0,117.58381360000001,3216.1159872387407,6322.413028650248,117.58381360000001
2017-08-27,0.0,0.0,117.58381360000001,2251.2811910671185,4740.9938190569965,117.58381360000001
2017-08-28,0.0,0.0,0.0,1575.8968337469832,3474.9550249329914,0.0
2017-08-29,0.0,0.0,0.0,1103.1277836228883,2526.2241284089505,0.0
2017-08-30,0.0,0.0,0.0,772.1894485360218,1824.6102564597786,0.0
2017-08-31,0.0,0.0,0.0,540.5326139752152,1310.9791994659533,0.0
2017-09-01,0.0,0.0,0.0,378.37282978265074,937.9366515926322,0.0
2017-09-02,0.0,0.0,117.58381360000001,264.8609808478555,715.7399087347216,117.58381360000001
2017-09-03,0.0,0.0,0.0,185.40268659349888,503.6050198782325,0.0
2017-09-04,0.0,2727.101757805778,2586.8438992,947.9124079571825,1716.0655347898128,2586.8438992
2017-09-05,0.0,0.0,587.919068,663.5386855700278,1530.2224223018989,587.919068
2017-09-06,0.0,0.0,0.0,464.4770798990195,1103.924285340747,0.0
2017-09-07,0.0,0.0,0.0,325.1339559293136,792.4081535761736,0.0
2017-09-08,0.0,0.0,0.0,227.59376915051953,566.4823998059119,0.0
2017-09-09,0.0,0.0,0.0,159.3156384053637,403.6156952456926,0.0
2017-09-10,0.0,0.0,0.0,111.52094688375459,286.7777959009174,0.0
2017-09-11,0.0,0.0,0.0,78.06466281862822,203.29254266800172,0.0
2017-09-12,0.0,0.0,0.0,54.645263973039754,143.83363119001692,0.0
2017-09-13,0.0,0.0,0.0,38.25168478112783,101.60085262646129,0.0
2017-09-14,0.0,0.0,0.0,26.776179346789476,71.67098331459256,0.0
2017-09-15,0.0,0.0,0.0,18.743325542752633,50.49992020585659,0.0
2017-09-16,0.0,28473.051810366702,4350.601103200001,8555.035870989937,5192.554741799489,4350.601103200001
2017-09-17,0.0,34889.126136703235,4820.9363576,16455.262950703927,11626.012568401266,4820.9363576
2017-09-18,0.0,40911.07979347119,4820.9363576,23792.008003534105,18420.785285494403,4820.9363576
2017-09-19,0.0,0.0,0.0,16654.40560247387,17714.23341228619,0.0
2017-09-20,0.0,0.0,0.0,11658.083921731713,15291.773616064398,0.0
2017-09-21,0.0,0.0,0.0,8160.658745212199,12439.327667723519,0.0
2017-09-22,0.0,0.0,0.0,5712.461121648539,9748.581049293527,0.0
2017-09-23,0.0,0.0,0.0,3998.7227851539774,7448.637743637708,0.0
2017-09-24,0.0,0.0,0.0,2799.1059496077846,5588.825026025739,0.0
2017-09-25,0.0,50457.86128784765,6114.3583072,17096.732551079742,12637.73135892734,6114.3583072
2017-09-26,0.0,13482.598109669361,2116.5086447999997,16012.492218656627,14834.239160739055,2116.5086447999997
2017-09-27,0.0,0.0,0.0,11208.74455305964,13384.041317667288,0.0
2017-09-28,0.0,0.0,0.0,7846.121187141749,11168.873265457072,0.0
2017-09-29,0.0,0.0,0.0,5492.284830999225,8898.237891673933,0.0
2017-09-30,0.0,0.0,0.0,3844.5993816994574,6876.782487684142,0.0
2017-10-01,0.0,17043.710408290935,2586.8438992,7804.3326896768995,8282.540128161245,2586.8438992
2017-10-02,0.0,11582.708720306238,1646.1733904000002,8937.845498865701,9203.131632603026,1646.1733904000002
2017-10-03,0.0,27723.128521908184,3527.514408,14573.430405778447,12762.256905073196,3527.514408
2017-10-04,0.0,0.0,0.0,10201.401284044912,11737.914656661882,0.0
2017-10-05,0.0,68728.25878305099,7878.1155112000015,27759.458533746732,21297.778411975825,7878.1155112000015
2017-10-06,0.0,151515.30796213407,16932.069158399998,64886.21336226293,45505.980055450666,16932.069158399998
2017-10-07,0.0,102752.61434866335,11758.38136,76246.13365818305,62505.39404054362,11758.38136
2017-10-08,0.0,0.0,0.0,53372.29356072815,58852.15384861743,0.0
2017-10-09,0.0,0.0,0.0,37360.605492509705,50255.53450617434,0.0
2017-10-10,0.0,32080.061403312484,3997.8496624,35776.44226575054,46063.03747496482,3997.8496624
2017-10-11,0.0,0.0,0.0,25043.509586025382,37655.22631938904,0.0
2017-10-12,0.0,0.0,0.0,17530.456710217768,29605.31847572053,0.0
2017-10-13,0.0,4330.617438161801,940.6705088000001,13570.504928600978,23567.66126039271,940.6705088000001
2017-10-14,0.0,17598.818554879745,2234.0924584,14778.999016484608,20945.83334618947,2234.0924584
2017-10-15,0.0,0.0,470.33525440000005,10345.299311539226,16893.753834089373,470.33525440000005
2017-10-16,0.0,0.0,0.0,7241.709518077459,13032.936107684607,0.0
2017-10-17,0.0,0.0,0.0,5069.196662654221,9847.440329672452,0.0
2017-10-18,0.0,0.0,0.0,3548.4376638579547,7327.839263346652,0.0
2017-10-19,0.0,0.0,0.0,2483.9063647005687,5390.266103888219,0.0
2017-10-20,0.0,0.0,0.0,1738.734455290398,3929.65344444909,0.0
2017-10-21,0.0,36688.83925028274,4585.7687304,12223.765893788102,9081.605916344695,4585.7687304
2017-10-22,0.0,0.0,0.0,8556.636125651672,8871.618000067485,0.0
2017-10-23,0.0,0.0,0.0,5989.64528795617,7718.82891522296,0.0
2017-10-24,0.0,0.0,0.0,4192.751701569319,6308.398029761504,0.0
2017-10-25,0.0,0.0,0.0,2934.9261910985233,4959.009294296312,0.0
2017-10-26,0.0,0.0,0.0,2054.448333768966,3797.1849100853733,0.0
2017-10-27,0.0,18752.388781252495,2469.2600856,7063.830468014025,6091.547167496835,2469.2600856
2017-10-28,0.0,0.0,0.0,4944.681327609817,5632.8008315420275,0.0
2017-10-29,0.0,4907.718582174585,823.0866952000001,4933.592503979247,5682.352178596916,823.0866952000001
2017-10-30,0.0,0.0,0.0,3453.5147527854733,4790.817208272339,0.0
2017-10-31,0.0,0.0,0.0,2417.4603269498316,3841.4744557433355,0.0
2017-11-01,0.0,9557.323489775777,1293.4219496,4559.419275797615,4646.021163605047,1293.4219496
2017-11-02,0.0,0.0,117.58381360000001,3191.5934930583303,4111.283620826361,117.58381360000001
2017-11-03,0.0,705.3690192003776,235.16762720000003,2445.7261509009445,3539.1276837361947,235.16762720000003
2017-11-04,0.0,12985.624795431588,1528.5895768,5607.695744260137,4977.990738665772,1528.5895768
2017-11-05,0.0,0.0,352.7514408,3925.387020982096,4698.049827912301,352.7514408
2017-11-06,0.0,0.0,0.0,2747.770914687467,3917.938262622368,0.0
2017-11-07,0.0,0.0,0.0,1923.439640281227,3120.1388136859114,0.0
2017-11-08,0.0,0.0,0.0,1346.4077481968588,2410.6463874902906,0.0
2017-11-09,0.0,0.0,0.0,942.4854237378012,1823.3820019892948,0.0
2017-11-10,0.0,0.0,0.0,659.7397966164608,1357.9251198401614,0.0
2017-11-11,0.0,0.0,0.0,461.81785763152254,999.4822149567058,0.0
2017-11-12,0.0,0.0,0.0,323.27250034206577,728.9983291108497,0.0
2017-11-13,0.0,0.0,0.0,226.29075023944603,527.9152975622882,0.0
2017-11-14,0.0,1344.622434391399,235.16762720000003,561.7902554850319,635.5323316113858,235.16762720000003
2017-11-15,0.0,0.0,352.7514408,393.25317883952243,679.7212468226404,352.7514408
2017-11-16,0.0,0.0,0.0,275.2772251876657,517.9436381686505,0.0
2017-11-17,0.0,5161.267915727851,705.5028816,1741.0744323497213,1289.3971084810792,705.5028816
2017-11-18,0.0,0.0,0.0,1218.7521026448048,1261.1391061465692,0.0
2017-11-19,0.0,0.0,0.0,853.1264718513635,1097.934052428487,0.0
2017-11-20,0.0,0.0,0.0,597.1885302959544,897.6358435754739,0.0
2017-11-21,0.0,0.0,0.0,418.03197120716806,705.7942946281515,0.0
2017-11-22,0.0,0.0,0.0,292.6223798450177,540.525528714898,0.0
2017-11-23,0.0,0.0,0.0,204.83566589151238,406.24958358554375,0.0
2017-11-24,0.0,0.0,117.58381360000001,143.38496612405868,348.13726204094974,117.58381360000001
2017-11-25,0.0,0.0,0.0,100.36947628684108,249.03014773930624,0.0
2017-11-26,0.0,0.0,0.0,70.25863340078875,177.52154200389924,0.0
2017-11-27,0.0,0.0,0.0,49.181043380552126,126.18534255456039,0.0
2017-11-28,0.0,0.0,0.0,34.42673036638649,89.48189767929082,0.0
2017-11-29,0.0,0.0,0.0,24.09871125647054,63.3286231101627,0.0
2017-11-30,0.0,0.0,0.0,16.869097879529377,44.74481301790937,0.0
2017-12-01,0.0,0.0,0.0,11.808368515670566,31.570235217013852,0.0
2017-12-02,0.0,0.0,0.0,8.265857960969395,22.24848431459607,0.0
2017-12-03,0.0,0.0,0.0,5.786100572678577,15.66353081782907,0.0
2017-12-04,0.0,5790.2736878607675,705.5028816,1741.1323767591055,988.0522218343397,705.5028816
2017-12-05,0.0,0.0,0.0,1218.7926637313738,1080.3483985931532,0.0
2017-12-06,0.0,0.0,117.58381360000001,853.1548646119614,1036.5045104406765,117.58381360000001
2017-12-07,0.0,0.0,0.0,597.2084052283731,860.7860683557552,0.0
2017-12-08,0.0,0.0,117.58381360000001,418.0458836598612,730.7235199173977,117.58381360000001
2017-12-09,0.0,0.0,0.0,292.6321185619028,555.4869593751997,0.0
2017-12-10,0.0,0.0,0.0,204.84248299333197,415.22916882245266,0.0
2017-12-11,0.0,16140.374764316537,1998.9248312,4985.502167390293,3042.9083007295885,1998.9248312
2017-12-12,0.0,0.0,0.0,3489.8515171732056,3221.6855873070353,0.0
2017-12-13,0.0,0.0,0.0,2442.896062021244,2910.169777192719,0.0
2017-12-14,0.0,0.0,0.0,1710.0272434148708,2430.1127636815795,0.0
2017-12-15,0.0,2504.697124790493,352.7514408,1948.4282078275573,2378.5395176599704,352.7514408
2017-12-16,0.0,0.0,0.0,1363.8997454792902,1972.6836087876982,0.0
2017-12-17,0.0,0.0,0.0,954.7298218355031,1565.5020940068202,0.0
2017-12-18,0.0,0.0,0.0,668.3108752848522,1206.625606518033,0.0
2017-12-19,0.0,0.0,0.0,467.8176126993966,911.1024089905783,0.0
2017-12-20,0.0,0.0,0.0,327.47232888957757,677.650376950178,0.0
2017-12-21,0.0,9082.5187761777,1293.4219496,2953.9862630760135,2105.5535112405123,1293.4219496
2017-12-22,0.0,0.0,117.58381360000001,2067.7903841532097,2137.4817858455913,117.58381360000001
2017-12-23,0.0,0.0,0.0,1447.4532689072466,1861.4703790702538,0.0
2017-12-24,0.0,0.0,0.0,1013.2172882350727,1522.1691427361814,0.0
2017-12-25,0.0,0.0,0.0,709.2521017645508,1197.002326347529,0.0
2017-12-26,0.0,0.0,0.0,496.4764712351856,916.7919843025917,0.0
2017-12-27,0.0,0.0,0.0,347.5335298646299,689.088602527407,0.0
2017-12-28,0.0,5040.948934306528,587.919068,1755.5581511971995,1350.844049195324,587.919068
2017-12-29,0.0,6250.971444910506,705.5028816,3104.182139311192,2334.3804378816712,705.5028816
2017-12-30,0.0,0.0,0.0,2172.927497517834,2269.7992617361365,0.0
2017-12-31,0.0,0.0,0.0,1521.049248262484,1970.2992563466753,0.0
2018-01-01,0.0,0.0,0.0,1064.7344737837388,1608.0733433215007,0.0
2018-01-02,0.0,276.197782888803,117.58381360000001,828.173466515258,1343.1469180390036,117.58381360000001
2018-01-03,0.0,0.0,0.0,579.7214265606807,1037.7767214476744,0.0
2018-01-04,0.0,0.0,0.0,405.8049985924764,784.9880323055952,0.0
2018-01-05,0.0,0.0,0.0,284.0634990147335,584.6182189892505,0.0
2018-01-06,0.0,0.0,0.0,198.84444931031342,430.30871111767556,0.0
2018-01-07,0.0,0.0,0.0,139.1911145172194,313.86167247749313,0.0
2018-01-08,0.0,0.0,0.0,97.43378016205361,227.2905155513173,0.0
2018-01-09,0.0,0.0,0.0,68.20364611343753,163.65576777616536,0.0
2018-01-10,0.0,0.0,0.0,47.74255227940627,117.29048157746172,0.0
2018-01-11,0.0,34359.282043996456,3880.2658488,10341.20439979452,5758.962388384285,3880.2658488
2018-01-12,0.0,0.0,0.0,7238.843079856165,6350.914664973036,0.0
2018-01-13,0.0,0.0,0.0,5067.190155899315,5837.424861343548,0.0
2018-01-14,0.0,12323.066167863453,1411.0057632,7243.952959488556,6964.438405881552,1411.0057632
2018-01-15,0.0,1282.5743159811714,235.16762720000003,5455.539366436341,6454.945840983467,235.16762720000003
2018-01-16,0.0,1020.9458604578002,117.58381360000001,4125.161314642779,5570.065555887192,117.58381360000001
2018-01-17,0.0,0.0,0.0,2887.612920249945,4497.084501632293,0.0
2018-01-18,0.0,0.0,0.0,2021.3290441749616,3506.7823186493606,0.0
2018-01-19,0.0,0.0,0.0,1414.9303309224733,2670.0415235586056,0.0
2018-01-20,0.0,0.0,0.0,990.4512316457312,1998.205406793456,0.0
2018-01-21,0.0,0.0,0.0,693.315862152012,1476.2495889368784,0.0
2018-01-22,0.0,96625.58154135181,10700.127037600001,29472.995565911955,16954.99879476691,10700.127037600001
2018-01-23,0.0,0.0,0.0,20631.096896138366,18425.438035315492,0.0
2018-01-24,0.0,0.0,0.0,14441.767827296857,16831.969952108037,0.0
2018-01-25,0.0,0.0,0.0,10109.237479107802,14142.876962907942,0.0
2018-01-26,0.0,0.0,0.0,7076.46623537546,11316.31267189495,0.0
2018-01-27,0.0,0.0,0.0,4953.526364762822,8771.198149042097,0.0
2018-01-28,0.0,1087.4305020519932,235.16762720000003,3793.6976059495732,6874.2649826850875,235.16762720000003
2018-01-29,0.0,0.0,0.0,2655.588324164701,5186.7943192769335,0.0
2018-01-30,0.0,0.0,0.0,1858.9118269152912,3855.641322332276,0.0
2018-01-31,0.0,0.0,0.0,1301.2382788407037,2833.880104935647,0.0
2018-02-01,0.0,0.0,0.0,910.8667951884926,2064.674781036785,0.0
2018-02-02,0.0,0.0,0.0,637.6067566319448,1493.847571274849,0.0
2018-02-03,0.0,6745.69725783462,823.0866952000001,2470.0339069927477,2213.5567836420087,823.0866952000001
2018-02-04,0.0,609.9741524156304,117.58381360000001,1912.0159806196127,2139.97398787305,117.58381360000001
2018-02-05,0.0,6212.88384940666,705.5028816,3202.276341255727,2847.096081866121,705.5028816
2018-02-06,0.0,0.0,0.0,2241.5934388790088,2604.895024671276,0.0
2018-02-07,0.0,975.9624173598098,117.58381360000001,1861.9041324232494,2354.732193212066,117.58381360000001
2018-02-08,0.0,7974.460011711519,940.6705088000001,3695.67089620973,3267.3758779311315,940.6705088000001
2018-02-09,0.0,2451.5528314025933,352.7514408,3322.435476767589,3430.5002937857143,352.7514408
2018-02-10,0.0,0.0,0.0,2325.7048337373126,2988.582109766354,0.0
2018-02-11,0.0,0.0,0.0,1627.9933836161188,2444.3466193062595,0.0
2018-02-12,0.0,0.0,0.0,1139.5953685312832,1922.4461189962692,0.0
2018-02-13,0.0,0.0,0.0,797.7167579718981,1472.5543745865207,0.0
2018-02-14,0.0,0.0,0.0,558.4017305803287,1106.8933169840438,0.0
2018-02-15,0.0,0.0,0.0,390.8812114062301,820.4884747529185,0.0
2018-02-16,0.0,0.0,0.0,273.6168479843611,601.7398240454954,0.0
2018-02-17,0.0,7182.789600703095,940.6705088000001,2346.3686737999815,1675.85956746729,940.6705088000001
2018-02-18,0.0,0.0,0.0,1642.458071659987,1662.4989691443689,0.0
2018-02-19,0.0,9365.786824218301,1058.2543223999999,3959.456697427481,3004.5837894176134,1058.2543223999999
2018-02-20,0.0,12507.36215497376,1411.0057632,6523.828334691365,4976.683912807114,1411.0057632
2018-02-21,0.0,0.0,0.0,4566.679834283956,4812.682281397851,0.0
2018-02-22,0.0,17324.202881247413,2116.5086447999997,8393.936748372993,7091.787526107909,2116.5086447999997
2018-02-23,0.0,13572.564940903461,1528.5895768,9947.525206132133,8845.518428837599,1528.5895768
2018-02-24,0.0,23166.053043329146,2586.8438992,13913.083557291238,11907.282039899055,2586.8438992
2018-02-25,0.0,0.0,0.0,9739.158490103866,11040.032619980979,0.0
2018-02-26,0.0,0.0,0.0,6817.410943072706,9350.983949217669,0.0
2018-02-27,0.0,0.0,0.0,4772.187660150894,7519.465433590958,0.0
2018-02-28,0.0,0.0,0.0,3340.531362105626,5847.891804996826,0.0
2018-03-01,0.0,0.0,0.0,2338.371953473938,4444.0838643876705,0.0
2018-03-02,0.0,0.0,0.0,1636.860367431757,3321.194465605305,0.0
2018-03-03,0.0,0.0,0.0,1145.8022572022298,2451.0375822440747,0.0
2018-03-04,0.0,0.0,235.16762720000003,802.061580041561,1885.5142322430693,235.16762720000003
2018-03-05,0.0,45551.794616520754,5526.4392392,14226.981490985318,9032.676831419969,5526.4392392
2018-03-06,0.0,1776.6775206963166,352.7514408,10491.890299898618,9757.462795131429,352.7514408
2018-03-07,0.0,0.0,0.0,7344.323209929033,8792.20696105047,0.0
2018-03-08,0.0,0.0,0.0,5141.026246950322,7331.734675410411,0.0
2018-03-09,0.0,0.0,0.0,3598.7183728652262,5838.5281543923375,0.0
2018-03-10,0.0,0.0,0.0,2519.1028610056583,4510.758037037665,0.0
2018-03-11,0.0,1588.1882167336717,235.16762720000003,2239.828467724062,3696.453260192224,235.16762720000003
2018-03-12,0.0,0.0,0.0,1567.8799274068435,2845.023927078072,0.0
2018-03-13,0.0,0.0,0.0,1097.5159491847905,2146.0207359207593,0.0
2018-03-14,0.0,0.0,0.0,768.2611644293532,1594.9169073241972,0.0
2018-03-15,0.0,0.0,0.0,537.7828151005473,1172.063270434737,0.0
2018-03-16,0.0,0.0,0.0,376.447970570383,853.8171504889954,0.0
2018-03-17,0.0,0.0,0.0,263.51357939926817,617.6957220531044,0.0
2018-03-18,0.0,0.0,0.0,184.4595055794877,444.40123546365777,0.0
2018-03-19,0.0,0.0,0.0,129.1216539056414,318.2894028404512,0.0
2018-03-20,0.0,0.0,0.0,90.38515773394899,227.12770479785033,0.0
2018-03-21,0.0,0.0,0.0,63.2696104137643,161.5844670442159,0.0
2018-03-22,0.0,0.0,0.0,44.28872728963501,114.66617114238355,0.0
2018-03-23,0.0,0.0,0.0,31.002109102744512,81.20054632652794,0.0
2018-03-24,0.0,0.0,0.0,21.701476371921157,57.400918344685216,0.0
2018-03-25,0.0,0.0,0.0,15.19103346034481,40.516964390949056,0.0
2018-03-26,0.0,31896.050393564772,3880.2658488,9579.448841491672,5408.196054751239,3880.2658488
2018-03-27,0.0,0.0,0.0,6705.614189044172,5927.163308468412,0.0
2018-03-28,0.0,0.0,0.0,4693.929932330921,5433.869958013416,0.0
2018-03-29,0.0,0.0,0.0,3285.7509526316444,4574.622355860707,0.0
2018-03-30,0.0,0.0,0.0,2300.025666842151,3664.7836802532847,0.0
2018-03-31,0.0,0.0,470.33525440000005,1610.0179667895056,3031.011496627773,470.33525440000005
2018-04-01,0.0,0.0,0.0,1127.012576752654,2269.4119286777254,0.0
2018-04-02,0.0,0.0,0.0,788.9088037268576,1677.2106786973782,0.0
2018-04-03,0.0,62575.954776812636,7172.6126296,19325.02259565259,11605.380497319464,7172.6126296
2018-04-04,0.0,0.0,0.0,13527.515816956813,12374.234625174404,0.0
2018-04-05,0.0,0.0,117.58381360000001,9469.261071869769,11259.27872929255,117.58381360000001
2018-04-06,0.0,0.0,0.0,6628.482750308838,9406.960337699065,0.0
2018-04-07,0.0,0.0,0.0,4639.937925216187,7500.151372705914,0.0
2018-04-08,0.0,4434.4816562849155,705.5028816,4578.301044536805,6613.612394078271,705.5028816
2018-04-09,0.0,0.0,0.0,3204.810731175764,5250.0917289172685,0.0
2018-04-10,0.0,0.0,0.0,2243.367511823035,4047.4020420795746,0.0
2018-04-11,0.3679247427539636,62.83960098184982,352.7514408,1589.2091385706792,3205.2254569960164,352.7514408
2018-04-12,0.0,0.0,0.0,1112.4463969994756,2368.1138329973996,0.0
2018-04-13,0.0,154796.11465820088,17402.404412800002,47217.54687535989,27268.8488150624,17402.404412800002
2018-04-14,0.0,37525.19147357606,4350.601103200001,44309.84025482475,35825.48583224734,4350.601103200001
2018-04-15,0.0,19068.624340675928,2351.676272,36737.4754805801,37130.95220038044,2351.676272
2018-04-16,0.0,0.0,0.0,25716.232836406067,32565.064454790696,0.0
2018-04-17,0.0,0.0,0.0,18001.362985484247,26739.58386706811,0.0
2018-04-18,0.0,43163.69668437856,4938.5201712,25550.06309515254,28239.183626781884,4938.5201712
2018-04-19,0.0,0.0,0.0,17885.04416660678,24097.527842711843,0.0
2018-04-20,0.0,0.0,0.0,12519.530916624748,19466.329072277003,0.0
2018-04-21,0.0,0.0,0.0,8763.671641637324,15185.266100021132,0.0
2018-04-22,0.0,0.0,0.0,6134.570149146127,11564.987719671131,0.0
2018-04-23,0.0,0.0,0.0,4294.199104402289,8656.672273563594,0.0
2018-04-24,0.0,0.0,0.0,3005.9393730816023,6396.379113370797,0.0
2018-04-25,0.0,0.0,0.0,2104.157561157121,4679.490492485327,0.0
2018-04-26,0.0,0.0,0.0,1472.910292809985,3396.8584126151904,0.0
2018-04-27,0.0,0.0,0.0,1031.0372049669895,2450.52992955591,0.0
2018-04-28,0.0,0.0,0.0,721.7260434768928,1759.008375124303,0.0
2018-04-29,0.0,0.0,0.0,505.20823043382495,1257.4883172481118,0.0
2018-04-30,0.0,0.0,0.0,353.64576130367743,895.951294870338,0.0
2018-05-01,0.0,53169.75890854103,6937.4450024,16198.479705474883,9791.940660072158,6937.4450024
2018-05-02,0.0,0.0,470.33525440000005,11338.935793832417,10598.87281533626,470.33525440000005
2018-05-03,0.0,94085.99244630891,11875.965173600001,36163.05278957536,25574.930874471902,11875.965173600001
2018-05-04,0.0,0.0,1175.838136,25314.136952702753,25940.94856016424,1175.838136
2018-05-05,0.0,0.0,0.0,17719.895866891926,22652.527482855316,0.0
2018-05-06,0.0,0.0,0.0,12403.927106824349,18553.087332442927,0.0
2018-05-07,0.0,0.0,0.0,8682.748974777045,14604.951989376576,0.0
2018-05-08,0.0,12025.93508411062,1881.3410176000002,9685.704807577118,13389.789523696792,1881.3410176000002
2018-05-09,0.0,39159.43084644739,5056.1039848,18527.8226192382,17467.444355833355,5056.1039848
2018-05-10,0.0,0.0,117.58381360000001,12969.47583346674,15715.290472326711,117.58381360000001
2018-05-11,0.0,166104.08648246457,18930.9939896,58909.85902816609,40565.51549050246,18930.9939896
2018-05-12,0.0,5354.255025373842,1411.0057632,42843.177827328414,42040.98273051284,1411.0057632
2018-05-13,0.0,0.0,0.0,29990.22447912989,37220.67942995966,0.0
2018-05-14,0.0,17856.876961302343,2586.8438992,26350.220223781627,33907.23330716845,2586.8438992
2018-05-15,0.0,0.0,0.0,18445.15415664714,27722.401646959923,0.0
2018-05-16,0.0,0.0,0.0,12911.607909652996,21798.08415203715,0.0
2018-05-17,0.0,0.0,0.0,9038.125536757098,16694.100705925128,0.0
2018-05-18,0.0,0.0,0.0,6326.687875729968,12547.135573847065,0.0
2018-05-19,0.0,0.0,0.0,4428.681513010978,9299.75394951263,0.0
2018-05-20,0.0,0.0,0.0,3100.077059107685,6819.883193350651,0.0
2018-05-21,0.0,13229.634669787321,1763.757204,6138.944342311575,7253.01053453502,1763.757204
2018-05-22,0.0,0.0,0.0,4297.261039618103,6070.710736568253,0.0
2018-05-23,0.0,0.0,235.16762720000003,3008.082727732672,4939.72658391402,235.16762720000003
2018-05-24,0.0,0.0,0.0,2105.6579094128706,3806.09911411356,0.0
2018-05-25,0.0,15700.455731812888,3762.6820352000004,6184.097256132876,6262.371185001288,3762.6820352000004
2018-05-26,0.0,0.0,0.0,4328.868079293014,5488.969942717978,0.0
2018-05-27,0.0,0.0,0.0,3030.2076555051094,4505.46502783283,0.0
2018-05-28,0.0,0.0,352.7514408,2121.1453588535765,3692.8377365611286,352.7514408
2018-05-29,0.0,18398.656851299085,2704.4277128000003,7004.398806587228,6099.233249691569,2704.4277128000003
2018-05-30,0.0,6079.731268338956,1763.757204,6726.998545112747,7055.84224946004,1763.757204
2018-05-31,0.0,0.0,0.0,4708.898981578923,6117.064942307593,0.0
2018-06-01,0.0,0.0,0.0,3296.229287105246,4988.730680226654,0.0
2018-06-02,0.0,0.0,0.0,2307.360500973672,3916.182608525461,0.0
2018-06-03,0.0,0.0,0.0,1615.1523506815704,2995.770505387905,0.0
2018-06-04,0.0,0.0,0.0,1130.6066454770994,2249.7049614235825,0.0
2018-06-05,0.0,0.0,0.0,791.4246518339696,1666.3928375877376,0.0
2018-06-06,0.0,0.0,352.7514408,553.9972562837787,1362.535181386154,352.7514408
2018-06-07,0.0,816.4549539210768,1293.4219496,632.7345655749682,1587.9837149016796,1293.4219496
2018-06-08,0.0,70237.85834608044,8818.78602,21514.27169972661,13086.013316831653,8818.78602
2018-06-09,0.0,74977.36440546572,8818.78602,37553.19951144834,26400.402202678328,8818.78602
2018-06-10,0.0,0.0,470.33525440000005,26287.23965801384,26543.271286572533,470.33525440000005
2018-06-11,0.0,0.0,117.58381360000001,18401.067760609687,23333.423401627395,117.58381360000001
2018-06-12,0.0,0.0,0.0,12880.74743242678,19152.353013947148,0.0
2018-06-13,0.0,0.0,0.0,9016.523202698745,15098.021089447786,0.0
2018-06-14,0.0,0.0,0.0,6311.566241889123,11583.43915042432,0.0
2018-06-15,0.0,0.0,0.0,4418.096369322387,8717.302037983547,0.0
2018-06-16,0.0,0.0,352.7514408,3092.6674585256706,6608.548782520396,352.7514408
2018-06-17,0.0,55289.09460757483,8818.78602,18751.595603240417,14993.281918808405,8818.78602
2018-06-18,0.0,65325.16052358723,8466.034579199999,32723.66507934446,25471.849014702828,8466.034579199999
2018-06-19,0.0,0.0,587.919068,22906.565555541125,24680.903258238148,587.919068
2018-06-20,0.0,110093.85517884388,14227.6414456,49062.75244253195,40124.69951019567,14227.6414456
2018-06-21,0.0,35448.96787545283,5761.6068663999995,44978.61707240821,44370.909281640685,5761.6068663999995
2018-06-22,0.0,0.0,0.0,31485.03195068575,39216.55834925871,0.0
2018-06-23,0.0,0.0,117.58381360000001,22039.522365480025,32392.777481187237,117.58381360000001
2018-06-24,0.0,0.0,0.0,15427.66565583602,25606.732751046748,0.0
2018-06-25,0.0,0.0,117.58381360000001,10799.365959085215,19730.819559702133,117.58381360000001
2018-06-26,0.0,37652.40624762964,5291.2716120000005,18855.27804564854,21497.111598880696,5291.2716120000005
2018-06-27,0.0,0.0,0.0,13198.69463195398,18177.74481211001,0.0
2018-06-28,0.0,0.0,0.0,9239.086242367786,14602.281384213118,0.0
2018-06-29,0.0,0.0,0.0,6467.360369657451,11348.312978390852,0.0
2018-06-30,0.0,82411.3685274799,11405.6299192,29250.562817004185,23071.464881516185,11405.6299192
2018-07-01,0.0,10560.222584539986,2822.0115264,23643.460747264922,24429.06783837568,2822.0115264
2018-07-02,0.0,0.0,0.0,16550.422523085446,21277.609712259586,0.0
2018-07-03,0.0,0.0,0.0,11585.29576615981,17400.684133819675,0.0
2018-07-04,0.0,71721.98994664247,9171.5374608,29626.304020304604,25959.547072733647,9171.5374608
2018-07-05,0.0,0.0,117.58381360000001,20738.41281421322,23918.126894765475,117.58381360000001
2018-07-06,0.0,0.0,0.0,14516.888969949254,20157.63172483899,0.0
2018-07-07,0.0,0.0,0.0,10161.822278964477,16159.307946489185,0.0
2018-07-08,0.0,0.0,0.0,7113.275595275133,12540.895006003564,0.0
2018-07-09,0.0,0.0,0.0,4979.292916692594,9516.254170279175,0.0
2018-07-10,0.0,0.0,0.0,3485.5050416848158,7103.954518841431,0.0
2018-07-11,0.0,0.0,0.0,2439.8535291793714,5238.314122976608,0.0
2018-07-12,0.0,0.0,470.33525440000005,1707.89747042556,4014.2815637161884,470.33525440000005
2018-07-13,0.0,81370.9414591031,9877.0403424,25606.810667028818,16602.10934200124,9877.0403424
2018-07-14,0.0,0.0,0.0,17924.767466920173,17131.172591968814,0.0
2018-07-15,0.0,0.0,0.0,12547.33722684412,15297.638445918936,0.0
2018-07-16,0.0,0.0,0.0,8783.136058790884,12691.837491067716,0.0
2018-07-17,0.0,0.0,0.0,6148.1952411536195,10074.380591102075,0.0
2018-07-18,0.0,0.0,0.0,4303.736668807534,7766.12302218426,0.0
2018-07-19,0.0,35248.7252476513,4820.9363576,13587.233242460665,12022.941653334821,4820.9363576
2018-07-20,0.0,9741.412820206557,3174.7629672000003,12433.487115784432,13457.065025194664,3174.7629672000003
2018-07-21,0.0,0.0,0.0,8703.440981049102,11555.61540753644,0.0
2018-07-22,0.0,0.0,0.0,6092.408686734371,9370.332719215612,0.0
2018-07-23,0.0,0.0,0.0,4264.68608071406,7328.074063814992,0.0
2018-07-24,0.0,0.0,0.0,2985.280256499842,5590.956540888932,0.0
2018-07-25,0.0,0.0,1058.2543223999999,2089.6961795498896,4613.754125313316,1058.2543223999999
2018-07-26,0.0,0.0,117.58381360000001,1462.7873256849225,3400.4009309019584,117.58381360000001
2018-07-27,0.0,0.0,0.0,1023.9511279794457,2449.8210097329534,0.0
2018-07-28,0.0,0.0,0.0,716.7657895856121,1756.5989216740168,0.0
2018-07-29,0.0,2458.8534183020706,2234.0924584,1239.3920782005496,2443.35316764463,2234.0924584
2018-07-30,0.0,0.0,0.0,867.5744547403848,1813.0416824829317,0.0
2018-07-31,0.0,0.0,0.0,607.3021183182693,1330.7458568170669,0.0
2018-08-01,0.0,0.0,587.919068,425.11148282278856,1203.6597344193553,587.919068
2018-08-02,0.0,0.0,0.0,297.578037975952,841.227055841994,0.0
2018-08-03,0.0,0.0,0.0,208.30462658316642,588.058084138463,0.0
2018-08-04,0.0,0.0,117.58381360000001,145.81323860821652,458.1936713663643,117.58381360000001
2018-08-05,0.0,0.0,1646.1733904000002,102.06926702575156,974.2132657901193,1646.1733904000002
2018-08-06,0.0,0.0,0.0,71.44848691802609,613.107354241282,0.0
2018-08-07,0.0,14388.541694985182,2469.2600856,4366.576449338172,3102.1990265200384,2469.2600856
2018-08-08,0.0,0.0,0.0,3056.603514536721,3083.960821726711,0.0
2018-08-09,0.0,0.0,117.58381360000001,2139.622460175705,2753.2590025463087,117.58381360000001
2018-08-10,0.0,0.0,0.0,1497.7357221229934,2251.049690376982,0.0
2018-08-11,0.0,0.0,0.0,1048.4150054860954,1769.9958164206273,0.0
2018-08-12,0.0,0.0,0.0,733.8905038402668,1355.5536913884832,0.0
2018-08-13,0.0,0.0,0.0,513.7233526881868,1018.8215559083645,0.0
2018-08-14,0.0,0.0,0.0,359.60634688173064,755.135472297711,0.0
2018-08-15,0.0,22768.217225289052,4820.9363576,7082.189610403927,5214.331670580197,4820.9363576
2018-08-16,0.0,73468.86820223456,9406.705088,26998.19318795311,17690.55831272936,9406.705088
2018-08-17,0.0,0.0,0.0,18898.735231567178,18173.829080264488,0.0
2018-08-18,0.0,0.0,0.0,13229.114662097025,16195.943312997506,0.0
2018-08-19,0.0,0.0,0.0,9260.380263467918,13421.71809318567,0.0
2018-08-20,0.0,0.0,117.58381360000001,6482.266184427543,10692.970855122418,117.58381360000001
2018-08-21,0.0,0.0,0.0,4537.586329099279,8230.817044713162,0.0
2018-08-22,0.0,0.0,0.0,3176.3104303694963,6209.014398975696,0.0
2018-08-23,0.0,0.0,0.0,2223.4173012586475,4614.775559888876,0.0
2018-08-24,0.0,17160.28730991816,2351.676272,6704.478303856501,6391.327166275926,2351.676272
2018-08-25,0.0,0.0,470.33525440000005,4693.134812699551,5900.184326605377,470.33525440000005
2018-08-26,0.0,0.0,823.0866952000001,3285.194368889686,5183.4230215991,823.0866952000001
2018-08-27,0.0,81429.70258210924,10229.7917832,26728.54683285555,17893.38925938168,10229.7917832
2018-08-28,0.0,31382.262590505503,4233.0172895999995,28124.661560150536,23679.105095529223,4233.0172895999995
2018-08-29,0.0,0.0,0.0,19687.26309210538,22082.368294159685,0.0
2018-08-30,0.0,0.0,0.0,13781.084164473765,18761.854642285318,0.0
2018-08-31,0.0,0.0,470.33525440000005,9646.758915131635,15303.950453183845,470.33525440000005
2018-09-01,0.0,0.0,1058.2543223999999,6752.731240592145,12306.764497107164,1058.2543223999999
2018-09-02,0.0,0.0,0.0,4726.911868414501,9274.8234456301,0.0
2018-09-03,0.0,15922.244791740206,2234.0924584,8085.511745412213,9692.735748902945,2234.0924584
2018-09-04,0.0,351462.8399184354,39037.8261152,111098.71019731916,65870.25597434943,39037.8261152
2018-09-05,0.0,8362.284522789774,2469.2600856,80277.78249496034,72620.97061683379,2469.2600856
2018-09-06,0.0,0.0,0.0,56194.44774647224,66050.36146868917,0.0
2018-09-07,0.0,0.0,0.0,39336.11342253057,55364.66225022574,0.0
2018-09-08,0.0,0.0,0.0,27535.2793957714,44232.909108444,0.0
2018-09-09,0.0,0.0,0.0,19274.69557703998,34249.623695882394,0.0
2018-09-10,0.0,0.0,0.0,13492.286903927985,25946.68897910063,0.0
2018-09-11,0.0,0.0,0.0,9444.600832749591,19345.853720560215,0.0
2018-09-12,0.0,0.0,0.0,6611.220582924713,14252.000465506013,0.0
2018-09-13,0.0,0.0,0.0,4627.854408047299,10402.342042522527,0.0
2018-09-14,0.0,0.0,0.0,3239.4980856331094,7537.20445976676,0.0
2018-09-15,0.0,0.0,0.0,2267.6486599431764,5429.382139837327,0.0
2018-09-16,0.0,0.0,0.0,1587.3540619602236,3892.5709086864854,0.0
2018-09-17,0.0,54762.750762377604,7055.028816,17539.97307208544,12173.543300446066,7055.028816
2018-09-18,0.0,101991.2040266884,11875.965173600001,42875.34235846633,29204.648993094175,11875.965173600001
2018-09-19,0.0,30362.087601913267,3762.6820352000004,39121.36593150041,34676.40858253667,3762.6820352000004
2018-09-20,0.0,187488.70670299287,21165.086448000002,83631.56816294814,62724.506993901254,21165.086448000002
2018-09-21,0.0,0.0,0.0,58542.0977140637,61051.54328196623,0.0
2018-09-22,0.0,0.0,0.0,40979.46839984458,53022.71332911757,0.0
2018-09-23,0.0,0.0,0.0,28685.62787989121,43287.879149427026,0.0
2018-09-24,0.0,0.0,0.0,20079.93951592385,34004.70329602576,0.0
2018-09-25,0.0,0.0,352.7514408,14055.957661146693,26166.30561839413,352.7514408
2018-09-26,0.0,0.0,0.0,9839.170362802686,19635.45151615755,0.0
2018-09-27,0.0,0.0,117.58381360000001,6887.41925396188,14583.272136719284,117.58381360000001
2018-09-28,0.0,0.0,0.0,4821.193477773316,10678.440673140896,0.0
2018-09-29,0.0,0.0,0.0,3374.835434441321,7756.9985776610665,0.0
2018-09-30,0.0,0.0,0.0,2362.384804108925,5599.15306824021,0.0
2018-10-01,0.0,74814.22929287299,8583.618392800001,24097.938150738144,16432.11445835938,8583.618392800001
2018-10-02,0.0,0.0,0.0,16868.5567055167,16606.69135722231,0.0
2018-10-03,0.0,0.0,470.33525440000005,11807.98969386169,14875.344793638063,470.33525440000005
2018-10-04,0.0,0.0,352.7514408,8265.592785703182,12372.544566784112,352.7514408
2018-10-05,0.0,15232.15163490935,1998.9248312,10355.560440465031,12365.32084873648,1998.9248312
2018-10-06,0.0,0.0,0.0,7248.892308325523,10318.749432572098,0.0
2018-10-07,0.0,4359.161892021963,705.5028816,6381.973183434456,9026.24008555704,705.5028816
2018-10-08,0.0,115197.85470484536,13051.8033096,39026.737639857725,26247.160431117314,13051.8033096
2018-10-09,0.0,81239.13736783121,9406.705088,51690.45755824977,40187.1613171703,9406.705088
2018-10-10,0.0,0.0,0.0,36183.32029077484,38585.624906612116,0.0
2018-10-11,0.0,0.0,0.0,25328.324203542394,33282.70462538423,0.0
2018-10-12,0.0,0.0,0.0,17729.826942479674,27061.553552222405,0.0
2018-10-13,0.0,0.0,0.0,12410.878859735772,21201.28367522775,0.0
2018-10-14,0.0,34168.944097104024,4350.601103200001,18938.298430946248,22036.330018795154,4350.601103200001
2018-10-15,0.0,0.0,0.0,13256.808901662374,18524.52157194204,0.0
2018-10-16,0.0,0.0,0.0,9279.766231163663,14826.61943563069,0.0
2018-10-17,0.0,0.0,0.0,6495.836361814564,11494.30620610424,0.0
2018-10-18,0.0,0.0,0.0,4547.085453270195,8715.417904970622,0.0
2018-10-19,0.0,6806.812398283404,1646.1733904000002,5225.0035367741575,7977.721513852037,1646.1733904000002
2018-10-20,0.0,0.0,0.0,3657.5024757419096,6249.633898607985,0.0
2018-10-21,0.0,0.0,0.0,2560.2517330193373,4773.881032372526,0.0
2018-10-22,0.0,0.0,0.0,1792.176213113536,3581.19910466893,0.0
2018-10-23,0.0,0.0,0.0,1254.5233491794752,2650.528802473148,0.0
2018-10-24,0.0,0.0,0.0,878.1663444256326,1941.5838192541419,0.0
2018-10-25,0.0,0.0,0.0,614.7164410979427,1410.836867991662,0.0
2018-10-26,0.0,1023.2146869820084,470.33525440000005,737.2659148631625,1329.5425885002624,470.33525440000005
2018-10-27,0.0,7401.494474574073,1175.838136,2736.5344827764357,2362.674600610732,1175.838136
2018-10-28,0.0,0.0,470.33525440000005,1915.5741379435049,2371.968517303841,470.33525440000005
2018-10-29,0.0,0.0,0.0,1340.9018965604535,1959.5418690064857,0.0
2018-10-30,0.0,0.0,0.0,938.6313275923173,1551.1776524408183,0.0
2018-10-31,0.0,0.0,0.0,657.041929314622,1193.5233631903398,0.0
2018-11-01,0.0,0.0,0.0,459.9293505202355,900.085758122298,0.0
2018-11-02,0.0,0.0,0.0,321.9505453641649,668.8316730190447,0.0
2018-11-03,0.0,19150.4886911397,2469.2600856,5970.511989096825,3777.2078336901573,2469.2600856
2018-11-04,0.0,56439.215975798514,6467.109748,21111.123185107328,13297.617873457026,6467.109748
2018-11-05,0.0,22002.414074826986,2704.4277128000003,21378.510452023227,17611.745990003506,2704.4277128000003
2018-11-06,0.0,18478.95891024274,2469.2600856,20508.644989489083,19758.209624037736,2469.2600856
2018-11-07,0.0,0.0,0.0,14356.051492642358,17597.346371479583,0.0
2018-11-08,0.0,277.255524324326,470.33525440000005,10132.412702146949,14799.50700550653,470.33525440000005
2018-11-09,0.0,0.0,235.16762720000003,7092.688891502865,11810.846810785064,235.16762720000003
2018-11-10,0.0,0.0,0.0,4964.882224052005,9072.460976091841,0.0
2018-11-11,0.0,0.0,0.0,3475.4175568364035,6833.643608389666,0.0
2018-11-12,0.0,0.0,0.0,2432.7922897854824,5073.303080947992,0.0
2018-11-13,0.0,0.0,0.0,1702.9546028498378,3725.16368970873,0.0
2018-11-14,0.0,0.0,0.0,1192.0682219948865,2711.925502623193,0.0
2018-11-15,0.0,0.0,235.16762720000003,834.4477553964205,2055.0014546124835,235.16762720000003
2018-11-16,0.0,7264.954043047254,1058.2543223999999,2763.59964169167,2761.7424584041582,1058.2543223999999
2018-11-17,0.0,2186.8786631408752,470.33525440000005,2590.5833481264317,2881.412916053068,470.33525440000005
2018-11-18,0.0,0.0,0.0,1813.4083436885023,2454.2110871072414,0.0
2018-11-19,0.0,0.0,0.0,1269.3858405819517,1980.2809884971257,0.0
2018-11-20,0.0,0.0,0.0,888.5700884073661,1543.5966284612218,0.0
2018-11-21,0.0,0.0,0.0,621.9990618851563,1174.9576018307955,0.0
2018-11-22,0.0,0.0,0.0,435.39934331960944,879.134298426321,0.0
2018-11-23,0.0,11038.858965801217,1293.4219496,3616.4372300640916,2491.4242509214296,1293.4219496
2018-11-24,0.0,0.0,0.0,2531.506061044864,2507.4569749708035,0.0
2018-11-25,0.0,0.0,0.0,1772.054242731405,2213.295882075044,0.0
2018-11-26,0.0,0.0,0.0,1240.4379699119836,1824.15271720982,0.0
2018-11-27,0.0,0.0,0.0,868.3065789383885,1441.8142619012474,0.0
2018-11-28,0.0,8485.21172036193,1058.2543223999999,3153.378121365451,2549.741534646929,1058.2543223999999
2018-11-29,0.0,0.0,0.0,2207.364684955816,2412.790794770484,0.0
2018-11-30,0.0,0.0,0.0,1545.155279469071,2065.7365886499188,0.0
2018-12-01,0.0,81266.38389682777,9053.9536472,25461.52386467668,15045.632957940623,9053.9536472
2018-12-02,0.0,23274.45601373834,2822.0115264,24805.40350939518,20078.345789082447,2822.0115264
2018-12-03,0.0,0.0,0.0,17363.782456576624,18992.520456080118,0.0
2018-12-04,0.0,0.0,0.0,12154.647719603638,16257.371361489524,0.0
2018-12-05,0.0,0.0,0.0,8508.253403722547,13157.724178382734,0.0
2018-12-06,0.0,0.0,0.0,5955.777382605782,10276.945460071955,0.0
2018-12-07,0.0,0.0,0.0,4169.044167824047,7833.78494317279,0.0
2018-12-08,0.0,0.0,0.0,2918.3309174768333,5867.603332894407,0.0
2018-12-09,0.7457626552297008,24.677971821800178,0.0,2050.2350337803236,4340.656013248774,0.0
2018-12-10,0.0,200.85105498052042,0.0,1495.4198401403828,3202.561544005417,0.0
2018-12-11,0.0,0.0,0.0,1046.793888098268,2340.2544816425575,0.0
2018-12-12,0.0,0.0,0.0,732.7557216687875,1697.2549776530498,0.0
2018-12-13,0.0,0.0,0.0,512.9290051681513,1223.5245886590903,0.0
2018-12-14,0.0,0.0,0.0,359.0503036177059,877.7348746425365,0.0
2018-12-15,0.0,0.0,0.0,251.33521253239417,627.1750097984796,0.0
2018-12-16,0.0,0.0,0.0,175.9346487726759,446.6788653881581,0.0
2018-12-17,0.0,0.0,0.0,123.15425414087314,317.26902088924413,0.0
2018-12-18,0.0,0.0,0.0,86.20797789861119,224.84460369299097,0.0
2018-12-19,0.0,339.13930670482074,0.0,162.08737654047405,199.7417128319842,0.0
2018-12-20,0.0,2236.821152043122,587.919068,784.5075091912685,668.815658575698,587.919068
2018-12-21,0.0,0.0,0.0,549.1552564338879,620.951497718974,0.0
2018-12-22,0.0,0.0,0.0,384.4086795037215,526.334370432873,0.0
2018-12-23,0.0,0.0,0.0,269.0860756526051,423.4350525207658,0.0
2018-12-24,0.0,0.0,0.0,188.36025295682353,329.40513269518885,0.0
2018-12-25,0.0,0.0,0.0,131.85217706977647,250.38395044502386,0.0
2018-12-26,0.0,19429.03606306198,2234.0924584,5921.007342867437,3412.2702907739895,2234.0924584
2018-12-27,0.0,87261.11960477823,9641.8727152,30323.041021440673,18033.327669120663,9641.8727152
2018-12-28,0.0,473.3732628176747,235.16762720000003,21368.140693853777,19461.31992989391,235.16762720000003
2018-12-29,0.0,0.0,117.58381360000001,14957.698485697645,17706.9048776554,117.58381360000001
2018-12-30,0.0,0.0,0.0,10470.388939988352,14812.298502588581,0.0
2018-12-31,0.0,0.0,0.0,7329.272257991847,11819.088004749887,0.0
2019-01-01,0.0,0.0,0.0,5130.490580594293,9143.64903508765,0.0
2019-01-02,0.0,0.0,0.0,3591.3434064160047,6922.726783618992,0.0
2019-01-03,0.0,0.0,0.0,2513.9403844912035,5159.2122239678765,0.0
2019-01-04,0.0,0.0,0.0,1759.7582691438424,3799.430642038263,0.0
2019-01-05,0.0,0.0,0.0,1231.83078840069,2772.3907005832334,0.0
2019-01-06,0.0,111.39979853032267,235.16762720000003,895.7014914395797,2115.782067805772,235.16762720000003
2019-01-07,0.0,674.3554027530056,117.58381360000001,829.2976648336074,1648.2218320569061,117.58381360000001
2019-01-08,0.0,0.0,117.58381360000001,580.5083653835252,1268.1699708275537,117.58381360000001
2019-01-09,0.0,0.0,0.0,406.3558557684677,923.4443248039194,0.0
2019-01-10,0.0,0.0,0.0,284.44909903792734,667.8462344975226,0.0
2019-01-11,0.0,0.0,0.0,199.11436932654917,480.3534884291332,0.0
2019-01-12,0.0,0.0,0.0,139.3800585285844,343.9641164689137,0.0
2019-01-13,0.0,0.0,0.0,97.56604097000908,245.4048862693518,0.0
2019-01-14,0.0,0.0,0.0,68.29622867900636,174.56142323321365,0.0
2019-01-15,0.0,0.0,0.0,47.80736007530445,123.85979797004994,0.0
2019-01-16,0.0,0.0,0.0,33.46515205271312,87.7019396031152,0.0
2019-01-17,0.0,3318.5369608668575,587.919068,1018.9866946969564,695.3834688406517,587.919068
2019-01-18,0.0,57604.55683900324,6467.109748,17994.657737988844,10201.937075699929,6467.109748
2019-01-19,0.0,1634.0214804643488,235.16762720000003,13086.466860731494,11449.816040592556,235.16762720000003
2019-01-20,0.0,0.0,0.0,9160.526802512046,10534.100345360352,0.0
2019-01-21,0.0,0.0,0.0,6412.368761758433,8885.407711919584,0.0
2019-01-22,0.0,10356.563526100254,1175.838136,7595.6271910609785,8839.830757976142,1175.838136
2019-01-23,0.0,0.0,0.0,5316.939033742685,7430.6740682827585,0.0
2019-01-24,0.0,0.0,0.0,3721.8573236198795,5947.147370417607,0.0
2019-01-25,0.0,0.0,0.0,2605.3001265339158,4610.408472864131,0.0
2019-01-26,0.0,4029.1377702375685,470.33525440000005,3032.451419645012,4167.359753336483,470.33525440000005
2019-01-27,0.0,30597.11478094477,3409.9305944000002,11301.850428034939,8385.128260975865,3409.9305944000002
2019-01-28,0.0,13594.136930304778,1528.5895768,11989.536378715891,10438.327338791876,1528.5895768
2019-01-29,0.0,0.0,0.0,8392.675465101123,9620.066589315575,0.0
2019-01-30,0.0,0.0,0.0,5874.8728255707865,8121.98908381766,0.0
2019-01-31,0.0,525.318562731117,117.58381360000001,4270.006546718886,6628.229594418151,117.58381360000001
2019-02-01,0.0,0.0,0.0,2989.0045827032195,5172.539589732179,0.0
2019-02-02,0.0,579.8591627529195,0.0,2266.2609567181294,4010.0281365265582,0.0
2019-02-03,0.0,1313.8446044214704,117.58381360000001,1980.5360510291318,3245.264827767588,117.58381360000001
2019-02-04,0.0,2991.832536806838,587.919068,2283.9249967624437,3095.89652256553,587.919068
2019-02-05,0.0,25108.00943340039,2939.59534,9131.150327753827,6685.836180640849,2939.59534
2019-02-06,0.0,13385.930875296548,1528.5895768,10407.584492016644,8785.971335911167,1528.5895768
2019-02-07,0.0,22331.228760379174,2586.8438992,13984.677772525401,11900.19147023686,2586.8438992
2019-02-08,0.0,0.0,0.0,9789.274440767782,11055.82465844923,0.0
2019-02-09,0.0,0.0,0.0,6852.492108537447,9374.491638484516,0.0
2019-02-10,0.0,14434.80998201865,1646.1733904000002,9127.187470581808,9934.039327483433,1646.1733904000002
2019-02-11,0.0,10258.616504285188,1175.838136,9466.616180692823,10217.40532316719,1175.838136
2019-02-12,0.0,32354.080740515845,3645.0982215999998,16332.855548639727,14121.624701996203,3645.0982215999998
2019-02-13,0.0,0.0,0.0,11432.998884047809,13046.174374816846,0.0
2019-02-14,0.0,0.0,0.0,8003.099218833466,11028.944312423495,0.0
2019-02-15,0.0,0.0,0.0,5602.169453183426,8858.234368727468,0.0
2019-02-16,0.0,0.0,0.0,3921.5186172283993,6883.5480681278395,0.0
2019-02-17,0.0,18358.568478373705,2116.5086447999997,8252.63357557199,8277.7857290255,2116.5086447999997
2019-02-18,0.8028506378490263,18.91208557724844,0.0,5782.517128573568,7279.678288844727,0.0
2019-02-19,0.0,0.0,0.0,4047.7619900014975,5986.911769307436,0.0
2019-02-20,0.0,46353.454624547296,5173.6877984,16739.469780365238,12357.410093090557,5173.6877984
2019-02-21,0.0,0.0,0.0,11717.628846255666,12101.497594356602,0.0
2019-02-22,0.0,0.0,0.0,8202.340192378966,10541.834633565546,0.0
2019-02-23,0.0,94586.60671047632,10464.9594104,34117.62014780817,24158.132603422597,10464.9594104
2019-02-24,0.0,22468.4798490513,2704.4277128000003,30622.878058181108,27825.801870446,2704.4277128000003
2019-02-25,0.0,0.0,0.0,21436.01464072678,25269.886978558312,0.0
2019-02-26,0.0,544.9036800672677,117.58381360000001,15168.681352528925,21276.43825358656,117.58381360000001
2019-02-27,0.0,741.5825793845544,117.58381360000001,10840.551720585614,17149.117165826177,117.58381360000001
2019-02-28,0.0,0.0,0.0,7588.38620440993,13324.82478125968,0.0
2019-03-01,0.0,16635.967985675852,1881.3410176000002,10302.660738789706,12868.495571311689,1881.3410176000002
2019-03-02,0.0,0.0,0.0,7211.862517152795,10605.842349648132,0.0
2019-03-03,0.0,0.0,0.0,5048.303762006956,8382.826914591662,0.0
2019-03-04,0.0,0.0,0.0,3533.81263340487,6443.221202116944,0.0
2019-03-05,0.0,0.0,0.0,2473.6688433834092,4855.40025862353,0.0
2019-03-06,0.0,0.0,0.0,1731.5681903683862,3605.8674313214724,0.0
2019-03-07,0.0,0.0,0.0,1212.0977332578702,2648.3595520960316,0.0
2019-03-08,0.0,0.0,0.0,848.4684132805093,1928.403096569823,0.0
2019-03-09,0.0,38251.85736649554,4350.601103200001,12069.485099245017,7725.076338919902,4350.601103200001
2019-03-10,0.0,0.0,117.58381360000001,8448.639569471512,8061.535156580546,117.58381360000001
2019-03-11,0.0,0.0,0.0,5914.047698630059,7202.540173400351,0.0
2019-03-12,0.0,70937.97215339323,7878.1155112000015,25421.225035059007,17641.260322543818,7878.1155112000015
2019-03-13,0.0,8940.260934787011,823.0866952000001,20476.935804977413,19104.765193597254,823.0866952000001
2019-03-14,0.0,18911.700470464504,2116.5086447999997,20007.36520462354,20312.408655927768,2116.5086447999997
2019-03-15,0.0,0.0,0.0,14005.15564323648,17789.50745085125,0.0
2019-03-16,0.0,0.0,0.0,9803.608950265536,14595.148050616965,0.0
2019-03-17,0.0,0.0,0.0,6862.526265185874,11502.09933644453,0.0
2019-03-18,0.0,0.0,0.0,4803.768385630112,8822.766956118763,0.0
2019-03-19,0.0,0.0,0.0,3362.6378699410784,6638.715321647687,0.0
2019-03-20,0.0,0.0,0.0,2353.846508958755,4924.767796572115,0.0
2019-03-21,0.0,0.0,0.0,1647.6925562711285,3613.93770045172,0.0
2019-03-22,0.0,0.0,0.0,1153.3847893897898,2629.7165360269482,0.0
2019-03-23,0.0,0.0,0.0,807.3693525728529,1900.7776626453099,0.0
2019-03-24,0.0,0.0,117.58381360000001,565.1585468009971,1413.5635417475848,117.58381360000001
2019-03-25,0.0,0.0,0.0,395.61098276069794,1006.38251815283,0.0
2019-03-26,0.0,0.0,0.0,276.9276879324886,714.6005860646935,0.0
2019-03-27,0.0,0.0,0.0,193.849381552742,506.30010425991287,0.0
2019-03-28,0.0,0.0,0.0,135.6945670869194,358.05788939071545,0.0
2019-03-29,0.0,0.0,0.0,94.98619696084357,252.8292124187667,0.0
2019-03-30,0.0,0.0,0.0,66.4903378725905,178.29366260029622,0.0
2019-03-31,0.0,0.0,0.0,46.54323651081335,125.59349216450308,0.0
2019-04-01,0.0,0.0,0.0,32.58026555756934,88.38820152172958,0.0
2019-04-02,0.0,0.0,1175.838136,22.806185890298543,532.4906496691573,1175.838136
2019-04-03,0.0,0.0,0.0,15.964330123208981,325.88012185077787,0.0
2019-04-04,0.0,3127.4977003492068,823.0866952000001,949.4243411910082,904.5324876668701,823.0866952000001
2019-04-05,0.0,0.0,0.0,664.5970388337058,808.5583081336044,0.0
2019-04-06,0.0,11746.6012076447,1411.0057632,3989.1982894770035,2645.216605950964,1411.0057632
2019-04-07,0.0,15630.955056897083,2469.2600856,7481.725319703027,5567.52412569179,2469.2600856
2019-04-08,0.0,0.0,0.0,5237.207723792119,5435.397564931922,0.0
2019-04-09,0.0,0.0,0.0,3666.045406654484,4727.6567016209465,0.0
2019-04-10,0.0,50333.91811987094,5996.774493600001,17666.40722061942,12301.866706660338,5996.774493600001
2019-04-11,0.0,58081.30802768259,6819.8611888000005,29790.877462738372,22025.415484611553,6819.8611888000005
2019-04-12,0.0,0.0,117.58381360000001,20853.614223916862,21603.728505773674,117.58381360000001
2019-04-13,0.0,0.0,117.58381360000001,14597.529956741802,18848.282611600924,117.58381360000001
2019-04-14,0.0,0.0,0.0,10218.270969719262,15396.27795484826,0.0
2019-04-15,0.0,0.0,0.0,7152.789678803483,12098.882644430349,0.0
2019-04-16,0.0,0.0,352.7514408,5006.952775162438,9403.211273043185,352.7514408
2019-04-17,0.0,117346.72554567776,13169.387123200002,38708.884606317035,26393.23545563273,13169.387123200002
2019-04-18,0.0,0.0,235.16762720000003,27096.219224421922,26768.496014028406,235.16762720000003
2019-04-19,0.0,0.0,0.0,18967.35345709535,23648.03899125518,0.0
2019-04-20,0.0,0.0,0.0,13277.147419966745,19499.682362739808,0.0
2019-04-21,0.0,0.0,0.0,9294.003193976721,15417.41069523457,0.0
2019-04-22,0.0,15349.20120872911,2234.0924584,11110.562598402437,14588.308439861716,2234.0924584
2019-04-23,0.0,0.0,0.0,7777.393818881706,11863.942591469713,0.0
2019-04-24,0.0,0.0,0.0,5444.175673217194,9296.035824168704,0.0
2019-04-25,0.0,20983.404278151233,4115.433475999999,10105.944254697406,11266.172586780185,4115.433475999999
2019-04-26,0.0,0.0,0.0,7074.160978288185,9589.367943383384,0.0
2019-04-27,0.0,26185.799314931875,3645.0982215999998,12807.65247928129,12334.721046382547,3645.0982215999998
2019-04-28,0.0,0.0,0.0,8965.356735496904,10986.975322028291,0.0
2019-04-29,0.0,0.0,352.7514408,6275.749714847832,9243.585655476107,352.7514408
2019-04-30,0.0,23844.93974705552,3174.7629672000003,11546.50672451014,11434.659269969721,3174.7629672000003
2019-05-01,0.0,6440.343051978603,1175.838136,10014.65762275068,11336.993865482104,1175.838136
2019-05-02,0.0,0.0,0.0,7010.260335925475,9606.300453659453,0.0
2019-05-03,0.0,0.0,0.0,4907.182235147832,7726.653166254805,0.0
2019-05-04,0.0,0.0,470.33525440000005,3435.027564603483,6198.137027354276,470.33525440000005
2019-05-05,0.0,0.0,0.0,2404.519295222438,4680.689934501541,0.0
2019-05-06,0.0,0.0,470.33525440000005,1683.1635066557067,3669.8134651232076,470.33525440000005
2019-05-07,0.0,0.0,0.0,1178.2144546589948,2673.1738609375225,0.0
2019-05-08,0.0,123817.61747992568,14227.6414456,37970.035362238996,22482.97503969811,14227.6414456
2019-05-09,0.0,0.0,352.7514408,26579.0247535673,24262.49550156579,352.7514408
2019-05-10,0.0,0.0,0.0,18605.317327497112,21999.624231938316,0.0
2019-05-11,0.0,0.0,0.0,13023.722129247979,18409.263390862183,0.0
2019-05-12,0.0,0.0,0.0,9116.605490473585,14692.200230706743,0.0
2019-05-13,0.0,0.0,0.0,6381.623843331508,11367.969675756649,0.0
2019-05-14,0.0,0.0,0.0,4467.136690332056,8607.636481586811,0.0
2019-05-15,0.0,0.0,235.16762720000003,3126.995683232439,6509.447213125062,235.16762720000003
2019-05-16,0.0,0.0,117.58381360000001,2188.8969782627073,4828.26064462012,117.58381360000001
2019-05-17,0.0,109887.61208748177,13169.387123200002,34498.511511028424,21964.115840463448,13169.387123200002
2019-05-18,0.0,53676.68197243184,7055.028816,40251.96264944945,32101.266090457848,7055.028816
2019-05-19,0.0,191312.34168697183,22340.924584,85570.07636070615,62425.160032157175,22340.924584
2019-05-20,0.0,0.0,0.0,59899.05345249431,61414.71740029203,0.0
2019-05-21,0.0,39858.819431715914,5644.0230528,53886.983246260796,60661.23295979954,5644.0230528
2019-05-22,0.0,0.0,117.58381360000001,37720.88827238256,51532.128610272746,117.58381360000001
2019-05-23,0.0,0.0,0.0,26404.621790667796,41481.125882430766,0.0
2019-05-24,0.0,42757.495392958706,5408.855425600001,31310.483871355067,39576.41124824049,5408.855425600001
2019-05-25,0.0,0.0,0.0,21917.338709948548,32512.782232923713,0.0
2019-05-26,0.0,0.0,0.0,15342.137096963983,25644.524178539825,0.0
2019-05-27,0.0,350896.8355785708,39155.40992880001,116008.54664144602,77452.29713522231,39155.40992880001
2019-05-28,0.0,0.0,117.58381360000001,81205.98264901222,79000.80486617827,117.58381360000001
2019-05-29,0.0,0.0,705.5028816,56844.18785430855,70420.35921407037,705.5028816
2019-05-30,0.0,0.0,0.0,39790.93149801598,58168.588127648625,0.0
2019-05-31,0.0,0.0,0.0,27853.652048611188,46042.61369603365,0.0
2019-06-01,0.0,0.0,0.0,19497.556434027832,35424.59079123132,0.0
2019-06-02,0.0,0.0,0.0,13648.289503819482,26714.070276266582,0.0
2019-06-03,0.0,0.0,0.0,9553.802652673638,19849.963226829404,0.0
2019-06-04,0.0,55133.95644893734,7172.6126296,23227.848791552744,24070.16250455874,7172.6126296
2019-06-05,0.0,0.0,0.0,16259.494154086922,20945.895164370013,0.0
2019-06-06,0.0,0.0,0.0,11381.645907860844,17120.195461766343,0.0
2019-06-07,0.0,0.0,0.0,7967.152135502591,13458.978131260843,0.0
2019-06-08,0.0,0.0,0.0,5577.006494851813,10306.189476697231,0.0
2019-06-09,0.0,0.0,117.58381360000001,3903.90454639627,7792.309030016847,117.58381360000001
2019-06-10,0.0,0.0,0.0,2732.7331824773887,5768.478691001063,0.0
2019-06-11,0.0,20368.692717701542,2822.0115264,8023.521043044635,7799.300242378493,2822.0115264
2019-06-12,0.0,15514.251742939305,3645.0982215999998,10270.740253013035,10245.91553527231,3645.0982215999998
2019-06-13,0.0,0.0,0.0,7189.518177109124,9023.356592007034,0.0
2019-06-14,0.0,0.0,117.58381360000001,5032.6627239763875,7474.112570234775,117.58381360000001
2019-06-15,0.0,126615.3133478481,14345.2252592,41507.4579111379,26825.540810276023,14345.2252592
2019-06-16,0.0,0.0,0.0,29055.22053779653,27717.412701284222,0.0
2019-06-17,0.0,0.0,117.58381360000001,20338.65437645757,24812.942896793564,117.58381360000001
2019-06-18,0.0,0.0,0.0,14237.058063520299,20582.588963484257,0.0
2019-06-19,0.0,0.0,0.0,9965.94064446421,16335.929635876237,0.0
2019-06-20,0.0,2181.5982002456885,823.0866952000001,7630.6379111986535,13183.047624085204,823.0866952000001
2019-06-21,0.0,0.0,117.58381360000001,5341.446537839057,10093.440715026745,117.58381360000001
2019-06-22,0.0,0.0,117.58381360000001,3739.0125764873405,7598.702985050983,117.58381360000001
2019-06-23,0.0,23486.162316256115,3409.9305944000002,9663.157498417973,9788.45702815778,3409.9305944000002
2019-06-24,0.0,23022.512116783226,4115.433475999999,13670.963883927549,12987.633160865687,4115.433475999999
2019-06-25,0.0,0.0,0.0,9569.674718749282,11620.449784019125,0.0
2019-06-26,0.0,0.0,0.0,6698.772303124499,9651.778791661272,0.0
2019-06-27,0.0,68639.26175423985,8583.618392800001,25280.919138459107,19336.882287500408,8583.618392800001
2019-06-28,0.0,505736.7421847147,57616.068664,169417.6660523358,102415.62325903456,57616.068664
2019-06-29,0.0,0.0,0.0,118592.36623663508,108886.32045007477,0.0
2019-06-30,0.0,18919.239317126157,3645.0982215999998,88690.4281607824,102266.00282299782,3645.0982215999998
2019-07-01,0.0,81471.89819362324,10112.2079696,86524.86917063466,100014.43254989256,10112.2079696
2019-07-02,0.0,0.0,0.0,60567.408419444255,84235.62289771324,0.0
2019-07-03,0.0,81041.80084958558,10935.2946648,66709.72614848666,81599.38206394261,10935.2946648
2019-07-04,0.0,0.0,0.0,46696.80830394066,67638.35255994182,0.0
2019-07-05,0.0,88045.7035054209,11875.965173600001,59101.476864384735,68973.98835115899,11875.965173600001
2019-07-06,0.0,0.0,0.0,41371.03380506932,57932.80653272312,0.0
2019-07-07,0.0,0.0,0.0,28959.723663548528,46343.573385053285,0.0
2019-07-08,0.0,0.0,0.0,20271.80656448397,35914.86665682555,0.0
2019-07-09,0.0,3598.401494311732,1646.1733904000002,15269.785043432297,28315.30336762825,1646.1733904000002
2019-07-10,0.0,0.0,705.5028816,10688.84953040261,21546.922985377998,705.5028816
2019-07-11,0.0,0.0,0.0,7482.194671281826,15921.031659739527,0.0
2019-07-12,0.0,0.0,0.0,5237.536269897279,11647.633503802628,0.0
2019-07-13,0.0,0.0,0.0,3666.2753889280957,8455.090257852815,0.0
2019-07-14,0.0,0.0,0.0,2566.392772249667,6099.611263611555,0.0
2019-07-15,0.0,132440.31247145624,17049.652971999996,41528.56868201164,27091.055419771583,17049.652971999996
2019-07-16,0.0,2382.233805509629,1998.9248312,29784.668219061034,28968.070471967363,1998.9248312
2019-07-17,0.0,0.0,0.0,20849.267753342727,25720.549384517508,0.0
2019-07-18,0.0,142031.9511065239,17637.57204,57204.07275929708,45368.98755042934,17637.57204
2019-07-19,0.0,6603.63892807869,3174.7629672000003,42023.94260993156,45300.87476111023,3174.7629672000003
2019-07-20,0.0,82354.89107070635,10347.3755968,54123.227148164,52968.76595465173,10347.3755968
2019-07-21,0.0,0.0,0.0,37886.2590037148,46935.76317427696,0.0
2019-07-22,0.0,0.0,0.0,26520.381302600355,38769.61042560631,0.0
2019-07-23,0.0,0.0,0.0,18564.26691182025,30687.473020091886,0.0
2019-07-24,0.0,0.0,0.0,12994.986838274173,23610.4785473648,0.0
2019-07-25,0.0,0.0,0.0,9096.490786791921,17804.883443135648,0.0
2019-07-26,0.0,0.0,0.0,6367.543550754345,13229.947486183124,0.0
2019-07-27,0.0,0.0,0.0,4457.280485528042,9720.88068592109,0.0
2019-07-28,0.0,2089.4875807708736,1293.4219496,3746.9426141008917,7848.674237033012,1293.4219496
2019-07-29,0.0,0.0,0.0,2622.8598298706243,5758.348474168057,0.0
2019-07-30,0.0,0.0,0.0,1836.0018809094372,4189.409836864608,0.0
2019-07-31,0.0,0.0,0.0,1285.201316636606,3027.7264287734074,0.0
2019-08-01,0.0,0.0,0.0,899.6409216456242,2176.4922259222944,0.0
2019-08-02,0.0,0.0,0.0,629.748645151937,1557.7947936141513,0.0
2019-08-03,0.0,0.0,0.0,440.8240516063559,1111.0064968110332,0.0
2019-08-04,0.0,0.0,0.0,308.57683612444913,790.0346325363995,0.0
2019-08-05,0.0,42011.54035244223,6467.109748,12819.465891019783,8188.651035129754,6467.109748
2019-08-06,0.0,0.0,0.0,8973.626123713848,8502.641070563392,0.0
2019-08-07,0.0,0.0,0.0,6281.538286599695,7614.199956977914,0.0
2019-08-08,0.0,0.0,0.0,4397.076800619787,6327.350694434663,0.0
2019-08-09,0.0,0.0,0.0,3077.9537604338507,5027.5919208343375,0.0
2019-08-10,0.0,0.0,940.6705088000001,2154.5676323036955,4254.6504089420805,940.6705088000001
2019-08-11,0.0,0.0,0.0,1508.197342612587,3156.0691824102832,0.0
2019-08-12,0.0,14461.650617510339,2586.8438992,5394.233325081911,5086.072399158935,2586.8438992
2019-08-13,0.0,0.0,235.16762720000003,3775.9633275573383,4656.095821398296,235.16762720000003
2019-08-14,0.0,0.0,0.0,2643.174329290137,3850.927224555033,0.0
2019-08-15,0.0,0.0,0.0,1850.222030503096,3050.645146934258,0.0
2019-08-16,0.0,0.0,117.58381360000001,1295.1554213521672,2395.4827821414215,117.58381360000001
2019-08-17,0.0,0.0,0.0,906.608794946517,1799.9331872634598,0.0
2019-08-18,0.0,379.0133282870687,2704.4277128000003,748.3301549486824,2461.0630594575487,2704.4277128000003
2019-08-19,0.0,0.0,0.0,523.8311084640778,1686.1702790601603,0.0
2019-08-20,0.0,0.0,235.16762720000003,366.6817759248545,1252.441928686038,235.16762720000003
2019-08-21,0.0,0.0,0.0,256.67724314739814,854.136054470582,0.0
2019-08-22,0.0,0.0,0.0,179.6740702031787,584.3512607636206,0.0
2019-08-23,0.0,0.0,0.0,125.77184914222508,400.91949611506243,0.0
2019-08-24,0.0,0.0,0.0,88.04029439955755,275.7678154288605,0.0
2019-08-25,0.0,0.0,0.0,61.62820607969029,190.1119716891924,0.0
2019-08-26,0.0,35861.52550862475,4585.7687304,10801.59739684321,6269.013633910799,4585.7687304
2019-08-27,0.0,0.0,0.0,7561.118177790247,6785.8554514625785,0.0
2019-08-28,0.0,0.0,0.0,5292.782724453174,6188.626360658816,0.0
2019-08-29,0.0,0.0,0.0,3704.9479071172213,5195.154979242178,0.0
2019-08-30,0.0,0.0,0.0,2593.463534982055,4154.478401538129,0.0
2019-08-31,0.0,0.0,235.16762720000003,1815.4244744874388,3312.923881597853,235.16762720000003
2019-09-01,0.0,0.0,0.0,1270.7971321412074,2496.0731818151944,0.0
2019-09-02,0.0,165725.2672010825,19871.6644984,50607.13815282359,29689.164969578556,19871.6644984
2019-09-03,0.0,0.0,1411.0057632,35424.99670697651,32547.899969817736,1411.0057632
2019-09-04,0.0,0.0,0.0,24797.49769488356,29447.73905984407,0.0
2019-09-05,0.0,0.0,0.0,17358.24838641849,24611.942790473837,0.0
2019-09-06,0.0,0.0,0.0,12150.773870492945,19627.47522248148,0.0
2019-09-07,0.0,0.0,0.0,8505.541709345061,15178.70181722691,0.0
2019-09-08,0.0,22773.09784048648,3409.9305944000002,12785.808548687488,15585.516747571142,3409.9305944000002
2019-09-09,0.0,31660.1649847325,3880.2658488,18448.11547950099,18282.66257986308,3880.2658488
2019-09-10,0.0,0.0,0.0,12913.680835650694,16135.069882178124,0.0
2019-09-11,0.0,115969.23511237,13404.554750399999,43830.34711866648,32575.00267693347,13404.554750399999
2019-09-12,0.0,284525.78233362484,31747.629672,116038.97768315398,78659.64454822168,31747.629672
2019-09-13,0.0,0.0,0.0,81227.28437820778,79686.70048021612,0.0
2019-09-14,0.0,0.0,705.5028816,56859.099064745446,70837.86106666784,705.5028816
2019-09-15,0.0,0.0,0.0,39801.369345321815,58423.26437812944,0.0
2019-09-16,0.0,0.0,0.0,27860.95854172527,46198.34204356777,0.0
2019-09-17,0.0,0.0,0.0,19502.67097920769,35520.073617823735,0.0
2019-09-18,0.0,5280.350529594376,1646.1733904000002,15235.974844323697,28064.903464583724,1646.1733904000002
2019-09-19,0.0,51058.13848381284,6584.693561600001,25982.62393617044,29865.869077858413,6584.693561600001
2019-09-20,0.0,0.0,0.0,18187.836755319306,25194.65614884277,0.0
2019-09-21,0.0,0.0,352.7514408,12731.485728723515,20350.488557115066,352.7514408
2019-09-22,0.0,6179.246627481259,1175.838136,10765.813998350837,16986.953988009376,1175.838136
2019-09-23,0.0,0.0,0.0,7536.069798845586,13206.600312343857,0.0
2019-09-24,0.0,76597.0663603222,9053.9536472,28254.36876728857,22847.289153201746,9053.9536472
2019-09-25,0.0,0.0,0.0,19778.058137101998,21619.596746761847,0.0
2019-09-26,0.0,0.0,470.33525440000005,13844.640695971402,18697.74842820567,470.33525440000005
2019-09-27,0.0,0.0,352.7514408,9691.24848717998,15236.249028115395,352.7514408
2019-09-28,0.0,0.0,587.919068,6783.873941025987,12090.46662047963,587.919068
2019-09-29,0.0,18304.410962675396,2469.2600856,10240.03504752081,12337.998025536102,2469.2600856
2019-09-30,0.0,6796.513915483657,1058.2543223999999,9206.978707909664,11508.892027445529,1058.2543223999999
2019-10-01,0.0,151973.70105751196,17402.404412800002,52036.99541279035,34681.095146703454,17402.404412800002
2019-10-02,0.0,45956.68644108164,5644.0230528,50212.90272127774,43151.42739765317,5644.0230528
2019-10-03,0.0,0.0,352.7514408,35149.03190489442,40091.56977686967,352.7514408
2019-10-04,0.0,0.0,0.0,24604.322333426095,33896.67079949224,0.0
2019-10-05,0.0,143460.52036566188,16226.566276799998,60261.18174309683,50933.101687654074,16226.566276799998
2019-10-06,0.0,0.0,0.0,42182.82722016778,47432.99190065956,0.0
2019-10-07,0.0,0.0,0.0,29527.979054117444,40270.98676204271,0.0
2019-10-08,0.0,0.0,0.0,20669.585337882214,32430.42619237851,0.0
2019-10-09,0.0,0.0,470.33525440000005,14468.709736517549,25433.873711794127,470.33525440000005
2019-10-10,0.0,50549.819388097545,5996.774493600001,25293.042631991546,27776.251077313093,5996.774493600001
2019-10-11,0.0,0.0,470.33525440000005,17705.129842394086,23935.93668510549,470.33525440000005
2019-10-12,0.0,2145.0087007827906,940.6705088000001,13037.093499910698,19952.667614547572,940.6705088000001
2019-10-13,0.0,0.0,0.0,9125.965449937488,15621.986748703537,0.0
2019-10-14,0.0,0.0,0.0,6388.175814956242,11928.46237520462,0.0
2019-10-15,0.0,0.0,0.0,4471.723070469369,8945.76665331052,0.0
2019-10-16,0.0,0.0,0.0,3130.2061493285587,6619.542451717734,0.0
2019-10-17,0.0,0.0,0.0,2191.1443045299916,4848.183192842636,0.0
2019-10-18,0.0,0.0,0.0,1533.801013170994,3522.4303209739796,0.0
2019-10-19,0.0,10129.160659458234,1528.5895768,4112.408907057165,4369.857586127254,1528.5895768
2019-10-20,0.0,0.0,0.0,2878.6862349400167,3773.3890456523595,0.0
2019-10-21,0.0,152544.7687608345,17167.236785600002,47778.51099270836,28242.332538714763,17167.236785600002
2019-10-22,0.0,974.023801827788,940.6705088000001,33737.16483544419,30816.533660926532,940.6705088000001
2019-10-23,0.0,0.0,0.0,23616.015384810937,27936.326350480296,0.0
2019-10-24,0.0,0.0,0.0,16531.210769367655,23374.28011803524,0.0
2019-10-25,0.0,0.0,0.0,11571.84753855736,18653.30708624409,0.0
2019-10-26,0.0,0.0,0.0,8100.293276990152,14432.101562542515,0.0
2019-10-27,0.0,0.0,0.0,5670.205293893106,10927.343055082752,0.0
2019-10-28,0.0,0.0,0.0,3969.1437057251746,8144.063315339721,0.0
2019-10-29,0.0,0.0,0.0,2778.400594007622,5997.798226806882,0.0
2019-10-30,0.0,0.0,0.0,1944.8804158053354,4376.6311024062625,0.0
2019-10-31,0.0,0.0,0.0,1361.416291063735,3170.545177869252,0.0
2019-11-01,0.0,0.0,0.0,952.9914037446143,2283.5236682193968,0.0
2019-11-02,0.0,0.0,0.0,667.0939826212301,1636.9517939801299,0.0
2019-11-03,0.0,12307.011527072418,1528.5895768,4159.069245956586,3257.2346054907125,1528.5895768
2019-11-04,0.0,974.6902146573909,352.7514408,3203.7555365668277,3376.943554241159,352.7514408
2019-11-05,0.0,2771.3474475502226,587.919068,3074.0331098618467,3490.947003689434,587.919068
2019-11-06,0.0,33515.145019615724,3880.2658488,12206.36668278801,8529.221214848865,3880.2658488
2019-11-07,0.0,0.0,0.0,8544.456677951606,8535.315400089961,0.0
2019-11-08,0.0,0.0,0.0,5981.119674566125,7513.637109880427,0.0
2019-11-09,0.0,0.0,0.0,4186.783772196287,6182.89577480677,0.0
2019-11-10,0.0,0.0,0.0,2930.7486405374016,4882.036921099023,0.0
2019-11-11,0.0,0.0,0.0,2051.524048376181,3749.8317720098858,0.0
2019-11-12,0.0,0.0,0.0,1436.0668338633268,2824.3257967512623,0.0
2019-11-13,0.0,1050.801430033441,352.7514408,1320.487212714361,2363.8909394565017,352.7514408
2019-11-14,0.0,0.0,0.0,924.3410489000527,1788.070983233922,0.0
2019-11-15,0.0,0.0,0.0,647.038734230037,1331.658083632368,0.0
2019-11-16,0.0,0.0,0.0,452.9271139610259,980.1656957638312,0.0
2019-11-17,0.0,8687.186746711017,1058.2543223999999,2923.205003786023,2180.683147932708,1058.2543223999999
2019-11-18,0.0,0.0,0.0,2046.2435026502162,2126.9072898197114,0.0
2019-11-19,0.0,25932.76250093622,2939.59534,9212.199202136017,6136.862190746233,2939.59534
2019-11-20,0.0,8897.353292080645,1058.2543223999999,9117.745429119404,7752.517215055501,1058.2543223999999
2019-11-21,0.0,67100.19712581242,7642.947884,26512.48093812731,18313.68185788423,7642.947884
2019-11-22,0.0,0.0,0.0,18558.736656689118,18411.703777406186,0.0
2019-11-23,0.0,0.0,0.0,12991.115659682386,16243.468530316663,0.0
2019-11-24,0.0,4691.323756239956,587.919068,10501.178088649658,14181.719980849863,587.919068
2019-11-25,0.0,0.0,0.0,7350.824662054761,11449.361853331822,0.0
2019-11-26,0.0,52538.47221826968,5996.774493600001,20907.118928919233,17631.174481006787,5996.774493600001
2019-11-27,0.0,21813.73680122498,2586.8438992,21179.104290610954,20085.083964528458,2586.8438992
2019-11-28,0.0,1773.4702200223783,235.16762720000003,15357.414069434384,18288.083057370826,235.16762720000003
2019-11-29,0.0,27696.86707473801,3057.1791536,19059.24997102547,19819.421484272683,3057.1791536
2019-11-30,0.0,19102.001098238477,2116.5086447999997,19072.07530918937,20367.086472159357,2116.5086447999997
2019-12-01,0.0,7106.252705544342,823.0866952000001,15482.328528095863,18742.41797261396,823.0866952000001
2019-12-02,0.0,0.0,0.0,10837.629969667107,15580.502771435218,0.0
2019-12-03,0.0,144.42007332068908,0.0,7629.667000763181,12400.168463166403,0.0
2019-12-04,0.21843223063082462,77.93834470628738,0.0,5364.148403946113,9585.760439478288,0.0
2019-12-05,0.0,0.0,0.0,3754.903882762279,7253.417816791884,0.0
2019-12-06,0.0,0.0,0.0,2628.4327179335955,5403.4237772485685,0.0
2019-12-07,0.0,0.0,0.0,1839.9029025535167,3978.015427370548,0.0
2019-12-08,0.0,0.0,0.0,1287.932031787462,2901.9820691373134,0.0
2019-12-09,0.0,10373.909496328937,1175.838136,4013.725271149904,3817.01460434235,1175.838136
2019-12-10,0.0,0.0,0.0,2809.6076898049328,3414.0518385273826,0.0
2019-12-11,0.0,0.0,0.0,1966.7253828634532,2835.121256261811,0.0
2019-12-12,0.0,13552.78031193255,1528.5895768,5442.541861584183,4489.52532911076,1528.5895768
2019-12-13,0.0,1051.597245120035,117.58381360000001,4125.258476644938,4390.852113564431,117.58381360000001
2019-12-14,0.0,0.0,0.0,2887.6809336514566,3789.583641599241,0.0
2019-12-15,0.0,0.0,0.0,2021.3766535560198,3082.300846381953,0.0
2019-12-16,0.0,0.0,0.0,1414.9636574892138,2415.365970824857,0.0
2019-12-17,0.0,0.0,0.0,990.4745602424497,1845.4094065918937,0.0
2019-12-18,0.0,0.0,0.0,693.3321921697149,1384.5785208230222,0.0
2019-12-19,0.0,0.0,0.0,485.33253451880046,1024.8801263013336,0.0
2019-12-20,0.0,0.0,0.0,339.7327741631603,750.8211854460642,0.0
2019-12-21,0.0,0.0,0.0,237.81294191421225,545.6178880333233,0.0
2019-12-22,0.0,229.50354126322,0.0,235.32012171891455,421.4987815075598,0.0
2019-12-23,0.0,119.91114074719091,0.0,200.69742742739746,333.17823987549485,0.0
2019-12-24,0.0,161.1633865038801,0.0,188.83721515034227,275.4418299854338,0.0
2019-12-25,0.0,3295.8631505999665,352.7514408,1120.9449957852296,754.7436726253522,352.7514408
2019-12-26,0.0,0.0,0.0,784.6614970496609,766.7108023950756,0.0
2019-12-27,0.0,0.0,0.0,549.2630479347625,679.7317006109504,0.0
2019-12-28,0.0,56761.12711909296,6231.9421208,17412.82226928222,9865.744776399459,6231.9421208
2019-12-29,0.0,19190.247732463016,2116.5086447999997,17946.049908236462,13944.47028705426,2116.5086447999997
2019-12-30,0.0,14914.612379624632,1646.1733904000002,17036.61864965291,15839.79898825372,1646.1733904000002
2019-12-31,0.18040404946651734,81.77919100388206,0.0,11950.166812058204,14283.946117775513,0.0
2020-01-01,0.0,0.0,0.0,8365.116768440743,11916.414378041605,0.0
2020-01-02,0.0,0.0,0.0,5855.58173790852,9492.08132198837,0.0
2020-01-03,0.0,879.7402643143464,117.58381360000001,4362.829295830268,7487.414036965129,117.58381360000001
2020-01-04,0.0,0.0,0.0,3053.9805070811876,5714.040625011552,0.0
2020-01-05,0.0,0.0,0.0,2137.7863549568315,4283.538916989664,0.0
2020-01-06,0.0,0.0,0.0,1496.450448469782,3168.7035295817113,0.0
2020-01-07,0.0,1750.0729464914825,235.16762720000003,1572.537197876292,2624.3040477795435,235.16762720000003
2020-01-08,0.0,0.0,0.0,1100.7760385134043,2014.8928440730874,0.0
2020-01-09,0.0,0.0,0.0,770.5432269593831,1517.1529972276057,0.0
2020-01-10,0.0,0.0,0.0,539.3802588715681,1126.0439018851905,0.0
2020-01-11,0.0,0.0,0.0,377.5661812100978,826.6528136151534,0.0
2020-01-12,0.0,9405.9199910782,1058.2543223999999,3086.0723241705286,2153.722346797303,1058.2543223999999
2020-01-13,0.0,15055.687056563125,1646.1733904000002,6676.956743888308,4621.485461793705,1646.1733904000002
2020-01-14,0.0,0.0,0.0,4673.869720721816,4642.43916536495,0.0
2020-01-15,0.0,3102.4590451487625,352.7514408,4202.446518049899,4607.542682758929,352.7514408
2020-01-16,0.0,0.0,0.0,2941.7125626349293,3941.2106347093295,0.0
2020-01-17,0.0,29781.053880220403,3292.3467808000005,10993.514957910571,8079.071076309827,3292.3467808000005
2020-01-18,0.0,5333.65024419461,587.919068,9295.555543795783,8800.832490504208,587.919068
2020-01-19,0.0,0.0,0.0,6506.888880657048,7883.255046565345,0.0
2020-01-20,0.0,1074.920105757735,117.58381360000001,4877.298248187253,6727.9058526541085,117.58381360000001
2020-01-21,0.0,0.0,0.0,3414.1087737310777,5402.387021084895,0.0
2020-01-22,0.0,25730.434014718507,2822.0115264,10109.006346027307,8413.83936162186,2822.0115264
2020-01-23,0.0,2176.8064034509557,235.16762720000003,7729.346363254401,8234.109213154878,235.16762720000003
2020-01-24,0.0,8553.81536788386,940.6705088000001,7976.687064643239,8507.408557270222,940.6705088000001
2020-01-25,0.0,0.0,0.0,5583.6809452502675,7337.917512462239,0.0
2020-01-26,0.0,0.0,0.0,3908.576661675187,5966.181172147419,0.0
2020-01-27,0.0,0.0,0.0,2736.003663172631,4674.110168557503,0.0
2020-01-28,0.0,0.0,0.0,1915.202564220842,3570.547126822839,0.0
2020-01-29,0.0,2091.0769135373607,235.16762720000003,1967.9648690157976,3023.581274580022,235.16762720000003
2020-01-30,0.0,0.0,0.0,1377.5754083110585,2365.1789280724365,0.0
2020-01-31,0.0,2030.9005770096041,235.16762720000003,1573.5729589206223,2142.603591291711,235.16762720000003
2020-02-01,0.0,0.0,0.0,1101.5010712444357,1726.162583272801,0.0
2020-02-02,0.0,0.0,0.0,771.050749871105,1344.1178499121224,0.0
2020-02-03,0.0,0.0,0.0,539.7355249097735,1022.3649199111829,0.0
2020-02-04,0.0,0.0,0.0,377.81486743684144,764.5448989214464,0.0
2020-02-05,0.0,0.0,0.0,264.470407205789,564.5151022351833,0.0
2020-02-06,0.0,0.0,0.0,185.1292850440523,412.76077535873094,0.0
2020-02-07,0.0,0.0,0.0,129.5904995308366,299.4926650275732,0.0
2020-02-08,0.0,0.0,0.0,90.71334967158563,215.98093888517815,0.0
2020-02-09,0.0,79058.22721189361,8701.202206400001,23780.96750833819,13122.456449226383,8701.202206400001
2020-02-10,0.0,0.0,0.0,16646.677255836737,14532.144771870526,0.0
2020-02-11,0.0,0.0,0.0,11652.674079085717,13380.356494756603,0.0
2020-02-12,0.0,5267.308074793151,587.919068,9737.064277797946,12158.20723517314,587.919068
2020-02-13,0.0,0.0,0.0,6815.944994458562,10021.302338887308,0.0
2020-02-14,0.0,0.0,0.0,4771.161496120993,7921.246001780782,0.0
2020-02-15,0.0,0.0,0.0,3339.8130472846956,6088.672819982347,0.0
2020-02-16,0.0,0.0,0.0,2337.8691330992874,4588.351345229123,0.0
2020-02-17,0.0,42682.0440499482,4703.352544,14441.12160815396,10410.800467999059,4703.352544
2020-02-18,0.0,0.0,0.0,10108.785125707773,10289.994331082546,0.0
2020-02-19,0.0,0.0,0.0,7076.149587995442,9004.456433847705,0.0
2020-02-20,0.0,0.0,0.0,4953.304711596809,7383.995744947346,0.0
2020-02-21,0.0,0.0,0.0,3467.3132981177664,5817.322766215514,0.0
2020-02-22,0.0,0.0,0.0,2427.1193086824364,4461.241383202282,0.0
2020-02-23,0.0,0.0,0.0,1698.9835160777056,3356.3382363524524,0.0
2020-02-24,0.0,0.0,0.0,1189.288461254394,2489.518326313229,0.0
2020-02-25,0.0,0.0,0.0,832.5019228780758,1826.7117649391673,0.0
2020-02-26,0.0,0.0,0.0,582.751346014653,1329.1275973693616,0.0
2020-02-27,0.0,0.0,0.0,407.9259422102572,960.6469353057197,0.0
2020-02-28,0.0,414.21036844786096,117.58381360000001,409.81127008153834,787.3461946560471,117.58381360000001
2020-02-29,0.0,0.0,0.0,286.8678890570768,587.1548724164589,0.0
2020-03-01,0.0,0.0,0.0,200.80752233995378,432.6159323858569,0.0
2020-03-02,0.0,0.0,0.0,140.56526563796766,315.7956656867012,0.0
2020-03-03,0.0,0.0,0.0,98.39568594657734,228.83567379065167,0.0
2020-03-04,0.0,0.0,0.0,68.87698016260414,164.85219633943268,0.0
2020-03-05,0.0,2885.1823008418596,352.7514408,913.7685763663808,605.519324670212,352.7514408
2020-03-06,0.0,0.0,0.0,639.6380034564665,619.1667961847138,0.0
2020-03-07,0.0,0.0,0.0,447.7466024195266,550.598718678639,0.0
2020-03-08,0.0,0.0,0.0,313.4226216936686,455.7282798846508,0.0
2020-03-09,0.0,0.0,0.0,219.39583518556802,361.1953020050177,0.0
2020-03-10,0.0,25227.63919281073,3057.1791536,7721.868842473116,4528.336379632257,3057.1791536
2020-03-11,0.0,508.0830658869696,117.58381360000001,5557.733109497273,4987.128597018264,117.58381360000001
2020-03-12,0.0,6498.010983134793,823.0866952000001,5839.816471588529,5657.43842492637,823.0866952000001
2020-03-13,0.0,0.0,0.0,4087.87153011197,5029.61166700061,0.0
2020-03-14,0.0,0.0,0.0,2861.510071078379,4162.371028631717,0.0
2020-03-15,0.0,0.0,0.0,2003.0570497548651,3298.6454370809765,0.0
2020-03-16,0.0,296.50509936565373,117.58381360000001,1491.0914646381018,2622.657373543827,117.58381360000001
2020-03-17,0.0,0.0,0.0,1043.7640252466713,1991.1000342249645,0.0
2020-03-18,0.0,0.0,0.0,730.6348176726699,1486.9139476040466,0.0
2020-03-19,0.0,72611.95303474725,7995.6993248,22295.03028279504,13008.440211600444,7995.6993248
2020-03-20,0.0,1007.8775735716334,705.5028816,15908.884470028017,14450.819067611474,705.5028816
2020-03-21,0.0,0.0,117.58381360000001,11136.219129019613,13172.01261761473,117.58381360000001
2020-03-22,0.0,0.0,117.58381360000001,7795.353390313729,11068.382452134329,117.58381360000001
2020-03-23,0.0,1770.4333011852875,352.7514408,5987.877363575197,9177.280993030676,352.7514408
2020-03-24,0.0,0.0,0.0,4191.514154502637,7182.974257619461,0.0
2020-03-25,0.0,48016.95553896439,5291.2716120000005,17339.146569841163,13361.951827308141,5291.2716120000005
2020-03-26,0.0,0.0,0.0,12137.402598888815,12872.13213594041,0.0
2020-03-27,0.0,22065.39901853046,2822.0115264,15115.80152478131,14898.40450203677,2822.0115264
2020-03-28,0.0,50051.959263879915,5526.4392392,25596.648846510892,21388.27793550642,5526.4392392
2020-03-29,0.0,18354.642551081455,2116.5086447999997,23424.04695788206,23049.189002376675,2116.5086447999997
2020-03-30,0.0,0.0,0.0,16396.832870517443,20388.246549632982,0.0
2020-03-31,0.0,0.0,0.0,11477.783009362209,16824.061133524672,0.0
2020-04-01,0.0,0.0,0.0,8034.4481065535465,13308.21592273622,0.0
2020-04-02,0.0,0.0,117.58381360000001,5624.113674587482,10281.608548916724,117.58381360000001
2020-04-03,0.0,26508.579460556128,2939.59534,11889.453410378075,12100.584629501265,2939.59534
2020-04-04,0.0,0.0,0.0,8322.617387264652,10589.39773260662,0.0
2020-04-05,0.0,0.0,0.0,5825.832171085257,8683.971507998074,0.0
2020-04-06,0.0,0.0,0.0,4078.0825197596796,6841.615912702717,0.0
2020-04-07,0.0,11626.995631462818,1763.757204,6342.756453270621,7347.575010529878,1763.757204
2020-04-08,0.0,0.0,352.7514408,4439.929517289435,6325.617389553701,352.7514408
2020-04-09,0.0,0.0,352.7514408,3107.9506621026053,5179.651274893263,352.7514408
2020-04-10,0.0,0.0,0.0,2175.5654634718235,3978.016950324687,0.0
2020-04-11,0.0,0.0,0.0,1522.895824430277,2995.968499966923,0.0
2020-04-12,0.0,83533.3296254046,9289.1212744,26126.025964722576,15963.639995629184,9289.1212744
2020-04-13,0.0,0.0,0.0,18288.218175305803,16893.47126749983,0.0
2020-04-14,0.0,0.0,0.0,12801.752722714062,15256.783849585523,0.0
2020-04-15,0.0,0.0,0.0,8961.226905899844,12738.561072111252,0.0
2020-04-16,0.0,0.0,0.0,6272.858834129891,10152.280176918706,0.0
2020-04-17,0.0,0.0,0.0,4391.001183890924,7847.768579707594,0.0
2020-04-18,0.0,0.0,0.0,3073.7008287236463,5938.141479314014,0.0
2020-04-19,0.0,0.0,0.0,2151.590580106553,4423.521119631029,0.0
2020-04-20,0.0,0.0,352.7514408,1506.113406074587,3397.658610528453,352.7514408
2020-04-21,0.0,0.0,0.0,1054.2793842522108,2460.306920017956,0.0
2020-04-22,0.0,0.0,0.0,737.9955689765476,1771.3823796013924,0.0
2020-04-23,0.0,0.0,0.0,516.5968982835834,1269.4681870742688,0.0
2020-04-24,0.0,4316.882463636617,940.6705088000001,1656.6825678894936,1800.6221429203588,940.6705088000001
2020-04-25,0.0,0.0,0.0,1159.6777975226455,1544.2444047612735,0.0
2020-04-26,0.0,0.0,0.0,811.7744582658519,1251.2564261631048,0.0
2020-04-27,0.0,1748.3405479439277,1175.838136,1092.7442851692747,1658.186824165573,1175.838136
2020-04-28,0.0,32597.277179005338,3645.0982215999998,10544.104153320093,6670.593044467381,3645.0982215999998
2020-04-29,0.0,0.0,470.33525440000005,7380.872907324065,7142.839091370054,470.33525440000005
2020-04-30,0.0,0.0,0.0,5166.611035126846,6352.347868872771,0.0
2020-05-01,0.0,0.0,0.0,3616.627724588792,5258.059811159179,0.0
2020-05-02,0.0,0.0,0.0,2531.6394072121543,4167.491649580369,0.0
2020-05-03,0.0,0.0,0.0,1772.1475850485078,3209.3540237676248,0.0
2020-05-04,0.0,0.0,0.0,1240.5033095339554,2421.813738074157,0.0
2020-05-05,0.0,0.0,0.0,868.3523166737689,1800.4291695140018,0.0
2020-05-06,0.0,0.0,0.0,607.8466216716382,1323.3961503770565,0.0
2020-05-07,0.0,0.0,0.0,425.4926351701468,964.2347442942927,0.0
2020-05-08,0.0,0.0,0.0,297.84484461910273,697.6787844242167,0.0
2020-05-09,0.0,24245.16942990331,2939.59534,7482.042220204366,4587.262294736276,2939.59534
2020-05-10,0.0,20909.220850816288,2822.0115264,11510.19580938794,8485.240311156942,2822.0115264
2020-05-11,0.0,0.0,0.0,8057.1370665715585,8313.999013322788,0.0
2020-05-12,0.0,0.0,0.0,5639.995946600091,7244.397786633708,0.0
2020-05-13,0.0,4669.969965513567,823.0866952000001,5348.988152274133,6815.468610969879,823.0866952000001
2020-05-14,0.0,0.0,587.919068,3744.2917065918937,5822.165476418685,587.919068
2020-05-15,0.0,0.0,0.0,2621.0041946143256,4541.700963696941,0.0
2020-05-16,0.0,24972.330254577897,3057.1791536,9326.402012603396,7678.453044699523,3057.1791536
2020-05-17,0.0,235553.85048098594,25868.438992,77194.63655311817,45832.302044866985,25868.438992
2020-05-18,0.0,0.0,470.33525440000005,54036.24558718271,49302.01356355327,470.33525440000005
2020-05-19,0.0,0.0,0.0,37825.3719110279,44711.35690254312,0.0
2020-05-20,0.0,0.0,0.0,26477.760337719534,37417.91827661369,0.0
2020-05-21,0.0,0.0,0.0,18534.432236403674,29864.523860529676,0.0
2020-05-22,0.0,0.0,0.0,12974.10256548257,23108.355342510837,0.0
2020-05-23,0.0,54015.16610203452,6467.109748,25286.421626448155,26566.425755285763,6467.109748
2020-05-24,0.0,0.0,352.7514408,17700.49513851371,23161.154084896945,352.7514408
2020-05-25,0.0,93667.83007513294,11523.213732799999,40490.69561949948,34702.25619185796,11523.213732799999
2020-05-26,0.0,5122.5233608382505,1528.5895768,29880.24394190111,33384.88712259522,1528.5895768
2020-05-27,0.0,5907.963017996947,940.6705088000001,22688.55966472986,29482.624342969073,940.6705088000001
2020-05-28,0.0,0.0,1411.0057632,15881.991765310902,24606.773617185805,1411.0057632
2020-05-29,0.0,0.0,0.0,11117.394235717633,19211.021864598537,0.0
2020-05-30,0.0,0.0,0.0,7782.175965002341,14639.483504760057,0.0
2020-05-31,0.0,0.0,0.0,5447.523175501639,10962.69937305669,0.0
2020-06-01,0.0,0.0,705.5028816,3813.2662228511476,8385.127265614472,705.5028816
2020-06-02,0.0,32923.83760293228,4820.9363576,12546.437636875487,11978.025957158878,4820.9363576
2020-06-03,0.0,0.0,0.0,8782.50634581284,10699.818112620464,0.0
2020-06-04,0.0,0.0,0.0,6147.754442068989,8878.992644399874,0.0
2020-06-05,0.0,0.0,823.0866952000001,4303.428109448292,7378.00150849924,823.0866952000001
2020-06-06,0.0,2844.218659932035,1293.4219496,3865.6652745934152,6490.4357947769095,1293.4219496
2020-06-07,0.0,0.0,0.0,2705.965692215391,4976.647753752302,0.0
2020-06-08,0.0,0.0,0.0,1894.1759845507736,3743.6590460716907,0.0
2020-06-09,0.0,189967.03281012218,21517.8378888,58316.0330322222,34179.743796051895,21517.8378888
2020-06-10,0.0,0.0,352.7514408,40821.223122555544,36977.436102973355,352.7514408
2020-06-11,0.0,0.0,0.0,28574.85618578888,33616.40413609957,0.0
2020-06-12,0.0,0.0,0.0,20002.399330052216,28170.80221368063,0.0
2020-06-13,0.0,0.0,235.16762720000003,14001.679531036554,22597.220191503002,235.16762720000003
2020-06-14,0.0,0.0,0.0,9801.175671725587,17478.802383592032,0.0
2020-06-15,0.0,0.0,0.0,6860.8229702079125,13231.610618238385,0.0
2020-06-16,0.0,0.0,0.0,4802.576079145539,9859.996802601247,0.0
2020-06-17,0.0,0.0,0.0,3361.803255401877,7260.719383721499,0.0
2020-06-18,0.0,16212.109639770342,2586.8438992,7216.895170712416,8277.927258197866,2586.8438992
2020-06-19,0.0,0.0,823.0866952000001,5051.826619498692,7316.721680798196,823.0866952000001
2020-06-20,0.0,36919.53763142069,5408.855425600001,14612.13992307529,12398.431147949035,5408.855425600001
2020-06-21,0.0,30842.880412648265,4938.5201712,19481.362069947183,17207.011585228294,4938.5201712
2020-06-22,0.0,0.0,0.0,13636.95344896303,15778.988330722188,0.0
2020-06-23,0.0,0.0,0.0,9545.86741427412,13285.73996414296,0.0
2020-06-24,0.0,0.0,1058.2543223999999,6682.107189991883,11067.58858344253,1058.2543223999999
2020-06-25,0.0,0.0,0.0,4677.475032994319,8511.543163263244,0.0
2020-06-26,0.0,11281.762182645689,2822.0115264,6658.76117788973,8899.23497967384,2822.0115264
2020-06-27,0.0,0.0,0.0,4661.132824522811,7203.994117613428,0.0
2020-06-28,0.0,0.0,235.16762720000003,3262.792977165968,5721.580712314444,235.16762720000003
2020-06-29,0.0,62600.040997545104,7055.028816,21063.96738327971,14680.54690710055,7055.028816
2020-06-30,0.0,0.0,0.0,14744.777168295794,14706.239011578647,0.0
2020-07-01,0.0,0.0,0.0,10321.344017807054,12952.28101407001,0.0
2020-07-02,0.0,0.0,0.0,7224.940812464939,10661.34493342798,0.0
2020-07-03,0.0,0.0,0.0,5057.458568725458,8419.790387546971,0.0
2020-07-04,0.0,0.0,0.0,3540.2209981078204,6467.962631771311,0.0
2020-07-05,0.0,0.0,0.0,2478.1546986754747,4872.039458532977,0.0
2020-07-06,0.0,0.0,0.0,1734.7082890728323,3617.106990748919,0.0
2020-07-07,0.0,0.0,235.16762720000003,1214.2958023509825,2750.0495662697444,235.16762720000003
2020-07-08,0.0,0.0,0.0,850.0070616456877,1990.0325644201214,0.0
2020-07-09,0.0,112139.54470294762,12581.4680552,34236.86835403626,19921.35410234658,12581.4680552
2020-07-10,0.0,0.0,0.0,23965.80784782539,21539.135600538102,0.0
2020-07-11,0.0,89759.80661622013,11758.38136,43704.0074783438,35108.43689566038,11758.38136
2020-07-12,0.0,0.0,0.0,30592.805234840664,33302.184231332496,0.0
2020-07-13,0.0,0.0,0.0,21414.963664388466,28547.296004554883,0.0
2020-07-14,0.0,57209.19622935747,6702.277375199999,32153.233433879166,32670.581926364594,6702.277375199999
2020-07-15,0.0,0.0,0.0,22507.263403715417,28605.254517304922,0.0
2020-07-16,0.0,0.0,0.0,15755.08438260079,23465.18646342327,0.0
2020-07-17,0.0,0.0,0.0,11028.559067820552,18490.53550518218,0.0
2020-07-18,0.0,37749.60084126843,5761.6068663999995,19044.871599854916,21016.912689611276,5761.6068663999995
2020-07-19,0.0,0.0,0.0,13331.410119898443,17942.711661726145,0.0
2020-07-20,0.0,0.0,0.0,9331.987083928909,14498.42183060725,0.0
2020-07-21,0.0,0.0,0.0,6532.390958750238,11312.009481864445,0.0
2020-07-22,0.0,0.0,0.0,4572.673671125166,8616.275157568734,0.0
2020-07-23,0.0,0.0,0.0,3200.8715697876164,6450.113722456286,0.0
2020-07-24,0.0,0.0,0.0,2240.6100988513317,4766.312273014304,0.0
2020-07-25,0.0,0.0,0.0,1568.4270691959323,3487.1581914869553,0.0
2020-07-26,0.0,48691.798587045436,6584.693561600001,15705.438524550782,11008.347749352488,6584.693561600001
2020-07-27,0.0,0.0,0.0,10993.806967185548,11002.531436485711,0.0
2020-07-28,0.0,0.0,1763.757204,7695.664877029884,10385.28769430338,1763.757204
2020-07-29,0.0,0.0,0.0,5386.965413920919,8385.958782150396,0.0
2020-07-30,0.0,0.0,0.0,3770.875789744643,6539.925585188095,0.0
2020-07-31,0.0,0.0,0.0,2639.61305282125,4979.800572241357,0.0
2020-08-01,0.0,0.0,0.0,1847.7291369748748,3726.9719981347635,0.0
2020-08-02,0.0,0.0,0.0,1293.4103958824126,2753.5473572338233,0.0
2020-08-03,0.0,0.0,0.0,905.3872771176888,2014.2833251873694,0.0
2020-08-04,0.0,0.0,0.0,633.7710939823821,1462.0784327053746,0.0
2020-08-05,0.0,0.0,0.0,443.6397657876675,1054.7029659382918,0.0
2020-08-06,0.0,0.0,0.0,310.5478360513672,757.0409139835219,0.0
2020-08-07,0.0,0.0,0.0,217.38348523595707,541.177942484496,0.0
2020-08-08,0.0,0.0,352.7514408,152.16843966516993,526.6747176767656,352.7514408
2020-08-09,0.0,0.0,352.7514408,106.51790776561896,499.71257003230687,352.7514408
2020-08-10,0.0,0.0,705.5028816,74.56253543593327,611.8537088337574,705.5028816
2020-08-11,0.0,0.0,0.0,52.193774805153296,387.98973522231586,0.0
2020-08-12,0.0,7108.065348440861,1058.2543223999999,2168.9552468958655,1523.6776688517357,1058.2543223999999
2020-08-13,0.0,0.0,0.0,1518.268672827106,1521.5140704418836,0.0
2020-08-14,0.0,86075.14137899011,10229.7917832,26885.330484676004,15758.957349415532,10229.7917832
2020-08-15,0.0,0.0,0.0,18819.731339273207,16983.266945358602,0.0
2020-08-16,0.0,0.0,0.0,13173.811937491244,15459.48494221166,0.0
2020-08-17,0.0,0.0,0.0,9221.668356243872,12964.358307824543,0.0
2020-08-18,0.0,0.0,0.0,6455.167849370711,10360.68212444301,0.0
2020-08-19,0.0,0.0,0.0,4518.617494559498,8023.8562724896055,0.0
2020-08-20,0.0,0.0,0.0,3163.0322461916485,6079.526661970423,0.0
2020-08-21,0.0,0.0,705.5028816,2214.122572334154,4815.566178755915,705.5028816
2020-08-22,0.0,21727.83275237144,3880.2658488,8068.235626345339,7668.740297311684,3880.2658488
2020-08-23,0.0,0.0,0.0,5647.764938441737,6860.350153763706,0.0
2020-08-24,0.0,0.0,0.0,3953.4354569092156,5697.58427502191,0.0
2020-08-25,0.0,0.0,0.0,2767.404819836451,4525.512492947727,0.0
2020-08-26,0.0,0.0,0.0,1937.183373885516,3490.1808453228423,0.0
2020-08-27,0.0,0.0,0.0,1356.0283617198613,2636.5198518816496,0.0
2020-08-28,0.0,73098.40862323456,8936.3698336,22878.742440174272,14307.9568206387,8936.3698336
2020-08-29,0.0,0.0,0.0,16015.119708121989,14990.821975632016,0.0
2020-08-30,0.0,0.0,0.0,11210.583795685394,13478.726703653367,0.0
2020-08-31,0.0,205169.4648746574,23634.346533599997,69398.24811937699,45300.27388338282,23634.346533599997
2020-09-01,0.0,0.0,0.0,48578.7736835639,46611.67380345525,0.0
2020-09-02,0.0,0.0,0.0,34005.14157849474,41569.06091347104,0.0
2020-09-03,0.0,0.0,0.0,23803.599104946312,34462.87619006115,0.0
2020-09-04,0.0,0.0,0.0,16662.51937346242,27342.733463421653,0.0
2020-09-05,0.0,8898.081811837874,2351.676272,14333.188104975055,23079.585828843014,2351.676272
2020-09-06,0.0,44573.36317795603,5526.4392392,23405.24062686935,25420.423443733547,5526.4392392
2020-09-07,0.0,0.0,0.0,16383.668438808543,21805.721441763544,0.0
2020-09-08,0.0,22597.568548500778,2586.8438992,18247.838471716215,21417.305813424613,2586.8438992
2020-09-09,0.0,37192.39397518285,4115.433475999999,23931.205122756208,24069.038927557252,4115.433475999999
2020-09-10,0.0,0.0,0.0,16751.843585929346,21142.160790906088,0.0
2020-09-11,0.0,8544.971225970123,1058.2543223999999,14289.78187794158,18824.51095468028,1058.2543223999999
2020-09-12,0.0,10556.558550619528,1293.4219496,13169.814879744965,17080.001304546156,1293.4219496
2020-09-13,0.0,0.0,0.0,9218.870415821475,13935.548949056283,0.0
2020-09-14,0.0,0.0,0.0,6453.209291075033,10942.613085863783,0.0
2020-09-15,0.0,0.0,0.0,4517.2465037525235,8372.466453019279,0.0
2020-09-16,0.0,0.0,0.0,3162.0725526267665,6288.308892862274,0.0
2020-09-17,0.0,0.0,0.0,2213.450786838737,4658.365650452858,0.0
2020-09-18,0.0,0.0,0.0,1549.4155507871155,3414.7856105865612,0.0
2020-09-19,0.0,0.0,0.0,1084.5908855509808,2482.707720572329,0.0
2020-09-20,0.0,0.0,0.0,759.2136198856866,1793.310080297672,0.0
2020-09-21,0.0,0.0,0.0,531.4495339199807,1288.5658617465954,0.0
2020-09-22,0.0,0.0,0.0,372.0146737439865,921.9453865455519,0.0
2020-09-23,0.0,0.0,0.0,260.4102716207905,657.3313405756473,0.0
2020-09-24,0.0,138571.0425646274,15521.0633952,41753.59995952277,23304.264146234495,15521.0633952
2020-09-25,0.0,0.0,0.0,29227.51997166594,25673.56647640707,0.0
2020-09-26,0.0,0.0,0.0,20459.263980166157,23587.84547791071,0.0
2020-09-27,0.0,178.0644402908617,117.58381360000001,14374.90411820357,19949.70245946785,117.58381360000001
2020-09-28,0.0,2527.2815120739797,352.7514408,10820.617336364694,16439.16898654659,352.7514408
2020-09-29,0.0,0.0,0.0,7574.432135455285,12893.274246110068,0.0
2020-09-30,0.0,264.98885649958345,117.58381360000001,5381.599151768574,9935.63773381347,117.58381360000001
2020-10-01,0.0,0.0,0.0,3767.1194062380023,7468.230402783283,0.0
2020-10-02,0.0,0.0,0.0,2636.983584366602,5535.73167541661,0.0
2020-10-03,0.0,0.0,0.0,1845.888509056621,4059.7944088726144,0.0
2020-10-04,0.0,0.0,0.0,1292.1219563396348,2952.725427859423,0.0
2020-10-05,0.0,0.0,0.0,904.4853694377443,2133.4294044907515,0.0
2020-10-06,0.0,0.0,0.0,633.1397586064211,1533.3135461370193,0.0
2020-10-07,0.0,0.0,0.0,443.19783102449475,1097.2672600920093,0.0
2020-10-08,0.0,0.0,0.0,310.2384817171463,782.4557487420642,0.0
2020-10-09,0.0,0.0,0.0,217.16693720200246,556.3402241260395,0.0
2020-10-10,0.0,0.0,0.0,152.0168560414017,394.6108768921843,0.0
2020-10-11,0.0,0.0,0.0,106.4117992289812,279.33124582690306,0.0
2020-10-12,0.0,53018.37849383426,5996.774493600001,15980.001807610564,8958.309267980369,5996.774493600001
2020-10-13,0.0,0.0,0.0,11186.001265327395,9849.386066919178,0.0
2020-10-14,0.0,0.0,0.0,7830.200885729177,9041.711994443178,0.0
2020-10-15,0.0,0.0,0.0,5481.140620010424,7617.483444670076,0.0
2020-10-16,0.0,0.0,0.0,3836.7984340072967,6105.209440404964,0.0
2020-10-17,0.0,5657.1829389112745,705.5028816,4382.91378547849,5698.492331074375,705.5028816
2020-10-18,0.0,0.0,0.0,3068.0396498349432,4646.311258578602,0.0
2020-10-19,0.0,0.0,0.0,2147.62775488446,3646.8378571009453,0.0
2020-10-20,0.0,39528.34286371186,4350.601103200001,13361.842287532681,9273.08007055364,4350.601103200001
2020-10-21,0.0,0.0,0.0,9353.289601272878,9305.163882841336,0.0
2020-10-22,0.0,32056.66924673288,3527.514408,16164.303494910879,13459.825490869152,3527.514408
2020-10-23,0.0,3107.1020601266096,352.7514408,12247.143064475598,13115.853096631728,352.7514408
2020-10-24,0.0,0.0,0.0,8573.000145132919,11298.711916032204,0.0
2020-10-25,0.0,13866.905444978152,1528.5895768,10161.171735086487,11455.131674373919,1528.5895768
2020-10-26,0.0,0.0,0.0,7112.820214560543,9718.207090448568,0.0
2020-10-27,0.0,0.0,0.0,4978.97415019238,7822.513914346093,0.0
2020-10-28,0.0,0.0,0.0,3485.281905134666,6087.621110661522,0.0
2020-10-29,0.8608485933446683,13.054292072188456,0.0,2443.6136212159226,4630.018114883282,0.0
2020-10-30,0.0,0.0,0.0,1710.5295348511459,3462.222682870428,0.0
2020-10-31,0.0,0.0,0.0,1197.370674395802,2556.281879480577,0.0
2020-11-01,0.0,0.0,0.0,838.1594720770614,1869.032916519171,0.0
2020-11-02,0.0,0.0,0.0,586.711630453943,1356.10440209308,0.0
2020-11-03,0.0,0.0,0.0,410.6981413177601,977.9418977829519,0.0
2020-11-04,0.0,0.0,0.0,287.48869892243204,701.760618238744,0.0
2020-11-05,0.0,0.0,0.0,201.24208924570243,501.55320664152737,0.0
2020-11-06,0.0,0.0,0.0,140.8694624719917,357.27970897371307,0.0
2020-11-07,0.0,0.0,0.0,98.6086237303942,253.8112748763855,0.0
2020-11-08,0.0,0.0,0.0,69.02603661127594,179.89717957034168,0.0
2020-11-09,0.0,106793.85837649298,11758.38136,32086.475738575784,17645.88114717252,11758.38136
2020-11-10,0.0,95125.33407350552,10464.9594104,50998.13323905471,35172.765748085396,10464.9594104
2020-11-11,0.0,0.0,0.0,35698.6932673383,35383.13675578656,0.0
2020-11-12,0.0,2116.7616456707515,235.16762720000003,25624.113780838034,31573.594616687147,235.16762720000003
2020-11-13,0.0,0.0,0.0,17936.87964658662,26118.90862864694,0.0
2020-11-14,0.0,12745.880457842264,1411.0057632,16379.579889963316,22787.57943845349,1411.0057632
2020-11-15,0.0,127.83999692957416,0.0,11504.057922053193,18274.17083189337,0.0
2020-11-16,0.9170388470714776,7.3790764457807665,0.0,8055.054268370968,14186.52420648441,0.0
2020-11-17,0.0,0.0,0.0,5638.537987859678,10767.329719034517,0.0
2020-11-18,0.7773162177584076,21.49106200640094,0.0,3953.4239101036947,8041.767395462186,0.0
2020-11-19,0.0,0.0,0.0,2767.3967370725863,5932.019132106347,0.0
2020-11-20,0.0,0.0,0.0,1937.1777159508108,4334.082565644132,0.0
2020-11-21,0.0,0.0,0.0,1356.0244011655675,3142.859299852706,0.0
2020-11-22,0.32099926669202716,67.57907406410568,0.0,969.4908030351289,2273.511901125675,0.0
2020-11-23,0.0,0.0,0.0,678.6435621245903,1635.564565525241,0.0
2020-11-24,0.0,52355.465417083586,5761.6068663999995,16181.690118612287,9758.65753332006,5761.6068663999995
2020-11-25,0.42710017733465494,0.004314143205400555,0.0,11327.184377271564,10386.068270900663,0.0
2020-11-26,0.27045253626394583,72.68429383734173,0.0,7950.834352241297,9411.974703436916,0.0
2020-11-27,0.40549312891970857,59.04519397910978,0.0,5583.297604762641,7880.503863967206,0.0
2020-11-28,0.0,0.0,0.0,3908.3083233338484,6291.625647713863,0.0
2020-11-29,0.0,0.0,0.0,2735.815826333694,4869.301719161795,0.0
2020-11-30,0.0,0.0,0.0,1915.071078433586,3687.6094628705114,0.0
2020-12-01,0.0,0.0,0.0,1340.5497549035103,2748.785579683711,0.0
2020-12-02,0.0,0.0,0.0,938.3848284324573,2024.6252791832094,0.0
2020-12-03,0.0,0.0,0.0,656.8693799027202,1477.5229194710137,0.0
2020-12-04,0.0,0.0,0.0,459.8085659319041,1070.4371780553697,0.0
2020-12-05,0.0,962.952939688297,117.58381360000001,610.751878058822,933.5965834967506,117.58381360000001
2020-12-06,0.0,0.0,0.0,427.52631464117536,731.1684759545204,0.0
2020-12-07,0.0,0.0,0.0,299.26842024882274,558.4084536722413,0.0
2020-12-08,0.0,0.0,0.0,209.48789417417592,418.8402298730152,0.0
2020-12-09,0.0,0.0,0.0,146.64152592192315,309.96074829257833,0.0
2020-12-10,0.0,0.0,0.0,102.64906814534619,227.03607623368543,0.0
2020-12-11,0.7947516506954173,19.73008327976271,0.0,77.77337268567116,167.33099481447974,0.0
2020-12-12,0.0,0.0,0.0,54.44136087996981,122.17514124067576,0.0
2020-12-13,0.9717418648988838,1.8540716452127244,0.0,38.66517410954268,88.77115438822253,0.0
2020-12-14,0.0,0.0,0.0,27.065621876679884,64.08894138360547,0.0
2020-12-15,0.5340622974968612,0.005394568661584457,0.0,18.947553684274393,46.03238630387304,0.0
2020-12-16,0.0,0.0,0.0,13.263287578992076,32.924746813920656,0.0
2020-12-17,0.0,0.0,0.0,9.284301305294452,23.468568610470175,0.0
2020-12-18,0.0,1011.230303387603,117.58381360000001,309.868101929987,185.06190737827694,117.58381360000001
2020-12-19,0.7503092545489487,24.218765290556036,0.0,224.1733009381577,200.70646480222922,0.0
2020-12-20,0.0,0.0,0.0,156.9213106567104,183.19240314402168,0.0
2020-12-21,0.8966545730750894,9.437888119415883,0.0,112.67628389552203,154.98595544462182,0.0
2020-12-22,0.0,0.0,0.0,78.87339872686543,124.54093275751927,0.0
2020-12-23,0.0,6407.114740965447,705.5028816,1977.3458013984398,1147.8640328538875,705.5028816
2020-12-24,0.0,0.0,0.0,1384.1420609789077,1242.3752441038957,0.0
2020-12-25,0.0,0.0,0.0,968.8994426852355,1132.9849235364316,0.0
2020-12-26,0.0,0.0,0.0,678.229609879665,951.0827980737249,0.0
2020-12-27,0.0,0.0,0.0,474.7607269157654,760.5539696105411,0.0
2020-12-28,0.0,0.0,0.0,332.3325088410358,589.265385302739,0.0
2020-12-29,0.0,12756.066433667807,1411.0057632,4059.452686289067,2541.7426109772705,1411.0057632
2020-12-30,0.0,0.0,0.0,2841.616880402347,2661.692318747301,0.0
2020-12-31,0.0,0.0,0.0,1989.1318162816428,2392.668117761038,0.0
