date,S_m,R_o_m,R_h_m,Q_l,Q_h,R_h
2017-01-01,0.0,0.0,0.0,0.0,0.0,0.0
2017-01-02,0.0,14890.953068515017,1646.1733904000002,2084.7334295921023,1492.3627279968412,1646.1733904000002
2017-01-03,0.0,0.0,0.0,1792.870749449208,1612.5659365777879,0.0
2017-01-04,0.0,0.0,0.0,1541.868844526319,1584.2870997572002,0.0
2017-01-05,0.0,0.0,0.0,1326.0072062926342,1480.9751423713737,0.0
2017-01-06,0.0,0.0,0.0,1140.3661974116653,1344.7315643874904,0.0
2017-01-07,0.0,0.0,0.0,980.7149297740322,1199.124910542107,0.0
2017-01-08,0.0,0.0,0.0,843.4148396056677,1056.8408821675312,0.0
2017-01-09,0.0,11628.504810757908,1175.838136,2353.327435566981,2045.7707579273113,1175.838136
2017-01-10,0.0,31868.452794181034,3292.3467808000005,6485.444985772949,5138.579161385566,3292.3467808000005
2017-01-11,0.0,267.34973329403033,117.58381360000001,5614.9116504259,5376.1456824417,117.58381360000001
2017-01-12,0.0,0.0,0.0,4828.824019366274,5157.217017211529,0.0
2017-01-13,0.0,0.0,0.0,4152.788656654996,4755.445672988916,0.0
2017-01-14,0.0,0.0,0.0,3571.398244723296,4281.8267016826685,0.0
2017-01-15,0.0,0.0,0.0,3071.4024904620346,3797.657017194415,0.0
2017-01-16,0.0,54681.65227310077,5526.4392392,10296.83746003146,8607.904890009235,5526.4392392
2017-01-17,0.0,3109.6943629077346,352.7514408,9290.637426434138,9022.098480899196,352.7514408
2017-01-18,0.0,557.3470476245002,0.0,8067.976773400788,8640.449797899832,0.0
2017-01-19,0.0,4069.8032510955654,352.7514408,7508.232480278057,8328.663447171122,352.7514408
2017-01-20,0.0,258.37589989319576,0.0,6493.252559024176,7594.499091912344,0.0
2017-01-21,0.0,28981.44832615204,2939.59534,9641.599966422076,9589.177577716237,2939.59534
2017-01-22,0.0,389.39811756820376,0.0,8346.291707582533,9092.023229662755,0.0
2017-01-23,0.0,0.0,0.0,7177.810868520979,8326.338285206044,0.0
2017-01-24,0.0,36245.13258220258,3880.2658488,11247.235908436403,11046.803674018187,3880.2658488
2017-01-25,0.0,50284.12522524193,5291.2716120000005,16712.40041278918,15429.551014326584,5291.2716120000005
2017-01-26,0.0,0.0,0.0,14372.664354998691,15006.796350595425,0.0
2017-01-27,0.0,0.0,0.0,12360.491345298875,13948.274348476807,0.0
2017-01-28,0.0,0.0,0.0,10630.022556957034,12620.973631868896,0.0
2017-01-29,0.0,0.0,0.0,9141.819398983049,11229.311938714556,0.0
2017-01-30,0.0,1829.5551646049312,352.7514408,8118.102406170112,10125.92870201678,352.7514408
2017-01-31,0.0,0.0,0.0,6981.568069306296,8868.184448932587,0.0
2017-02-01,0.0,0.0,117.58381360000001,6004.148539603415,7769.603610640917,117.58381360000001
2017-02-02,0.0,0.0,0.0,5163.567744058937,6727.189264008125,0.0
2017-02-03,0.0,0.0,0.0,4440.6682598906855,5812.580862361149,0.0
2017-02-04,0.0,0.0,0.0,3818.97470350599,5015.1383988190855,0.0
2017-02-05,0.0,0.0,0.0,3284.318245015151,4322.810337297512,0.0
2017-02-06,0.0,0.0,0.0,2824.51369071303,3723.4916786637186,0.0
2017-02-07,0.0,0.0,0.0,2429.0817740132056,3205.727716803514,0.0
2017-02-08,0.0,0.0,0.0,2089.010325651357,2759.040760342651,0.0
2017-02-09,0.0,0.0,0.0,1796.5488800601668,2374.0440082296573,0.0
2017-02-10,0.0,0.0,0.0,1545.0320368517434,2042.4392196784918,0.0
2017-02-11,0.0,0.0,0.0,1328.7275516924992,1756.9545524840946,0.0
2017-02-12,0.0,0.0,470.33525440000005,1142.7056944555493,1699.3891110326765,470.33525440000005
2017-02-13,0.0,0.0,0.0,982.7268972317725,1412.7242255123147,0.0
2017-02-14,0.0,0.0,0.0,845.1451316193243,1185.6925879551186,0.0
2017-02-15,0.0,0.0,0.0,726.8248131926189,1002.1454780501186,0.0
2017-02-16,0.0,0.0,0.0,625.0693393456523,851.3150225683321,0.0
2017-02-17,0.0,0.0,0.0,537.559631837261,725.8128662759036,0.0
2017-02-18,0.0,0.0,0.0,462.3012833800445,620.40823311756,0.0
2017-02-19,0.0,0.0,0.0,397.5791037068382,531.2765813532712,0.0
2017-02-20,0.0,95978.6089501057,9524.288901600003,13778.923282202679,9640.050822333036,9524.288901600003
2017-02-21,0.0,0.0,0.0,11849.874022694303,10523.980102477544,0.0
2017-02-22,0.0,0.0,0.0,10190.891659517101,10390.744725293367,0.0
2017-02-23,0.0,30496.84502370525,3880.2658488,13033.72513050344,13000.043226897396,3880.2658488
2017-02-24,0.0,45329.75090893916,5526.4392392,17555.16873948444,17032.669127612215,5526.4392392
2017-02-25,0.0,0.0,0.0,15097.44511595662,16258.579522949976,0.0
2017-02-26,0.0,0.0,0.0,12983.802799722693,14948.668833659063,0.0
2017-02-27,0.0,0.0,0.0,11166.070407761516,13435.629463300045,0.0
2017-02-28,0.0,0.0,0.0,9602.820550674904,11902.505898249989,0.0
2017-03-01,0.0,7801.646829861932,1411.0057632,9350.656229761087,11446.168336134428,1411.0057632
2017-03-02,0.0,0.0,0.0,8041.564357594535,10084.32674471847,0.0
2017-03-03,0.0,0.0,352.7514408,6915.7453475313,8957.994762163602,352.7514408
2017-03-04,0.0,0.0,0.0,5947.540998876917,7753.813256848928,0.0
2017-03-05,0.0,0.0,0.0,5114.885259034149,6698.242057723017,0.0
2017-03-06,0.0,106934.28904981313,10817.710851200001,19369.601789743207,16093.870291011095,10817.710851200001
2017-03-07,0.0,0.0,0.0,16657.857539179156,16319.46519027832,0.0
2017-03-08,0.0,0.0,0.0,14325.757483694075,15521.982107644622,0.0
2017-03-09,0.0,0.0,0.0,12320.151435976904,14241.249838977536,0.0
2017-03-10,0.0,0.0,0.0,10595.330234940137,12782.881997362574,0.0
2017-03-11,0.0,0.0,0.0,9111.984002048517,11314.522799236951,0.0
2017-03-12,0.0,37499.32479257828,3997.8496624,13086.211712722685,13622.338229591243,3997.8496624
2017-03-13,0.0,1406.118207646028,352.7514408,11450.998622011954,12894.902962879527,352.7514408
2017-03-14,0.0,0.0,0.0,9847.858814930278,11676.085303699829,0.0
2017-03-15,0.0,0.0,0.0,8469.15858084004,10393.314614555913,0.0
2017-03-16,0.0,0.0,0.0,7283.476379522433,9149.37932054252,0.0
2017-03-17,0.0,0.0,0.0,6263.789686389292,7995.143466881229,0.0
2017-03-18,0.0,0.0,0.0,5386.859130294792,6951.829732246653,0.0
2017-03-19,0.0,0.0,0.0,4632.698852053521,6024.1773801694,0.0
2017-03-20,0.0,0.0,0.0,3984.121012766028,5208.154833208051,0.0
2017-03-21,0.0,0.0,0.0,3426.3440709787837,4495.430528316344,0.0
2017-03-22,0.0,0.0,0.0,2946.655901041754,3875.9206774065083,0.0
2017-03-23,0.0,3026.2328935921255,823.0866952000001,2957.796679998806,3837.9057565234275,823.0866952000001
2017-03-24,0.0,81343.96692884629,8701.202206400001,13931.860514837455,11355.96854240904,8701.202206400001
2017-03-25,0.0,6136.7797028905925,1058.2543223999999,12840.549201164897,12373.102534871383,1058.2543223999999
2017-03-26,0.0,0.0,0.0,11042.872313001812,11841.010446123555,0.0
2017-03-27,0.0,0.0,0.0,9496.870189181558,10903.354343346757,0.0
2017-03-28,0.0,0.0,0.0,8167.30836269614,9808.935951086509,0.0
2017-03-29,0.0,49963.504401392514,5408.855425600001,14018.775808113633,13656.41406413736,5408.855425600001
2017-03-30,0.0,2797.3063121416235,823.0866952000001,12447.770078677553,13502.191148033437,823.0866952000001
2017-03-31,0.0,0.0,0.0,10705.082267662694,12383.34759588514,0.0
2017-04-01,0.0,0.0,0.0,9206.370750189917,11112.556857607051,0.0
2017-04-02,0.0,6499.637373270571,940.6705088000001,8827.428077421207,10574.773549052712,940.6705088000001
2017-04-03,0.0,32412.538321559066,3527.514408,12129.343511600508,12607.607297271832,3527.514408
2017-04-04,0.0,16806.834624422034,3292.3467808000005,12784.192267395523,13995.17999764131,3292.3467808000005
2017-04-05,0.0,0.0,0.0,10994.405349960149,12794.870138568846,0.0
2017-04-06,0.0,0.0,0.0,9455.188600965728,11458.9975235276,0.0
2017-04-07,0.0,0.0,0.0,8131.462196830526,10127.98339284877,0.0
2017-04-08,0.0,0.0,0.0,6993.057489274252,8874.013031418963,0.0
2017-04-09,0.0,58823.78138256897,6584.693561600001,14249.358834335513,13658.028777225583,6584.693561600001
2017-04-10,0.0,0.0,352.7514408,12254.448597528542,13237.697281666768,352.7514408
2017-04-11,0.0,0.0,0.0,10538.825793874545,12158.148686549877,0.0
2017-04-12,0.0,8084.5367292649535,1411.0057632,10195.225324829202,11937.381647141607,1411.0057632
2017-04-13,0.0,1678.28278536947,705.5028816,9002.85336930484,11045.7714886469,705.5028816
2017-04-14,0.0,38155.42356231351,4703.352544,13084.213196326053,13742.489189318563,4703.352544
2017-04-15,0.0,0.0,1411.0057632,11252.423348840406,13310.865158407301,1411.0057632
2017-04-16,0.0,0.0,0.0,9677.084080002749,11857.35272704548,0.0
2017-04-17,0.0,0.0,0.0,8322.292308802364,10443.328559748234,0.0
2017-04-18,0.0,0.0,940.6705088000001,7157.171385570032,9505.133893596952,940.6705088000001
2017-04-19,0.0,154657.50111614962,16226.566276799998,27807.217547851178,23316.593866018644,16226.566276799998
2017-04-20,0.0,1418.2861427062603,940.6705088000001,24112.76715113089,24011.331383583543,940.6705088000001
2017-04-21,0.0,0.0,0.0,20736.979749972565,22701.590730139156,0.0
2017-04-22,0.0,0.0,0.0,17833.802584976405,20754.475472074057,0.0
2017-04-23,0.0,0.0,0.0,15337.070223079709,18587.513372476315,0.0
2017-04-24,0.0,0.0,0.0,13189.88039184855,16428.46018022521,0.0
2017-04-25,0.0,22708.146948325724,2822.0115264,14522.437709755355,16794.855802597267,2822.0115264
2017-04-26,0.0,0.0,117.58381360000001,12489.296430389606,15119.6655791542,117.58381360000001
2017-04-27,0.0,0.0,235.16762720000003,10740.794930135062,13462.184370426547,235.16762720000003
2017-04-28,0.0,0.0,0.0,9237.083639916153,11772.144078222389,0.0
2017-04-29,0.0,0.0,0.0,7943.891930327892,10240.84321906459,0.0
2017-04-30,0.0,81817.54367970423,9289.1212744,18286.20317524058,17174.635711294985,9289.1212744
2017-05-01,0.0,20137.052243636444,2704.4277128000003,18545.322044816,18804.68132982339,2704.4277128000003
2017-05-02,0.0,0.0,0.0,15948.97695854176,17662.39958131074,0.0
2017-05-03,0.0,0.0,0.0,13716.120184345911,16083.887822524808,0.0
2017-05-04,0.0,0.0,0.0,11795.863358537483,14368.678036929878,0.0
2017-05-05,0.0,0.0,0.0,10144.442488342236,12678.983817494822,0.0
2017-05-06,0.0,0.0,0.0,8724.220539974323,11097.078506486621,0.0
2017-05-07,0.0,0.0,0.0,7502.829664377918,9659.37896964314,0.0
2017-05-08,0.0,1096.7868810410334,940.6705088000001,6605.983674710755,8814.289055190186,940.6705088000001
2017-05-09,0.0,0.0,0.0,5681.145960251249,7561.031817214612,0.0
2017-05-10,0.0,0.0,117.58381360000001,4885.785525816074,6537.966826095197,117.58381360000001
2017-05-11,0.0,0.0,0.0,4201.775552201823,5603.490316537847,0.0
2017-05-12,0.0,0.0,0.0,3613.5269748935684,4807.504979880136,0.0
2017-05-13,0.0,0.0,0.0,3107.6331984084686,4127.556267291468,0.0
2017-05-14,0.0,0.0,0.0,2672.564550631283,3545.559580627394,0.0
2017-05-15,0.0,0.0,352.7514408,2298.4055135429035,3187.7985301135977,352.7514408
2017-05-16,0.0,0.0,1058.2543223999999,1976.628741646897,3126.632343686917,1058.2543223999999
2017-05-17,0.0,111605.61693418215,12228.7166144,17324.687088601833,13697.340887412884,12228.7166144
2017-05-18,0.0,0.0,587.919068,14899.230896197578,14413.264518126762,587.919068
2017-05-19,0.0,0.0,117.58381360000001,12813.338570729917,13820.327664608023,117.58381360000001
2017-05-20,0.0,90639.20082321009,9877.0403424,23708.959286077144,21726.596450155674,9877.0403424
2017-05-21,0.0,0.0,0.0,20389.704986026343,21191.83986450394,0.0
2017-05-22,0.0,0.0,1646.1733904000002,17535.146287982654,20387.631790055424,1646.1733904000002
2017-05-23,0.0,46883.36919906662,5879.19068,21643.89749553441,23241.814344247017,5879.19068
2017-05-24,0.0,0.0,0.0,18613.75184615959,21390.58934501205,0.0
2017-05-25,0.0,0.0,470.33525440000005,16007.82658769725,19425.618343846127,470.33525440000005
2017-05-26,0.0,0.0,0.0,13766.730865419635,17162.063352475532,0.0
2017-05-27,0.0,0.0,0.0,11839.388544260884,15032.993429189672,0.0
2017-05-28,0.0,0.0,0.0,10181.87414806436,13092.545716739545,0.0
2017-05-29,0.0,0.0,117.58381360000001,8756.41176733535,11405.125662417868,117.58381360000001
2017-05-30,0.0,0.0,0.0,7530.5141199084,9855.28104541408,0.0
2017-05-31,0.0,0.0,0.0,6476.242143121223,8503.665484496936,0.0
2017-06-01,0.0,0.0,0.0,5569.568243084253,7330.026587931863,0.0
2017-06-02,0.0,0.0,0.0,4789.828689052458,6313.947428380101,0.0
2017-06-03,0.0,0.0,705.5028816,4119.252672585113,5718.270678702106,705.5028816
2017-06-04,0.0,0.0,0.0,3542.5572984231976,4847.985326590543,0.0
2017-06-05,0.0,0.0,0.0,3046.5992766439495,4127.430906611905,0.0
2017-06-06,0.0,0.0,0.0,2620.0753779137967,3524.488695132662,0.0
2017-06-07,0.0,0.0,0.0,2253.2648250058655,3015.9991470819436,0.0
2017-06-08,0.0,0.0,0.0,1937.807749505044,2584.7225880511837,0.0
2017-06-09,0.0,0.0,0.0,1666.5146645743378,2217.4394186604454,0.0
2017-06-10,0.0,0.0,0.0,1433.2026115339306,1903.7446958098394,0.0
2017-06-11,0.0,0.0,117.58381360000001,1232.5542459191804,1682.302041293576,117.58381360000001
2017-06-12,0.0,155320.82342819645,16579.3177176,22804.911931438,16763.073084391344,16579.3177176
2017-06-13,0.0,0.0,0.0,19612.22426103668,17902.73355504948,0.0
2017-06-14,0.0,0.0,705.5028816,16866.512864491546,17770.446431466306,705.5028816
2017-06-15,0.0,0.0,0.0,14505.20106346273,16464.348284264877,0.0
2017-06-16,0.0,0.0,235.16762720000003,12474.472914577946,14962.465187270102,235.16762720000003
2017-06-17,0.0,26172.597946825303,3762.6820352000004,14392.210419092577,16239.436094079092,3762.6820352000004
2017-06-18,0.0,0.0,705.5028816,12377.300960419616,14976.783193255302,705.5028816
2017-06-19,0.0,0.0,0.0,10644.47882596087,13243.861446337527,0.0
2017-06-20,0.0,0.0,1058.2543223999999,9154.251790326349,12031.319312893056,1058.2543223999999
2017-06-21,0.0,0.0,0.0,7872.65653968066,10367.854203608098,0.0
2017-06-22,0.0,80723.84370441272,8936.3698336,18071.822742743152,17023.989552702118,8936.3698336
2017-06-23,0.0,0.0,0.0,15541.76755875911,16431.100755124917,0.0
2017-06-24,0.0,0.0,470.33525440000005,13365.920100532834,15393.162595048081,470.33525440000005
2017-06-25,0.0,0.0,0.0,11494.691286458237,13833.774071612146,0.0
2017-06-26,0.0,0.0,0.0,9885.434506354082,12254.43824550892,0.0
2017-06-27,0.0,0.0,0.0,8501.473675464511,10753.252417491156,0.0
2017-06-28,0.0,51790.98278891173,6937.4450024,14562.004951347122,15051.731431993543,6937.4450024
2017-06-29,0.0,10338.281930488738,2822.0115264,13970.68372842695,15748.116961126907,2822.0115264
2017-06-30,0.0,0.0,587.919068,12014.788006447176,14489.953006455013,587.919068
2017-07-01,0.0,0.0,0.0,10332.71768554457,12827.058878090837,0.0
2017-07-02,0.0,0.0,0.0,8886.137209568331,11250.690210681834,0.0
2017-07-03,0.0,0.0,0.0,7642.078000228764,9807.245326500606,0.0
2017-07-04,0.0,0.0,0.0,6572.187080196737,8513.222027979058,0.0
2017-07-05,0.0,0.0,0.0,5652.080888969193,7368.765572375112,0.0
2017-07-06,0.0,0.0,0.0,4860.789564513507,6365.575169230469,0.0
2017-07-07,0.0,0.0,0.0,4180.2790254816155,5491.456711730928,0.0
2017-07-08,0.0,0.0,0.0,3595.0399619141895,4732.890011804232,0.0
2017-07-09,0.0,8256.653674661273,2116.5086447999997,4247.665881698781,5385.403817682052,2116.5086447999997
2017-07-10,0.0,0.0,0.0,3652.992658260952,4692.439353913612,0.0
2017-07-11,0.0,0.0,0.0,3141.573686104419,4072.093086789934,0.0
2017-07-12,0.0,0.0,0.0,2701.7533700498,3523.9572000938806,0.0
2017-07-13,0.0,0.0,0.0,2323.5078982428286,3043.7774793534595,0.0
2017-07-14,0.0,0.0,0.0,1998.2167924888327,2625.5532046076087,0.0
2017-07-15,0.0,0.0,0.0,1718.466441540396,2262.7184993807236,0.0
2017-07-16,0.0,0.0,0.0,1477.8811397247405,1948.78355551833,0.0
2017-07-17,0.0,0.0,0.0,1270.9777801632767,1677.6612453763091,0.0
2017-07-18,0.0,12232.168421098957,2939.59534,2805.544469894272,3304.6526711834945,2939.59534
2017-07-19,0.0,126935.534555275,14462.809072799999,20183.743081847573,15841.412464569126,14462.809072799999
2017-07-20,0.0,0.0,117.58381360000001,17358.019050388913,16495.08862433704,117.58381360000001
2017-07-21,0.0,23596.99133410422,3997.8496624,18231.475170109057,18788.783107605846,3997.8496624
2017-07-22,0.0,0.0,0.0,15679.06864629379,17544.897323081022,0.0
2017-07-23,0.0,0.0,0.0,13483.99903581266,15920.538008173678,0.0
2017-07-24,0.0,0.0,0.0,11596.239170798888,14190.81847322376,0.0
2017-07-25,0.0,7777.005676411953,3057.1791536,11061.546481584717,14161.981338008145,3057.1791536
2017-07-26,0.0,0.0,940.6705088000001,9512.929974162855,12678.62899599003,940.6705088000001
2017-07-27,0.0,0.0,0.0,8181.119777780055,10879.62530870604,0.0
2017-07-28,0.0,0.0,0.0,7035.763008890847,9342.080388779961,0.0
2017-07-29,0.0,0.0,0.0,6050.756187646129,8025.550708326428,0.0
2017-07-30,0.0,0.0,0.0,5203.6503213756705,6896.790553546125,0.0
2017-07-31,0.0,0.0,0.0,4475.139276383077,5928.130042680907,0.0
2017-08-01,0.0,0.0,0.0,3848.619777689446,5096.325936684322,0.0
2017-08-02,0.0,0.0,0.0,3309.8130088129233,4381.720765535762,0.0
2017-08-03,0.0,219073.08725730647,23634.346533599997,33516.67140360202,25489.439634202266,23634.346533599997
2017-08-04,0.0,0.0,0.0,28824.337407097737,26823.398743360456,0.0
2017-08-05,0.0,0.0,0.0,24788.930170104053,26009.611314057896,0.0
2017-08-06,0.0,0.0,823.0866952000001,21318.479946289484,24462.39344503053,823.0866952000001
2017-08-07,0.0,0.0,0.0,18333.892753808956,22010.9931685419,0.0
2017-08-08,0.0,0.0,0.0,15767.147768275701,19513.455008435423,0.0
2017-08-09,0.0,19726.338418381158,2704.4277128000003,16321.434459290467,19318.41787389744,2704.4277128000003
2017-08-10,0.0,0.0,470.33525440000005,14036.4336349898,17393.758280094382,470.33525440000005
2017-08-11,0.0,0.0,0.0,12071.33292609123,15264.788138493122,0.0
2017-08-12,0.0,0.0,0.0,10381.346316438458,13311.411409671256,0.0
2017-08-13,0.0,0.0,0.0,8927.957832137074,11558.029978657583,0.0
2017-08-14,0.0,2578.3238862040057,1175.838136,8039.009079706443,10620.756873477127,1175.838136
2017-08-15,0.0,0.0,117.58381360000001,6913.5478085475415,9184.906772945293,117.58381360000001
2017-08-16,0.0,106142.23354646788,11993.548987200002,20805.563811856387,18630.589183389733,11993.548987200002
2017-08-17,0.0,0.0,940.6705088000001,17892.784878196493,18711.73566483244,940.6705088000001
2017-08-18,0.0,0.0,470.33525440000005,15387.794995248985,17570.293498759056,470.33525440000005
2017-08-19,0.0,0.0,0.0,13233.503695914127,15835.577577621087,0.0
2017-08-20,0.0,0.0,0.0,11380.813178486149,14053.67181796711,0.0
2017-08-21,0.0,50785.82096512726,6114.3583072,16897.514268615905,17636.952121106628,6114.3583072
2017-08-22,0.0,0.0,0.0,14531.862271009677,16394.91618106785,0.0
2017-08-23,0.0,0.0,0.0,12497.401553068323,14835.91032986804,0.0
2017-08-24,0.0,0.0,0.0,10747.765335638756,13200.652332176327,0.0
2017-08-25,0.0,0.0,352.7514408,9243.07818864933,11758.723251085528,352.7514408
2017-08-26,0.0,0.0,117.58381360000001,7949.047242238424,10281.886372986686,117.58381360000001
2017-08-27,0.0,0.0,117.58381360000001,6836.180628325044,8950.63760056203,117.58381360000001
2017-08-28,0.0,0.0,0.0,5879.115340359537,7722.028696481033,0.0
2017-08-29,0.0,0.0,0.0,5056.039192709201,6655.6328949723,0.0
2017-08-30,0.0,0.0,0.0,4348.193705729914,5732.657219275346,0.0
2017-08-31,0.0,0.0,0.0,3739.446586927725,4935.372966336297,0.0
2017-09-01,0.0,0.0,0.0,3215.9240647578436,4247.593405704916,0.0
2017-09-02,0.0,0.0,117.58381360000001,2765.6946956917454,3701.867447139648,117.58381360000001
2017-09-03,0.0,0.0,0.0,2378.497438294901,3172.519443601749,0.0
2017-09-04,0.0,2970.1999342439167,2586.8438992,2461.335787727763,3922.7835409321547,2586.8438992
2017-09-05,0.0,0.0,587.919068,2116.7487774458764,3435.5372627376437,587.919068
2017-09-06,0.0,0.0,0.0,1820.4039486034533,2789.4839370839672,0.0
2017-09-07,0.0,0.0,0.0,1565.54739579897,2299.9093205699683,0.0
2017-09-08,0.0,0.0,0.0,1346.3707603871142,1918.493896496827,0.0
2017-09-09,0.0,0.0,0.0,1157.8788539329182,1614.2478794712633,0.0
2017-09-10,0.0,0.0,0.0,995.7758143823096,1366.8590534356817,0.0
2017-09-11,0.0,0.0,0.0,856.3672003687864,1162.6623122089234,0.0
2017-09-12,0.0,0.0,0.0,736.4757923171562,992.1877042522165,0.0
2017-09-13,0.0,0.0,0.0,633.3691813927543,848.6602951084317,0.0
2017-09-14,0.0,0.0,0.0,544.6974959977687,727.0751754641665,0.0
2017-09-15,0.0,0.0,0.0,468.43984655808106,623.6210439017323,0.0
2017-09-16,0.0,31010.343555844924,4350.601103200001,4744.30636585824,4012.1356139643353,4350.601103200001
2017-09-17,0.0,37998.147277597585,4820.9363576,9399.844093501748,8095.593548819301,4820.9363576
2017-09-18,0.0,44556.71066615674,4820.9363576,14321.805413673446,12514.45283780096,4820.9363576
2017-09-19,0.0,0.0,0.0,12316.752655759165,12435.372764984242,0.0
2017-09-20,0.0,0.0,0.0,10592.407283952882,11698.1865725717,0.0
2017-09-21,0.0,0.0,0.0,9109.470264199477,10662.70004922281,0.0
2017-09-22,0.0,0.0,0.0,7834.1444272115505,9531.277800418306,0.0
2017-09-23,0.0,0.0,0.0,6737.3642074019335,8413.712363211756,0.0
2017-09-24,0.0,0.0,0.0,5794.133218365663,7365.880705273321,0.0
2017-09-25,0.0,54954.195462012285,6114.3583072,12676.541932476192,11935.888519034468,6114.3583072
2017-09-26,0.0,14684.106852115145,2116.5086447999997,12957.601021225644,13191.176977830939,2116.5086447999997
2017-09-27,0.0,0.0,0.0,11143.536878254055,12372.120938000186,0.0
2017-09-28,0.0,0.0,0.0,9583.441715298486,11256.649248919506,0.0
2017-09-29,0.0,0.0,0.0,8241.759875156698,10050.693499414381,0.0
2017-09-30,0.0,0.0,0.0,7087.9134926347615,8865.581496702534,0.0
2017-10-01,0.0,18562.545989227754,2586.8438992,8694.362042157782,9831.831274564633,2586.8438992
2017-10-02,0.0,12614.920388452338,1646.1733904000002,9243.240210639018,10254.864205154387,1646.1733904000002
2017-10-03,0.0,30193.595419900004,3527.514408,12176.289939935557,12434.440262266857,3527.514408
2017-10-04,0.0,0.0,0.0,10471.60934834458,11649.307896697945,0.0
2017-10-05,0.0,74852.64817956048,7878.1155112000015,19484.954784714806,17934.81285638469,7878.1155112000015
2017-10-06,0.0,165016.76114687868,16932.069158399998,39859.407675417744,33477.47844735791,16932.069158399998
2017-10-07,0.0,111908.87701339574,11758.38136,49946.333382734665,44768.37296550862,11758.38136
2017-10-08,0.0,0.0,0.0,42953.84670915181,44042.5624629659,0.0
2017-10-09,0.0,0.0,0.0,36940.30816987056,41201.660745727764,0.0
2017-10-10,0.0,34938.76984519181,3997.8496624,36660.09280441553,40984.17343416287,3997.8496624
2017-10-11,0.0,0.0,0.0,31527.679811797356,37201.57598521667,0.0
2017-10-12,0.0,0.0,0.0,27113.804638145724,33166.46744638829,0.0
2017-10-13,0.0,4716.603150473249,940.6705088000001,23978.196429871576,29867.4272433016,940.6705088000001
2017-10-14,0.0,19167.119218185857,2234.0924584,23304.645620235577,28135.95157743519,2234.0924584
2017-10-15,0.0,0.0,470.33525440000005,20041.995233402595,25086.503141582154,470.33525440000005
2017-10-16,0.0,0.0,0.0,17236.115900726232,21946.348245239784,0.0
2017-10-17,0.0,0.0,0.0,14823.05967462456,19097.032816993695,0.0
2017-10-18,0.0,0.0,0.0,12747.83132017712,16557.352218267064,0.0
2017-10-19,0.0,0.0,0.0,10963.134935352324,14319.665305101167,0.0
2017-10-20,0.0,0.0,0.0,9428.296044402998,12363.117600821899,0.0
2017-10-21,0.0,39958.230866644575,4585.7687304,13702.48691951682,14733.17282045987,4585.7687304
2017-10-22,0.0,0.0,0.0,11784.138750784467,13553.559192589706,0.0
2017-10-23,0.0,0.0,0.0,10134.35932567464,12185.87924582368,0.0
2017-10-24,0.0,0.0,0.0,8715.54902008019,10797.747155526284,0.0
2017-10-25,0.0,0.0,0.0,7495.372157268965,9476.797156223356,0.0
2017-10-26,0.0,0.0,0.0,6446.02005525131,8264.486315834538,0.0
2017-10-27,0.0,20423.482831067075,2469.2600856,8402.864843865516,9307.541761286928,2469.2600856
2017-10-28,0.0,0.0,0.0,7226.463765724345,8475.110563061895,0.0
2017-10-29,0.0,5345.129148903014,823.0866952000001,6963.076919369358,8199.53178366488,823.0866952000001
2017-10-30,0.0,0.0,0.0,5988.246150657648,7315.017530461986,0.0
2017-10-31,0.0,0.0,0.0,5149.891689565577,6448.967194103422,0.0
2017-11-01,0.0,10409.055285894412,1293.4219496,5886.174593051614,6741.2189335226985,1293.4219496
2017-11-02,0.0,0.0,117.58381360000001,5062.1101500243885,6116.608945563375,117.58381360000001
2017-11-03,0.0,768.31279318853,235.16762720000003,4460.978520067368,5548.423826244973,235.16762720000003
2017-11-04,0.0,14142.84878710371,1528.5895768,5816.440357452456,6267.066269447965,1528.5895768
2017-11-05,0.0,0.0,352.7514408,5002.138707409113,5902.195820952424,352.7514408
2017-11-06,0.0,0.0,0.0,4301.839288371837,5262.053207920189,0.0
2017-11-07,0.0,0.0,0.0,3699.5817879997794,4637.064639952026,0.0
2017-11-08,0.0,0.0,0.0,3181.6403376798103,4054.8949190431395,0.0
2017-11-09,0.0,0.0,0.0,2736.2106904046364,3527.421227587738,0.0
2017-11-10,0.0,0.0,0.0,2353.141193747987,3057.7092140518375,0.0
2017-11-11,0.0,0.0,0.0,2023.701426623269,2644.1060990804103,0.0
2017-11-12,0.0,0.0,0.0,1740.3832268960114,2282.616950206651,0.0
2017-11-13,0.0,0.0,0.0,1496.7295751305699,1968.2620001762182,0.0
2017-11-14,0.0,1464.5293839906326,235.16762720000003,1492.2215483709788,1871.9128703341223,235.16762720000003
2017-11-15,0.0,0.0,352.7514408,1283.3105315990417,1777.57251116009,352.7514408
2017-11-16,0.0,0.0,0.0,1103.6470571751759,1508.0023295661242,0.0
2017-11-17,0.0,5621.271987426372,705.5028816,1736.1145474103432,1881.4483693438117,705.5028816
2017-11-18,0.0,0.0,0.0,1493.058510772895,1726.0924259154451,0.0
2017-11-19,0.0,0.0,0.0,1284.0303192646898,1549.2675832551429,0.0
2017-11-20,0.0,0.0,0.0,1104.2660745676333,1371.266979780139,0.0
2017-11-21,0.0,0.0,0.0,949.6688241281646,1202.627717519349,0.0
2017-11-22,0.0,0.0,0.0,816.7151887502215,1048.2627060116981,0.0
2017-11-23,0.0,0.0,0.0,702.3750623251906,909.907648537095,0.0
2017-11-24,0.0,0.0,117.58381360000001,604.0425535996638,834.5951360021226,117.58381360000001
2017-11-25,0.0,0.0,0.0,519.4765960957109,708.5477200395579,0.0
2017-11-26,0.0,0.0,0.0,446.74987264231135,603.8285810806592,0.0
2017-11-27,0.0,0.0,0.0,384.2048904723877,515.9791048373506,0.0
2017-11-28,0.0,0.0,0.0,330.4162058062534,441.7539452249117,0.0
2017-11-29,0.0,0.0,0.0,284.1579369933779,378.7155419322982,0.0
2017-11-30,0.0,0.0,0.0,244.37582581430502,324.9796554851009,0.0
2017-12-01,0.0,0.0,0.0,210.1632102003023,279.0530773711815,0.0
2017-12-02,0.0,0.0,0.0,180.74036077225998,239.72799073161286,0.0
2017-12-03,0.0,0.0,0.0,155.43671026414358,206.01147854462516,0.0
2017-12-04,0.0,6306.327778858262,705.5028816,1016.5614598673202,812.4326237137033,705.5028816
2017-12-05,0.0,0.0,0.0,874.2428554858953,837.1567164225801,0.0
2017-12-06,0.0,0.0,117.58381360000001,751.84885571787,850.067097580696,117.58381360000001
2017-12-07,0.0,0.0,0.0,646.5900159173682,768.6762649153649,0.0
2017-12-08,0.0,0.0,117.58381360000001,556.0674136889368,730.6662498647937,117.58381360000001
2017-12-09,0.0,0.0,0.0,478.2179757724856,629.6869402278704,0.0
2017-12-10,0.0,0.0,0.0,411.2674591643376,542.3191478024572,0.0
2017-12-11,0.0,17578.715089849695,1998.9248312,2814.710127460288,2250.845472145589,1998.9248312
2017-12-12,0.0,0.0,0.0,2420.6507096158475,2318.7675671336924,0.0
2017-12-13,0.0,0.0,0.0,2081.759610269629,2223.964384388067,0.0
2017-12-14,0.0,0.0,0.0,1790.313264831881,2050.503936565593,0.0
2017-12-15,0.0,2727.977066603507,352.7514408,1921.5861970799085,2140.037417091319,352.7514408
2017-12-16,0.0,0.0,0.0,1652.5641294887214,1945.0481020502798,0.0
2017-12-17,0.0,0.0,0.0,1421.2051513603003,1735.5109217742881,0.0
2017-12-18,0.0,0.0,0.0,1222.2364301698583,1530.2011251325162,0.0
2017-12-19,0.0,0.0,0.0,1051.1233299460782,1338.570007057941,0.0
2017-12-20,0.0,0.0,0.0,903.9660637536272,1164.7284297362155,0.0
2017-12-21,0.0,9891.941241381654,1293.4219496,2162.282588621551,2081.1188731303496,1293.4219496
2017-12-22,0.0,0.0,117.58381360000001,1859.563026214534,2039.5300598040235,117.58381360000001
2017-12-23,0.0,0.0,0.0,1599.2242025444993,1863.4077169002137,0.0
2017-12-24,0.0,0.0,0.0,1375.3328141882694,1668.1777558154358,0.0
2017-12-25,0.0,0.0,0.0,1182.7862202019114,1474.021141570026,0.0
2017-12-26,0.0,0.0,0.0,1017.1961493736438,1291.2911446914732,0.0
2017-12-27,0.0,0.0,0.0,874.7886884613338,1124.6901621994173,0.0
2017-12-28,0.0,5490.23151261107,587.919068,1520.950683842297,1518.3619980565693,587.919068
2017-12-29,0.0,6808.077811288669,705.5028816,2261.148481684789,2097.6777441478575,705.5028816
2017-12-30,0.0,0.0,0.0,1944.5876942489185,2036.4417241882818,0.0
2017-12-31,0.0,0.0,0.0,1672.3454170540701,1890.803201334597,0.0
2018-01-01,0.0,0.0,0.0,1438.2170586665004,1709.7687442673582,0.0
2018-01-02,0.0,300.8985754234488,117.58381360000001,1278.9924710124733,1584.4917604054042,117.58381360000001
2018-01-03,0.0,0.0,0.0,1099.933525070727,1390.6684662715334,0.0
2018-01-04,0.0,0.0,0.0,945.9428315608251,1212.77821238725,0.0
2018-01-05,0.0,0.0,0.0,813.5108351423097,1053.0712614892739,0.0
2018-01-06,0.0,0.0,0.0,699.6193182223863,911.6904841825188,0.0
2018-01-07,0.0,0.0,0.0,601.6726136712523,787.6833359780121,0.0
2018-01-08,0.0,0.0,0.0,517.4384477572769,679.585380689718,0.0
2018-01-09,0.0,0.0,0.0,444.9970650712582,585.7500544423341,0.0
2018-01-10,0.0,0.0,0.0,382.69747596128207,504.52902304991335,0.0
2018-01-11,0.0,37421.08935484762,3880.2658488,5568.072339005371,4082.052688952096,3880.2658488
2018-01-12,0.0,0.0,0.0,4788.54221154462,4364.648497989106,0.0
2018-01-13,0.0,0.0,0.0,4118.146301928373,4266.0476195648125,0.0
2018-01-14,0.0,13421.250281831484,1411.0057632,5420.580859114809,5292.263220664811,1411.0057632
2018-01-15,0.0,1396.9522253260282,235.16762720000003,4857.272850384379,5212.334123432638,235.16762720000003
2018-01-16,0.0,1112.0103430728518,117.58381360000001,4332.936099360765,4907.608439243889,117.58381360000001
2018-01-17,0.0,0.0,0.0,3726.325045450258,4435.0950817264375,0.0
2018-01-18,0.0,0.0,0.0,3204.639539087222,3942.9128646707513,0.0
2018-01-19,0.0,0.0,0.0,2755.990003615011,3468.1437202484553,0.0
2018-01-20,0.0,0.0,0.0,2370.1514031089096,3028.946793392637,0.0
2018-01-21,0.0,0.0,0.0,2038.3302066736621,2632.700158705047,0.0
2018-01-22,0.0,105235.87098563068,10700.127037600001,16485.985915727648,12454.065276554087,10700.127037600001
2018-01-23,0.0,0.0,0.0,14177.947887525776,13143.618320942764,0.0
2018-01-24,0.0,0.0,0.0,12193.035183272166,12763.385065874525,0.0
2018-01-25,0.0,0.0,0.0,10486.010257614063,11852.43514257034,0.0
2018-01-26,0.0,0.0,0.0,9017.968821548093,10718.648614161442,0.0
2018-01-27,0.0,0.0,0.0,7755.45318653136,9533.370443109408,0.0
2018-01-28,0.0,1184.4193586704878,235.16762720000003,6835.508450630838,8548.29269699798,235.16762720000003
2018-01-29,0.0,0.0,0.0,5878.537267542521,7480.390525215797,0.0
2018-01-30,0.0,0.0,0.0,5055.542050086568,6510.451135164106,0.0
2018-01-31,0.0,0.0,0.0,4347.766163074449,5645.377146328243,0.0
2018-02-01,0.0,0.0,0.0,3739.078900244026,4882.8578478945565,0.0
2018-02-02,0.0,0.0,0.0,3215.6078542098626,4215.957850420679,0.0
2018-02-03,0.0,7346.88810259216,823.0866952000001,3793.9870889833837,4376.404223925761,823.0866952000001
2018-02-04,0.0,664.4173937199936,117.58381360000001,3355.8473316465092,4015.2149924540604,117.58381360000001
2018-02-05,0.0,6766.596271631016,705.5028816,3833.3521832443403,4224.671021410172,705.5028816
2018-02-06,0.0,0.0,0.0,3296.6828775901326,3853.475763882157,0.0
2018-02-07,0.0,1063.0184743522682,117.58381360000001,2983.9698611368312,3552.7069282240263,117.58381360000001
2018-02-08,0.0,8685.144567210566,940.6705088000001,3782.1343199871544,4020.7460884492775,940.6705088000001
2018-02-09,0.0,2670.0971431117355,352.7514408,3626.449115224596,4004.127875479405,352.7514408
2018-02-10,0.0,0.0,0.0,3118.7462390931523,3649.975220924904,0.0
2018-02-11,0.0,0.0,0.0,2682.1217656201106,3262.8338388029865,0.0
2018-02-12,0.0,0.0,0.0,2306.6247184332947,2880.35019065511,0.0
2018-02-13,0.0,0.0,0.0,1983.6972578526336,2521.6890175341196,0.0
2018-02-14,0.0,0.0,0.0,1705.9796417532648,2195.4052672217776,0.0
2018-02-15,0.0,0.0,0.0,1467.1424919078077,1904.1001570961898,0.0
2018-02-16,0.0,0.0,0.0,1261.7425430407147,1647.1571114739997,0.0
2018-02-17,0.0,7822.929268092479,940.6705088000001,2180.3086845479615,2236.6859442235846,940.6705088000001
2018-02-18,0.0,0.0,0.0,1875.0654687112471,2092.0377540186496,0.0
2018-02-19,0.0,10200.450996673397,1058.2543223999999,3040.619442625948,2894.7721584215687,1058.2543223999999
2018-02-20,0.0,13621.968683634788,1411.0057632,4522.008336367186,4110.068934879816,1411.0057632
2018-02-21,0.0,0.0,0.0,3888.9271692757798,4021.6122286382015,0.0
2018-02-22,0.0,18868.03284096253,2116.5086447999997,5986.0019633119255,5653.971580427691,2116.5086447999997
2018-02-23,0.0,14782.090529696838,1528.5895768,7217.454362605813,6890.8005240189395,1528.5895768
2018-02-24,0.0,25230.4439085763,2586.8438992,9739.27289904168,9064.927033708036,2586.8438992
2018-02-25,0.0,0.0,0.0,8375.774693175845,8789.266097495158,0.0
2018-02-26,0.0,0.0,0.0,7203.1662361312265,8154.826152949586,0.0
2018-02-27,0.0,0.0,0.0,6194.722963072854,7370.784876998892,0.0
2018-02-28,0.0,0.0,0.0,5327.461748242655,6553.455625496397,0.0
2018-03-01,0.0,0.0,0.0,4581.617103488683,5764.720216693312,0.0
2018-03-02,0.0,0.0,0.0,3940.190709000268,5034.908413616094,0.0
2018-03-03,0.0,0.0,0.0,3388.56400974023,4376.370652065748,0.0
2018-03-04,0.0,0.0,235.16762720000003,2914.165048376598,3885.555461470088,235.16762720000003
2018-03-05,0.0,49610.95453284439,5526.4392392,9451.71557620209,8322.595203042889,5526.4392392
2018-03-06,0.0,1935.084428481137,352.7514408,8399.387215521157,8494.412584354197,352.7514408
2018-03-07,0.0,0.0,0.0,7223.473005348195,7986.036752751796,0.0
2018-03-08,0.0,0.0,0.0,6212.1867845994475,7276.496765490858,0.0
2018-03-09,0.0,0.0,0.0,5342.480634755524,6502.890313196724,0.0
2018-03-10,0.0,0.0,0.0,4594.53334588975,5739.547526273935,0.0
2018-03-11,0.0,1729.7990479277612,235.16762720000003,4193.470544175072,5215.18378431439,235.16762720000003
2018-03-12,0.0,0.0,0.0,3606.3846679905614,4571.664137784858,0.0
2018-03-13,0.0,0.0,0.0,3101.490814471883,3983.5948084596675,0.0
2018-03-14,0.0,0.0,0.0,2667.282100445819,3457.0697252541286,0.0
2018-03-15,0.0,0.0,0.0,2293.8626063834045,2991.7868777058393,0.0
2018-03-16,0.0,0.0,0.0,1972.7218414897275,2584.1608632193947,0.0
2018-03-17,0.0,0.0,0.0,1696.5407836811657,2229.112831404103,0.0
2018-03-18,0.0,0.0,0.0,1459.0250739658024,1921.0777284287826,0.0
2018-03-19,0.0,0.0,0.0,1254.76156361059,1654.5512625015058,0.0
2018-03-20,0.0,0.0,0.0,1079.0949447051073,1424.3687353829464,0.0
2018-03-21,0.0,0.0,0.0,928.0216524463924,1225.8299022083247,0.0
2018-03-22,0.0,0.0,0.0,798.0986211038975,1054.7373897665539,0.0
2018-03-23,0.0,0.0,0.0,686.3648141493519,907.388359519673,0.0
2018-03-24,0.0,0.0,0.0,590.2737401684425,780.5425117791809,0.0
2018-03-25,0.0,0.0,0.0,507.63541654486056,671.3796736854528,0.0
2018-03-26,0.0,34738.36181477351,3880.2658488,5299.937112296872,4074.908988650021,3880.2658488
2018-03-27,0.0,0.0,0.0,4557.945916575311,4268.123759820137,0.0
2018-03-28,0.0,0.0,0.0,3919.8334882547665,4128.807651193989,0.0
2018-03-29,0.0,0.0,0.0,3371.056799899099,3825.7073106760326,0.0
2018-03-30,0.0,0.0,0.0,2899.1088479132254,3455.0679255709097,0.0
2018-03-31,0.0,0.0,470.33525440000005,2493.2336092053733,3258.468300784695,470.33525440000005
2018-04-01,0.0,0.0,0.0,2144.180903916621,2812.7533420374657,0.0
2018-04-02,0.0,0.0,0.0,1843.9955773682939,2425.2502361697966,0.0
2018-04-03,0.0,68152.11906385535,7172.6126296,11127.132865476484,8775.048339732472,7172.6126296
2018-04-04,0.0,0.0,0.0,9569.334264309777,9092.762709563394,0.0
2018-04-05,0.0,0.0,117.58381360000001,8229.627467306407,8794.5421381006,117.58381360000001
2018-04-06,0.0,0.0,0.0,7077.479621883509,8107.717131613763,0.0
2018-04-07,0.0,0.0,0.0,6086.632474819818,7299.283268896185,0.0
2018-04-08,0.0,4829.722595953868,705.5028816,5910.665091778585,7026.037150689145,705.5028816
2018-04-09,0.0,0.0,0.0,5083.171978929583,6248.89108198532,0.0
2018-04-10,0.0,0.0,0.0,4371.527901879441,5497.9458099429685,0.0
2018-04-11,0.0,68.52827829706416,352.7514408,3769.107954577908,4947.511244116944,352.7514408
2018-04-12,0.0,0.0,0.0,3241.432840937001,4265.079882844967,0.0
2018-04-13,0.0,168589.9169544762,17402.404412800002,26390.220616832496,20076.09794155998,17402.404412800002
2018-04-14,0.0,40869.10952567689,4350.601103200001,28417.26506407071,25152.80523184427,4350.601103200001
2018-04-15,0.0,20767.897796775764,2351.676272,27346.35364664942,26970.89510656633,2351.676272
2018-04-16,0.0,0.0,0.0,23517.864136118496,25589.682718387197,0.0
2018-04-17,0.0,0.0,0.0,20225.363157061907,23443.95489385708,0.0
2018-04-18,0.0,47010.055794867745,4938.5201712,23975.220126354725,25631.869055336138,4938.5201712
2018-04-19,0.0,0.0,0.0,20618.689308665063,23626.59715666771,0.0
2018-04-20,0.0,0.0,0.0,17732.072805451953,21268.787416181407,0.0
2018-04-21,0.0,0.0,0.0,15249.582612688679,18861.105494784315,0.0
2018-04-22,0.0,0.0,0.0,13114.641046912264,16562.519715635495,0.0
2018-04-23,0.0,0.0,0.0,11278.591300344546,14448.948349519116,0.0
2018-04-24,0.0,0.0,0.0,9699.58851829631,12549.204417029992,0.0
2018-04-25,0.0,0.0,0.0,8341.646125734826,10866.181100511927,0.0
2018-04-26,0.0,0.0,0.0,7173.815668131951,9389.234927559935,0.0
2018-04-27,0.0,0.0,0.0,6169.481474593477,8101.333546373352,0.0
2018-04-28,0.0,0.0,0.0,5305.75406815039,6983.101755084168,0.0
2018-04-29,0.0,0.0,0.0,4562.948498609336,6015.040452494235,0.0
2018-04-30,0.0,0.0,0.0,3924.135708804028,5178.678555018152,0.0
2018-05-01,0.0,57907.747326133795,6937.4450024,11481.841335230196,10474.921668062969,6937.4450024
2018-05-02,0.0,0.0,470.33525440000005,9874.383548297967,10422.840521916969,470.33525440000005
2018-05-03,0.0,102469.98187221763,11875.965173600001,22837.76731364672,20139.197308048868,11875.965173600001
2018-05-04,0.0,0.0,1175.838136,19640.47988973618,20410.045595123796,1175.838136
2018-05-05,0.0,0.0,0.0,16890.812705173113,19002.35243914352,0.0
2018-05-06,0.0,0.0,0.0,14526.098926448878,17211.85103406566,0.0
2018-05-07,0.0,0.0,0.0,12492.445076746035,15324.088651137812,0.0
2018-05-08,0.0,13097.642170813546,1881.3410176000002,12577.172669915486,14977.85866568888,1881.3410176000002
2018-05-09,0.0,42648.974189200126,5056.1039848,16787.224882615337,17724.046746379463,5056.1039848
2018-05-10,0.0,0.0,117.58381360000001,14437.013399049189,16456.266932887353,117.58381360000001
2018-05-11,0.0,180905.52983238714,18930.9939896,37742.6056997165,32543.200035459013,18930.9939896
2018-05-12,0.0,5831.455968228936,1411.0057632,33275.04473730824,33400.340221478706,1411.0057632
2018-05-13,0.0,0.0,0.0,28616.53847408509,31486.819522521255,0.0
2018-05-14,0.0,19448.172928151067,2586.8438992,27332.96729765433,30860.016192254483,2586.8438992
2018-05-15,0.0,0.0,0.0,23506.35187598272,27918.55046574578,0.0
2018-05-16,0.0,0.0,0.0,20215.462613345142,24837.315324785523,0.0
2018-05-17,0.0,0.0,0.0,17385.29784747682,21856.50833386204,0.0
2018-05-18,0.0,0.0,0.0,14951.356148830067,19094.44745984925,0.0
2018-05-19,0.0,0.0,0.0,12858.166287993858,16599.934991107093,0.0
2018-05-20,0.0,0.0,0.0,11058.02300767472,14383.170197734144,0.0
2018-05-21,0.0,14408.602115609954,1763.757204,11527.104082785652,13946.246633354747,1763.757204
2018-05-22,0.0,0.0,0.0,9913.30951119566,12333.071784491112,0.0
2018-05-23,0.0,0.0,235.16762720000003,8525.446179628269,10904.088593425975,235.16762720000003
2018-05-24,0.0,0.0,0.0,7331.88371448031,9475.20664184771,0.0
2018-05-25,0.0,17099.595351479384,3762.6820352000004,8699.36334366018,10669.942136652697,3762.6820352000004
2018-05-26,0.0,0.0,0.0,7481.452475547754,9394.546272210719,0.0
2018-05-27,0.0,0.0,0.0,6434.049128971068,8210.347414914859,0.0
2018-05-28,0.0,0.0,352.7514408,5533.282250915118,7280.621925634964,352.7514408
2018-05-29,0.0,20038.230234088114,2704.4277128000003,7563.974968559339,8475.734227924715,2704.4277128000003
2018-05-30,0.0,6621.578609082032,1763.757204,7432.039478232516,8763.759209647835,1763.757204
2018-05-31,0.0,0.0,0.0,6391.553951279963,7814.877106300686,0.0
2018-06-01,0.0,0.0,0.0,5496.7363981007675,6887.6208230207185,0.0
2018-06-02,0.0,0.0,0.0,4727.193302366661,6023.449814759095,0.0
2018-06-03,0.0,0.0,0.0,4065.386240035328,5240.224384869588,0.0
2018-06-04,0.0,0.0,0.0,3496.2321664303818,4542.627497493905,0.0
2018-06-05,0.0,0.0,0.0,3006.759663130128,3928.2803637483944,0.0
2018-06-06,0.0,0.0,352.7514408,2585.81331029191,3532.394118685801,352.7514408
2018-06-07,0.0,889.2974745675094,1293.4219496,2348.3010932904945,3576.1256883676783,1293.4219496
2018-06-08,0.0,76496.76651553315,8818.78602,12729.086252404464,10764.824321982393,8818.78602
2018-06-09,0.0,81658.60479803197,8818.78602,22379.218848792316,18938.09654070636,8818.78602
2018-06-10,0.0,0.0,470.33525440000005,19246.128209961393,19249.443310168375,470.33525440000005
2018-06-11,0.0,0.0,117.58381360000001,16551.6702605668,18217.367615767744,117.58381360000001
2018-06-12,0.0,0.0,0.0,14234.436424087446,16624.195139095624,0.0
2018-06-13,0.0,0.0,0.0,12241.615324715203,14871.163213343456,0.0
2018-06-14,0.0,0.0,0.0,10527.789179255074,13133.813599708104,0.0
2018-06-15,0.0,0.0,0.0,9053.898694159365,11501.847637488609,0.0
2018-06-16,0.0,0.0,352.7514408,7786.352876977053,10156.750309603985,352.7514408
2018-06-17,0.0,60215.9347211211,8818.78602,15126.49433515722,15672.16232782528,8818.78602
2018-06-18,0.0,71146.30354054054,8466.034579199999,22969.267623910888,21977.41827793952,8466.034579199999
2018-06-19,0.0,0.0,587.919068,19753.57015656336,21323.046656589057,587.919068
2018-06-20,0.0,119904.28781854284,14227.6414456,33774.670629240485,31994.75282388963,14227.6414456
2018-06-21,0.0,38607.87590395853,5761.6068663999995,34451.31936770101,35282.02218797418,5761.6068663999995
2018-06-22,0.0,0.0,0.0,29628.134656222875,33020.46717527366,0.0
2018-06-23,0.0,0.0,117.58381360000001,25480.195804351668,30051.392152344866,117.58381360000001
2018-06-24,0.0,0.0,0.0,21912.968391742434,26796.0226481039,0.0
2018-06-25,0.0,0.0,117.58381360000001,18845.15281689849,23662.708241061733,117.58381360000001
2018-06-26,0.0,41007.66026969565,5291.2716120000005,21947.90386029009,25093.295133553078,5291.2716120000005
2018-06-27,0.0,0.0,0.0,18875.197319849478,22606.05600807164,0.0
2018-06-28,0.0,0.0,0.0,16232.669695070552,20056.7014828712,0.0
2018-06-29,0.0,0.0,0.0,13960.095937760674,17618.059264826992,0.0
2018-06-30,0.0,89755.04493091872,11405.6299192,24571.3887968028,24961.643045297315,11405.6299192
2018-07-01,0.0,11501.321626726716,2822.0115264,22741.57939299215,25202.42219493525,2822.0115264
2018-07-02,0.0,0.0,0.0,19557.75827797325,22944.556628150447,0.0
2018-07-03,0.0,0.0,0.0,16819.672119056995,20494.60282451307,0.0
2018-07-04,0.0,78113.14746664032,9171.5374608,25400.758667718663,26125.680146115308,9171.5374608
2018-07-05,0.0,0.0,117.58381360000001,21844.652454238047,24460.3025948044,117.58381360000001
2018-07-06,0.0,0.0,0.0,18786.40111064472,22190.74200114053,0.0
2018-07-07,0.0,0.0,0.0,16156.304955154463,19776.967182746102,0.0
2018-07-08,0.0,0.0,0.0,13894.422261432837,17423.949214220796,0.0
2018-07-09,0.0,0.0,0.0,11949.20314483224,15234.050786465372,0.0
2018-07-10,0.0,0.0,0.0,10276.314704555727,13250.956353701515,0.0
2018-07-11,0.0,0.0,0.0,8837.630645917925,11485.62607058808,0.0
2018-07-12,0.0,0.0,470.33525440000005,7600.362355489416,10119.654686308615,470.33525440000005
2018-07-13,0.0,88621.90653961722,9877.0403424,18943.37854126731,17599.960365252093,9877.0403424
2018-07-14,0.0,0.0,0.0,16291.305545489888,17076.49843734721,0.0
2018-07-15,0.0,0.0,0.0,14010.522769121304,15850.10817005685,0.0
2018-07-16,0.0,0.0,0.0,12049.04958144432,14329.684734611837,0.0
2018-07-17,0.0,0.0,0.0,10362.182640042114,12742.683896783947,0.0
2018-07-18,0.0,0.0,0.0,8911.477070436218,11210.201166244857,0.0
2018-07-19,0.0,38389.789873679634,4820.9363576,13038.440862890298,13869.871587943033,4820.9363576
2018-07-20,0.0,10609.548616066548,3174.7629672000003,12698.395948334972,14671.18651897981,3174.7629672000003
2018-07-21,0.0,0.0,0.0,10920.620515568075,13170.960117615114,0.0
2018-07-22,0.0,0.0,0.0,9391.733643388543,11659.269527924487,0.0
2018-07-23,0.0,0.0,0.0,8076.890933314147,10226.31809008035,0.0
2018-07-24,0.0,0.0,0.0,6946.126202650166,8914.241335108278,0.0
2018-07-25,0.0,0.0,1058.2543223999999,5973.668534279143,8161.3139437366235,1058.2543223999999
2018-07-26,0.0,0.0,117.58381360000001,5137.354939480062,6998.763867473998,117.58381360000001
2018-07-27,0.0,0.0,0.0,4418.125247952854,5966.508419665541,0.0
2018-07-28,0.0,0.0,0.0,3799.5877132394544,5099.740137095106,0.0
2018-07-29,0.0,2678.048277358691,2234.0924584,3642.5721922161474,5410.509942503522,2234.0924584
2018-07-30,0.0,0.0,0.0,3132.612085305887,4499.350799624469,0.0
2018-07-31,0.0,0.0,0.0,2694.046393363063,3777.229037119906,0.0
2018-08-01,0.0,0.0,587.919068,2316.879898292234,3428.2570087888375,587.919068
2018-08-02,0.0,0.0,0.0,1992.5167125313212,2853.960890285831,0.0
2018-08-03,0.0,0.0,0.0,1713.5643727769361,2397.802283282273,0.0
2018-08-04,0.0,0.0,117.58381360000001,1473.665360588165,2075.1810396446303,117.58381360000001
2018-08-05,0.0,0.0,1646.1733904000002,1267.3522101058218,2410.518863989107,1646.1733904000002
2018-08-06,0.0,0.0,0.0,1089.9229006910066,1882.2804786698669,0.0
2018-08-07,0.0,15670.778083647228,2469.2600856,3131.2426263048783,3369.5693719638716,2469.2600856
2018-08-08,0.0,0.0,0.0,2692.868658622195,3098.8890866272013,0.0
2018-08-09,0.0,0.0,117.58381360000001,2315.8670464150878,2832.713795982356,117.58381360000001
2018-08-10,0.0,0.0,0.0,1991.6456599169755,2496.286541556204,0.0
2018-08-11,0.0,0.0,0.0,1712.815267528599,2182.8980319451616,0.0
2018-08-12,0.0,0.0,0.0,1473.0211300745952,1898.9472711969354,0.0
2018-08-13,0.0,0.0,0.0,1266.7981718641518,1646.087631463822,0.0
2018-08-14,0.0,0.0,0.0,1089.4464278031705,1423.4311499995613,0.0
2018-08-15,0.0,24797.157374077186,4820.9363576,4408.525960281533,4545.84361715235,4820.9363576
2018-08-16,0.0,80015.68814104755,9406.705088,14993.528665588776,12487.599671726923,9406.705088
2018-08-17,0.0,0.0,0.0,12894.434652406348,12650.333663998692,0.0
2018-08-18,0.0,0.0,0.0,11089.213801069458,12025.885718826998,0.0
2018-08-19,0.0,0.0,0.0,9536.723868919733,11030.220978864092,0.0
2018-08-20,0.0,0.0,117.58381360000001,8201.582527270972,9945.799123666844,117.58381360000001
2018-08-21,0.0,0.0,0.0,7053.3609734530355,8788.82386358132,0.0
2018-08-22,0.0,0.0,0.0,6065.890437169611,7699.650493016636,0.0
2018-08-23,0.0,0.0,0.0,5216.665775965865,6706.456606196327,0.0
2018-08-24,0.0,18689.510931594035,2351.676272,7102.864097753809,7805.69011161932,2351.676272
2018-08-25,0.0,0.0,470.33525440000005,6108.463124068276,7314.933418358902,470.33525440000005
2018-08-26,0.0,0.0,823.0866952000001,5253.278286698716,6819.506043774827,823.0866952000001
2018-08-27,0.0,88685.9038022972,10229.7917832,16933.845858882505,14957.1586830979,10229.7917832
2018-08-28,0.0,34178.790940154504,4233.0172895999995,19348.138170260583,18406.75739380297,4233.0172895999995
2018-08-29,0.0,0.0,0.0,16639.3988264241,17699.813966851423,0.0
2018-08-30,0.0,0.0,0.0,14309.882990724727,16343.841576400744,0.0
2018-08-31,0.0,0.0,470.33525440000005,12306.499372023265,14917.038796409754,470.33525440000005
2018-09-01,0.0,0.0,1058.2543223999999,10583.589459940009,13606.960790781855,1058.2543223999999
2018-09-02,0.0,0.0,0.0,9101.886935548408,11804.931248688476,0.0
2018-09-03,0.0,17341.147792984382,2234.0924584,10255.383455589445,12078.749114808863,2234.0924584
2018-09-04,0.0,382781.3999111672,39037.8261152,62409.025759370335,47825.99021871345,39037.8261152
2018-09-05,0.0,9107.527698087872,2469.2600856,54946.81603079079,51662.02457778439,2469.2600856
2018-09-06,0.0,0.0,0.0,47254.26178648008,49898.91946126267,0.0
2018-09-07,0.0,0.0,0.0,40638.66513637287,46194.81773130674,0.0
2018-09-08,0.0,0.0,0.0,34949.25201728066,41696.59144569631,0.0
2018-09-09,0.0,0.0,0.0,30056.356734861372,37040.49756136233,0.0
2018-09-10,0.0,0.0,0.0,25848.46679198078,32563.685253609714,0.0
2018-09-11,0.0,0.0,0.0,22229.68144110347,28430.083728607216,0.0
2018-09-12,0.0,0.0,0.0,19117.526039348984,24705.06065290392,0.0
2018-09-13,0.0,0.0,0.0,16441.072393840128,21399.465349278405,0.0
2018-09-14,0.0,0.0,0.0,14139.322258702508,18495.408113048044,0.0
2018-09-15,0.0,0.0,0.0,12159.817142484157,15961.171724822489,0.0
2018-09-16,0.0,0.0,0.0,10457.442742536374,13759.680131908044,0.0
2018-09-17,0.0,59642.68894912412,7055.028816,17343.37721145866,18015.17049012829,7055.028816
2018-09-18,0.0,111079.61824688835,11875.965173600001,30466.45095641882,27746.068746084507,11875.965173600001
2018-09-19,0.0,33067.70926941049,3762.6820352000004,30830.627120237652,30484.964909825765,3762.6820352000004
2018-09-20,0.0,204195.7102705863,21165.086448000002,55101.73876128647,48797.70902961005,21165.086448000002
2018-09-21,0.0,0.0,0.0,47387.49533470636,48233.623551648576,0.0
2018-09-22,0.0,0.0,0.0,40753.24598784746,45241.47252612813,0.0
2018-09-23,0.0,0.0,0.0,35047.79154954882,41164.000135496404,0.0
2018-09-24,0.0,0.0,0.0,30141.100732611983,36754.84037434263,0.0
2018-09-25,0.0,0.0,352.7514408,25921.346630046304,32562.5434529441,352.7514408
2018-09-26,0.0,0.0,0.0,22292.35810183982,28454.469312502388,0.0
2018-09-27,0.0,0.0,117.58381360000001,19171.427967582247,24788.28629997433,117.58381360000001
2018-09-28,0.0,0.0,0.0,16487.428052120733,21467.943000832893,0.0
2018-09-29,0.0,0.0,0.0,14179.18812482383,18552.441050429265,0.0
2018-09-30,0.0,0.0,0.0,12194.101787348493,16009.105345196956,0.0
2018-10-01,0.0,81480.932893228,8583.618392800001,21894.258142171628,21796.613821106825,8583.618392800001
2018-10-02,0.0,0.0,0.0,18829.062002267598,20609.593093571133,0.0
2018-10-03,0.0,0.0,470.33525440000005,16192.993321950133,19031.08728668273,470.33525440000005
2018-10-04,0.0,0.0,352.7514408,13925.974256877114,17130.142651080485,352.7514408
2018-10-05,0.0,16589.56118653494,1998.9248312,14298.876427029209,16797.206093939974,1998.9248312
2018-10-06,0.0,0.0,0.0,12297.03372724512,14997.137147262032,0.0
2018-10-07,0.0,4747.69116952887,705.5028816,11240.125769164844,13776.533748663156,705.5028816
2018-10-08,0.0,125463.09918349494,13051.8033096,27231.342047171056,24379.178391906316,13051.8033096
2018-10-09,0.0,88478.35752932113,9406.705088,35805.92421467207,32712.558756212624,9406.705088
2018-10-10,0.0,0.0,0.0,30793.09482461798,31944.77318357477,0.0
2018-10-11,0.0,0.0,0.0,26482.06154917146,29759.688529813444,0.0
2018-10-12,0.0,0.0,0.0,22774.572932287458,26965.642290803047,0.0
2018-10-13,0.0,0.0,0.0,19586.13272176721,24013.838463188713,0.0
2018-10-14,0.0,37213.79060080636,4350.601103200001,22054.004824832693,24970.145449126303,4350.601103200001
2018-10-15,0.0,0.0,0.0,18966.444149356113,22568.664929218226,0.0
2018-10-16,0.0,0.0,0.0,16311.141968446258,20065.65574490944,0.0
2018-10-17,0.0,0.0,0.0,14027.58209286378,17650.426284091176,0.0
2018-10-18,0.0,0.0,0.0,12063.72059986285,15415.744010399845,0.0
2018-10-19,0.0,7413.449146645291,1646.1733904000002,11412.682596412393,14472.988800964864,1646.1733904000002
2018-10-20,0.0,0.0,0.0,9814.907032914658,12609.75609374478,0.0
2018-10-21,0.0,0.0,0.0,8440.820048306607,10942.18167556951,0.0
2018-10-22,0.0,0.0,0.0,7259.105241543681,9468.951101959177,0.0
2018-10-23,0.0,0.0,0.0,6242.830507727565,8178.502864266532,0.0
2018-10-24,0.0,0.0,0.0,5368.834236645706,7054.635413218202,0.0
2018-10-25,0.0,0.0,0.0,4617.197443515308,6079.660225337045,0.0
2018-10-26,0.0,1114.4813422576328,470.33525440000005,4126.817189339233,5486.65711269792,470.33525440000005
2018-10-27,0.0,8061.122695080674,1175.838136,4677.619960143034,5633.377506075965,1175.838136
2018-10-28,0.0,0.0,470.33525440000005,4022.7531657230093,5177.261871694784,470.33525440000005
2018-10-29,0.0,0.0,0.0,3459.567722521788,4490.184212025585,0.0
2018-10-30,0.0,0.0,0.0,2975.2282413687376,3884.201823762846,0.0
2018-10-31,0.0,0.0,0.0,2558.696287577114,3353.999609288553,0.0
2018-11-01,0.0,0.0,0.0,2200.478807316318,2892.591288499659,0.0
2018-11-02,0.0,0.0,0.0,1892.4117742920337,2492.519482816609,0.0
2018-11-03,0.0,20857.05699035017,2469.2600856,4547.462104540173,4302.200565746035,2469.2600856
2018-11-04,0.0,61468.542151859765,6467.109748,12516.413311164917,10174.729563113588,6467.109748
2018-11-05,0.0,23963.11433892048,2704.4277128000003,14118.951455050697,12834.189405008432,2704.4277128000003
2018-11-06,0.0,20125.68792204655,2469.2600856,14959.894560430115,14672.175501417107,2469.2600856
2018-11-07,0.0,0.0,0.0,12865.5093219699,13949.509029638224,0.0
2018-11-08,0.0,302.05057104629566,470.33525440000005,11106.625096840597,13000.489558279172,470.33525440000005
2018-11-09,0.0,0.0,235.16762720000003,9551.697583282912,11715.03981916067,235.16762720000003
2018-11-10,0.0,0.0,0.0,8214.459921623305,10314.807860145724,0.0
2018-11-11,0.0,0.0,0.0,7064.435532596042,9014.658929125852,0.0
2018-11-12,0.0,0.0,0.0,6075.414558032596,7838.961180688549,0.0
2018-11-13,0.0,0.0,0.0,5224.856519908033,6793.319316376343,0.0
2018-11-14,0.0,0.0,0.0,4493.376607120908,5873.342232674169,0.0
2018-11-15,0.0,0.0,235.16762720000003,3864.3038821239807,5163.793943334094,235.16762720000003
2018-11-16,0.0,7912.4152944079015,1058.2543223999999,4431.03947984373,5293.993886897948,1058.2543223999999
2018-11-17,0.0,2381.8381479752106,470.33525440000005,4144.151293382137,5022.190951251624,470.33525440000005
2018-11-18,0.0,0.0,0.0,3563.9701123086375,4438.9026156744285,0.0
2018-11-19,0.0,0.0,0.0,3065.0142965854284,3889.347288038829,0.0
2018-11-20,0.0,0.0,0.0,2635.9122950634683,3387.973290848685,0.0
2018-11-21,0.0,0.0,0.0,2266.8845737545826,2939.537804011044,0.0
2018-11-22,0.0,0.0,0.0,1949.520733428941,2543.530975778203,0.0
2018-11-23,0.0,12022.608774634988,1293.4219496,3359.7530591977875,3387.3885889860367,1293.4219496
2018-11-24,0.0,0.0,0.0,2889.3876309100974,3188.188205755661,0.0
2018-11-25,0.0,0.0,0.0,2484.873362582684,2906.86226848647,0.0
2018-11-26,0.0,0.0,0.0,2136.991091821108,2598.9137978203253,0.0
2018-11-27,0.0,0.0,0.0,1837.8123389661528,2294.473214278656,0.0
2018-11-28,0.0,9241.408804354576,1058.2543223999999,2874.315844120532,2949.7119951754066,1058.2543223999999
2018-11-29,0.0,0.0,0.0,2471.911625943658,2758.5918474827067,0.0
2018-11-30,0.0,0.0,0.0,2125.8439983115454,2505.4927078142423,0.0
2018-12-01,0.0,88508.03196684213,9053.9536472,14219.35031390583,10812.617209130878,9053.9536472
2018-12-02,0.0,25348.506549616017,2822.0115264,15777.432186905255,13927.347810800631,2822.0115264
2018-12-03,0.0,0.0,0.0,13568.59168073852,13783.845358775787,0.0
2018-12-04,0.0,0.0,0.0,11668.988845435126,12937.902753439523,0.0
2018-12-05,0.0,0.0,0.0,10035.330407074207,11776.873814893397,0.0
2018-12-06,0.0,0.0,0.0,8630.384150083819,10518.277948969566,0.0
2018-12-07,0.0,0.0,0.0,7422.130369072084,9279.818917010572,0.0
2018-12-08,0.0,0.0,0.0,6383.032117401993,8121.10419716714,0.0
2018-12-09,0.0,26.966107924732867,0.0,5493.182876075176,7069.935668730355,0.0
2018-12-10,0.0,218.01744373129927,0.0,4754.659715547033,6143.825287457026,0.0
2018-12-11,0.0,0.0,0.0,4089.007355370448,5321.898114622395,0.0
2018-12-12,0.0,0.0,0.0,3516.5463256185853,4599.757399020871,0.0
2018-12-13,0.0,0.0,0.0,3024.2298400319833,3969.546375425316,0.0
2018-12-14,0.0,0.0,0.0,2600.8376624275056,3422.062890226192,0.0
2018-12-15,0.0,0.0,0.0,2236.720389687655,2947.925890010777,0.0
2018-12-16,0.0,0.0,0.0,1923.5795351313832,2538.1873480590193,0.0
2018-12-17,0.0,0.0,0.0,1654.2784002129897,2184.6237689206073,0.0
2018-12-18,0.0,0.0,0.0,1422.679424183171,1879.8460310256328,0.0
2018-12-19,0.0,369.4487498765374,0.0,1275.2271297802424,1637.9984705274765,0.0
2018-12-20,0.0,2436.230957670727,587.919068,1437.7676656849103,1793.0737757904499,587.919068
2018-12-21,0.0,0.0,0.0,1236.4801924890228,1570.436342469879,0.0
2018-12-22,0.0,0.0,0.0,1063.3729655405596,1367.6109916981513,0.0
2018-12-23,0.0,0.0,0.0,914.5007503648812,1186.366895164843,0.0
2018-12-24,0.0,0.0,0.0,786.4706453137978,1026.4083952244252,0.0
2018-12-25,0.0,0.0,0.0,676.3647549698661,886.3909391226015,0.0
2018-12-26,0.0,21160.425415216017,2234.0924584,3544.1332474043274,2843.124845795292,2234.0924584
2018-12-27,0.0,95036.95204480797,9641.8727152,16353.127879040838,12103.87514517351,9641.8727152
2018-12-28,0.0,515.6441476232101,235.16762720000003,14135.88015664237,13010.744200641055,235.16762720000003
2018-12-29,0.0,0.0,117.58381360000001,12156.85693471244,12716.222819709608,117.58381360000001
2018-12-30,0.0,0.0,0.0,10454.896963852698,11811.692477366843,0.0
2018-12-31,0.0,0.0,0.0,8991.21138891332,10683.500041985433,0.0
2019-01-01,0.0,0.0,0.0,7732.441794465455,9503.076742977442,0.0
2019-01-02,0.0,0.0,0.0,6649.899943240291,8361.806023082583,0.0
2019-01-03,0.0,0.0,0.0,5718.91395118665,7304.649194324209,0.0
2019-01-04,0.0,0.0,0.0,4918.265998020518,6350.095915802733,0.0
2019-01-05,0.0,0.0,0.0,4229.708758297646,5501.941052800698,0.0
2019-01-06,0.0,121.41562216173756,235.16762720000003,3654.547719238619,4857.050770255867,235.16762720000003
2019-01-07,0.0,734.5355871567388,117.58381360000001,3245.746020747156,4259.5623958923825,117.58381360000001
2019-01-08,0.0,0.0,117.58381360000001,2791.3415778425538,3719.307594112451,117.58381360000001
2019-01-09,0.0,0.0,0.0,2400.553756944596,3191.8060592453094,0.0
2019-01-10,0.0,0.0,0.0,2064.476230972353,2740.8741279361266,0.0
2019-01-11,0.0,0.0,0.0,1775.4495586362234,2354.7043002161654,0.0
2019-01-12,0.0,0.0,0.0,1526.8866204271521,2023.5772283005601,0.0
2019-01-13,0.0,0.0,0.0,1313.1224935673508,1739.3953344072766,0.0
2019-01-14,0.0,0.0,0.0,1129.2853444679217,1495.3513384315347,0.0
2019-01-15,0.0,0.0,0.0,971.1853962424126,1285.6849615558858,0.0
2019-01-16,0.0,0.0,0.0,835.2194407684748,1105.4987532409211,0.0
2019-01-17,0.0,3614.3372841124187,587.919068,1224.295938836627,1388.1852546792036,587.919068
2019-01-18,0.0,62737.725270201554,6467.109748,9836.176045227718,7354.2254700986105,6467.109748
2019-01-19,0.0,1779.7164638720628,235.16762720000003,8708.271703837925,7989.911014474336,235.16762720000003
2019-01-20,0.0,0.0,0.0,7489.113665300616,7789.592074804848,0.0
2019-01-21,0.0,0.0,0.0,6440.637752158529,7250.010345746321,0.0
2019-01-22,0.0,11279.514731396315,1175.838136,7118.08052925182,7667.573673548521,1175.838136
2019-01-23,0.0,0.0,0.0,6121.549255156565,7049.163906191738,0.0
2019-01-24,0.0,0.0,0.0,5264.532359434646,6335.311287488901,0.0
2019-01-25,0.0,0.0,0.0,4527.497829113795,5612.185904138859,0.0
2019-01-26,0.0,4388.25895768448,470.33525440000005,4508.004387113691,5358.647399088792,470.33525440000005
2019-01-27,0.0,33323.67946439529,3409.9305944000002,8542.198897933114,7996.0402363865205,3409.9305944000002
2019-01-28,0.0,14805.58477557946,1528.5895768,9419.072920803603,9176.689140873354,1528.5895768
2019-01-29,0.0,0.0,0.0,8100.402711891098,8746.174569280452,0.0
2019-01-30,0.0,0.0,0.0,6966.346332226345,8034.2432744588095,0.0
2019-01-31,0.0,572.2182366378503,117.58381360000001,6071.168398843955,7296.046849652867,117.58381360000001
2019-02-01,0.0,0.0,0.0,5221.204823005802,6466.110038994041,0.0
2019-02-02,0.0,631.618890126942,0.0,4578.662792402762,5711.13114035753,0.0
2019-02-03,0.0,1431.0089751124924,117.58381360000001,4137.991257982124,5128.9087128473675,117.58381360000001
2019-02-04,0.0,3258.520584641111,587.919068,4014.865363714382,4918.459000394174,587.919068
2019-02-05,0.0,27345.445917564783,2939.59534,7281.146641253438,7039.372192737879,2939.59534
2019-02-06,0.0,14578.825705768519,1528.5895768,8302.82171028555,8156.187830476948,1528.5895768
2019-02-07,0.0,24321.22934298722,2586.8438992,10545.398778863784,10146.609769511684,2586.8438992
2019-02-08,0.0,0.0,0.0,9069.042949822855,9715.583041636151,0.0
2019-02-09,0.0,0.0,0.0,7799.376936847655,8949.100599720752,0.0
2019-02-10,0.0,15721.169287347046,1646.1733904000002,8908.427865917569,9591.30086235948,1646.1733904000002
2019-02-11,0.0,11172.839757142283,1175.838136,9225.445530689029,9915.2939840913,1175.838136
2019-02-12,0.0,35237.20674709646,3645.0982215999998,12867.092100986069,12554.052519489207,3645.0982215999998
2019-02-13,0.0,0.0,0.0,11065.699206848018,11958.711194432732,0.0
2019-02-14,0.0,0.0,0.0,9516.501317889295,10981.827243815358,0.0
2019-02-15,0.0,0.0,0.0,8184.191133384794,9862.772799643131,0.0
2019-02-16,0.0,0.0,0.0,7038.404374710922,8733.025429670246,0.0
2019-02-17,0.0,19994.56962991196,2116.5086447999997,8852.267510439067,9627.325719897775,2116.5086447999997
2019-02-18,0.0,20.686429836607214,0.0,7615.846159154722,8822.733895600553,0.0
2019-02-19,0.0,0.0,0.0,6549.627696873061,7913.491416109558,0.0
2019-02-20,0.0,50484.04959109111,5173.6877984,12700.44676206359,11897.74867385117,5173.6877984
2019-02-21,0.0,0.0,0.0,10922.384215374686,11507.602890460577,0.0
2019-02-22,0.0,0.0,0.0,9393.250425222232,10661.861904365238,0.0
2019-02-23,0.0,103015.20532824154,10464.9594104,22500.324111644935,19583.23055143712,10464.9594104
2019-02-24,0.0,24470.710726689533,2704.4277128000003,22776.178237751177,21942.180711082743,2704.4277128000003
2019-02-25,0.0,0.0,0.0,19587.51328446601,21000.31374043605,0.0
2019-02-26,0.0,593.5485624494995,117.58381360000001,16928.3582233837,19418.56505905511,117.58381360000001
2019-02-27,0.0,807.7533042802078,117.58381360000001,14671.473534709212,17566.761974756748,117.58381360000001
2019-02-28,0.0,0.0,0.0,12617.467239849922,15587.044080794018,0.0
2019-03-01,0.0,18118.470083409342,1881.3410176000002,13387.60763794824,15459.805910695706,1881.3410176000002
2019-03-02,0.0,0.0,0.0,11513.342568635486,13881.220573871618,0.0
2019-03-03,0.0,0.0,0.0,9901.474609026518,12289.322187933578,0.0
2019-03-04,0.0,0.0,0.0,8515.268163762805,10779.700578265269,0.0
2019-03-05,0.0,0.0,0.0,7323.130620836012,9397.072595293566,0.0
2019-03-06,0.0,0.0,0.0,6297.8923339189705,8157.400490743727,0.0
2019-03-07,0.0,0.0,0.0,5416.187407170315,7060.915257314363,0.0
2019-03-08,0.0,0.0,0.0,4657.921170166471,6099.717622455206,0.0
2019-03-09,0.0,41660.52782489613,4350.601103200001,9838.286101828626,9335.385455484575,4350.601103200001
2019-03-10,0.0,0.0,117.58381360000001,8460.926047572617,9032.635217759793,117.58381360000001
2019-03-11,0.0,0.0,0.0,7276.39640091245,8330.139691020855,0.0
2019-03-12,0.0,77259.2667017154,7878.1155112000015,17073.998243024864,14978.92931630246,7878.1155112000015
2019-03-13,0.0,9737.006958678923,823.0866952000001,16046.819463216432,15735.320053148049,823.0866952000001
2019-03-14,0.0,20596.990611396985,2116.5086447999997,16683.84342396171,16961.33285939351,2116.5086447999997
2019-03-15,0.0,0.0,0.0,14348.105344607071,15916.041853478935,0.0
2019-03-16,0.0,0.0,0.0,12339.37059636208,14485.373350632195,0.0
2019-03-17,0.0,0.0,0.0,10611.85871287139,12935.967495527873,0.0
2019-03-18,0.0,0.0,0.0,9126.198493069394,11412.05989454448,0.0
2019-03-19,0.0,0.0,0.0,7848.530704039679,9986.648218342561,0.0
2019-03-20,0.0,0.0,0.0,6749.736405474124,8691.883493195184,0.0
2019-03-21,0.0,0.0,0.0,5804.773308707746,7537.039419400209,0.0
2019-03-22,0.0,0.0,0.0,4992.105045488662,6519.065669835591,0.0
2019-03-23,0.0,0.0,0.0,4293.210339120249,5628.723537549454,0.0
2019-03-24,0.0,0.0,117.58381360000001,3692.1608916434143,4901.132004627038,117.58381360000001
2019-03-25,0.0,0.0,0.0,3175.258366813336,4210.782549501558,0.0
2019-03-26,0.0,0.0,0.0,2730.722195459469,3618.758407884722,0.0
2019-03-27,0.0,0.0,0.0,2348.4210880951437,3110.623479968891,0.0
2019-03-28,0.0,0.0,0.0,2019.6421357618235,2674.230942286064,0.0
2019-03-29,0.0,0.0,0.0,1736.8922367551681,2299.2954600737057,0.0
2019-03-30,0.0,0.0,0.0,1493.7273236094445,1977.068205488001,0.0
2019-03-31,0.0,0.0,0.0,1284.6054983041224,1700.0831226144496,0.0
2019-04-01,0.0,0.0,0.0,1104.7607285415452,1461.954164985288,0.0
2019-04-02,0.0,0.0,1175.838136,950.0942265457289,1727.5454440094645,1175.838136
2019-04-03,0.0,0.0,0.0,817.0810348293269,1363.3596803374094,0.0
2019-04-04,0.0,3406.2747231526014,823.0866952000001,1179.5681511945854,1619.07774676028,823.0866952000001
2019-04-05,0.0,0.0,0.0,1014.4286100273433,1377.2180920671053,0.0
2019-04-06,0.0,12793.417156840762,1411.0057632,2663.487006581222,2456.127963152752,1411.0057632
2019-04-07,0.0,17023.901547115634,2469.2600856,4673.94504225604,4330.958829034068,2469.2600856
2019-04-08,0.0,0.0,0.0,4019.5927363401943,4206.412391956518,0.0
2019-04-09,0.0,0.0,0.0,3456.849753252567,3906.587336474938,0.0
2019-04-10,0.0,54819.20785332479,5996.774493600001,10647.57988726268,9001.694154230036,5996.774493600001
2019-04-11,0.0,63256.95923807015,6819.8611888000005,18012.892996375725,15334.118166608312,6819.8611888000005
2019-04-12,0.0,0.0,117.58381360000001,15491.087976883126,15443.939616158239,117.58381360000001
2019-04-13,0.0,0.0,117.58381360000001,13322.335660119488,14642.33155918274,117.58381360000001
2019-04-14,0.0,0.0,0.0,11457.20866770276,13368.282402590747,0.0
2019-04-15,0.0,0.0,0.0,9853.199454224374,11962.249223244198,0.0
2019-04-16,0.0,0.0,352.7514408,8473.75153063296,10707.950722519703,352.7514408
2019-04-17,0.0,127803.45356459955,13169.387123200002,25179.909815388284,21764.489208947136,13169.387123200002
2019-04-18,0.0,0.0,235.16762720000003,21654.722441233924,21814.649552741852,235.16762720000003
2019-04-19,0.0,0.0,0.0,18623.061299461173,20538.01425142958,0.0
2019-04-20,0.0,0.0,0.0,16015.832717536608,18729.14163787239,0.0
2019-04-21,0.0,0.0,0.0,13773.616137081483,16746.931437556028,0.0
2019-04-22,0.0,16717.040920398038,2234.0924584,14185.695606745801,16616.074088591937,2234.0924584
2019-04-23,0.0,0.0,0.0,12199.698221801389,14849.523741875717,0.0
2019-04-24,0.0,0.0,0.0,10491.740470749195,13106.41043342511,0.0
2019-04-25,0.0,22853.3016890756,4115.433475999999,12222.359041314892,14398.963266981022,4115.433475999999
2019-04-26,0.0,0.0,0.0,10511.228775530806,12843.869470400934,0.0
2019-04-27,0.0,28519.276481608973,3645.0982215999998,13032.35545438175,14377.303152633262,3645.0982215999998
2019-04-28,0.0,0.0,0.0,11207.825690768306,13109.51216788728,0.0
2019-04-29,0.0,0.0,352.7514408,9638.730094060742,11862.299914676665,352.7514408
2019-04-30,0.0,25969.82546709017,3174.7629672000003,11925.083446284863,13157.318514199946,3174.7629672000003
2019-05-01,0.0,7014.324116016301,1175.838136,11237.577140047264,12859.757218938874,1175.838136
2019-05-02,0.0,0.0,0.0,9664.316340440648,11581.580867539582,0.0
2019-05-03,0.0,0.0,0.0,8311.312052778958,10273.473341635334,0.0
2019-05-04,0.0,0.0,470.33525440000005,7147.728365389903,9211.309452897161,470.33525440000005
2019-05-05,0.0,0.0,0.0,6147.046394235316,7985.604229432423,0.0
2019-05-06,0.0,0.0,470.33525440000005,5286.459899042372,7094.080599036402,470.33525440000005
2019-05-07,0.0,0.0,0.0,4546.35551317644,6074.990564692418,0.0
2019-05-08,0.0,134850.95963160222,14227.6414456,22789.00008975605,18451.650952957873,14227.6414456
2019-05-09,0.0,0.0,352.7514408,19598.540077190202,19051.5071789708,352.7514408
2019-05-10,0.0,0.0,0.0,16854.744466383574,18172.80209393591,0.0
2019-05-11,0.0,0.0,0.0,14495.080241089874,16701.713352797495,0.0
2019-05-12,0.0,0.0,0.0,12465.76900733729,15007.335614613416,0.0
2019-05-13,0.0,0.0,0.0,10720.561346310069,13292.625907292078,0.0
2019-05-14,0.0,0.0,0.0,9219.682757826658,11663.44864750591,0.0
2019-05-15,0.0,0.0,235.16762720000003,7928.927171730927,10263.707108075918,235.16762720000003
2019-05-16,0.0,0.0,117.58381360000001,6818.877367688597,8932.808737360989,117.58381360000001
2019-05-17,0.0,119679.66662993065,13169.387123200002,22619.387864402488,19675.195237457592,13169.387123200002
2019-05-18,0.0,58459.841752153494,7055.028816,27637.05140868763,25681.949232349605,7055.028816
2019-05-19,0.0,208360.0652036327,22340.924584,52938.27333997994,45520.84870900174,22340.924584
2019-05-20,0.0,0.0,0.0,45526.91507238275,45523.27525435414,0.0
2019-05-21,0.0,43410.68452959159,5644.0230528,45230.64279639199,47663.83149228928,5644.0230528
2019-05-22,0.0,0.0,117.58381360000001,38898.35280489711,44204.67354277241,117.58381360000001
2019-05-23,0.0,0.0,0.0,33452.58341221151,39903.83749054805,0.0
2019-05-24,0.0,46567.65834876691,5408.855425600001,35288.69390332927,40221.32222590054,5408.855425600001
2019-05-25,0.0,0.0,0.0,30348.276756863175,36272.10403828559,0.0
2019-05-26,0.0,0.0,0.0,26099.51801090233,32203.069627332286,0.0
2019-05-27,0.0,382164.9595410177,39155.40992880001,75948.6798251185,65363.47767796677,39155.40992880001
2019-05-28,0.0,0.0,117.58381360000001,65315.8646496019,65391.46599206082,117.58381360000001
2019-05-29,0.0,0.0,705.5028816,56171.643598657625,61985.73818733954,705.5028816
2019-05-30,0.0,0.0,0.0,48307.61349484556,56514.48831034195,0.0
2019-05-31,0.0,0.0,0.0,41544.547605567175,50526.51202843204,0.0
2019-06-01,0.0,0.0,0.0,35728.31094078777,44607.23159337433,0.0
2019-06-02,0.0,0.0,0.0,30726.347409077483,39054.877919655584,0.0
2019-06-03,0.0,0.0,0.0,26424.658771806637,34002.790260516005,0.0
2019-06-04,0.0,60046.97237012978,7172.6126296,31131.782675571878,35723.43227837836,7172.6126296
2019-06-05,0.0,0.0,0.0,26773.33310099181,32143.392607423735,0.0
2019-06-06,0.0,0.0,0.0,23025.066466852957,28496.062151195423,0.0
2019-06-07,0.0,0.0,0.0,19801.557161493543,25018.260155314674,0.0
2019-06-08,0.0,0.0,0.0,17029.339158884446,21822.691756742584,0.0
2019-06-09,0.0,0.0,117.58381360000001,14645.231676640622,18998.741250141797,117.58381360000001
2019-06-10,0.0,0.0,0.0,12594.899241910933,16437.204446849453,0.0
2019-06-11,0.0,22183.813850962077,2822.0115264,13937.347287178094,16566.066193540908,2822.0115264
2019-06-12,0.0,16896.7989279537,3645.0982215999998,14351.67051688668,17138.347211519216,3645.0982215999998
2019-06-13,0.0,0.0,0.0,12342.436644522544,15219.982984720547,0.0
2019-06-14,0.0,0.0,117.58381360000001,10614.495514289387,13424.82152198808,117.58381360000001
2019-06-15,0.0,137897.95513131973,14345.2252592,28434.179860673634,25166.654961142303,14345.2252592
2019-06-16,0.0,0.0,0.0,24453.394680179324,24881.35084875711,0.0
2019-06-17,0.0,0.0,117.58381360000001,21029.919424954216,23387.811804675952,117.58381360000001
2019-06-18,0.0,0.0,0.0,18085.730705460624,21266.97936498982,0.0
2019-06-19,0.0,0.0,0.0,15553.728406696138,18981.678981672347,0.0
2019-06-20,0.0,2376.087148782433,823.0866952000001,13708.85863058822,17201.785519318695,823.0866952000001
2019-06-21,0.0,0.0,117.58381360000001,11789.618422305868,15083.952205953565,117.58381360000001
2019-06-22,0.0,0.0,117.58381360000001,10139.071843183046,13153.033586285357,117.58381360000001
2019-06-23,0.0,25579.07777017993,3409.9305944000002,12300.67267296261,14176.061458716256,3409.9305944000002
2019-06-24,0.0,25074.112206397574,4115.433475999999,14088.954207643506,15787.391948687158,4115.433475999999
2019-06-25,0.0,0.0,0.0,12116.500618573415,14319.03541664166,0.0
2019-06-26,0.0,0.0,0.0,10420.190531973138,12759.497462774252,0.0
2019-06-27,0.0,74755.72072243944,8583.618392800001,19427.16475863842,18860.01173823992,8583.618392800001
2019-06-28,0.0,550802.481587313,57616.068664,93819.70911465288,71890.3181544051,57616.068664
2019-06-29,0.0,0.0,0.0,80684.94983860149,75408.17082808366,0.0
2019-06-30,0.0,20605.201236474033,3645.0982215999998,72273.78503430366,75612.45579921166,3645.0982215999998
2019-07-01,0.0,88731.85941879758,10112.2079696,74577.9154481328,79243.52284662012,10112.2079696
2019-07-02,0.0,0.0,0.0,64137.00728539422,73200.91662212975,0.0
2019-07-03,0.0,88263.43656885558,10935.2946648,67514.7073850788,75300.55079322937,10935.2946648
2019-07-04,0.0,0.0,0.0,58062.64835116777,68405.38981640473,0.0
2019-07-05,0.0,95891.4493623396,11875.965173600001,63358.68049273183,71137.09215637557,11875.965173600001
2019-07-06,0.0,0.0,0.0,54488.46522374937,64477.6413833251,0.0
2019-07-07,0.0,0.0,0.0,46860.080092424454,57430.61686696485,0.0
2019-07-08,0.0,0.0,0.0,40299.66887948503,50578.23767197292,0.0
2019-07-09,0.0,3919.1402413296096,1646.1733904000002,35206.39487014327,45087.96990740106,1646.1733904000002
2019-07-10,0.0,0.0,705.5028816,30277.49958832321,39445.98293240991,705.5028816
2019-07-11,0.0,0.0,0.0,26038.64964595796,34083.049617829136,0.0
2019-07-12,0.0,0.0,0.0,22393.23869552385,29407.125248907018,0.0
2019-07-13,0.0,0.0,0.0,19258.18527815051,25347.549260604417,0.0
2019-07-14,0.0,0.0,0.0,16562.039339209437,21833.345292046426,0.0
2019-07-15,0.0,144242.01358277412,17049.652971999996,34437.235733308495,33694.76265735125,17049.652971999996
2019-07-16,0.0,2594.6011743174176,1998.9248312,29979.266895049743,33008.13428491065,1998.9248312
2019-07-17,0.0,0.0,0.0,25782.169529742776,30117.748382843496,0.0
2019-07-18,0.0,154688.35269027355,17637.57204,43829.03517221709,42657.29191459293,17637.57204
2019-07-19,0.0,7192.171109788673,3174.7629672000003,38699.874203477106,42344.23001702661,3174.7629672000003
2019-07-20,0.0,89693.53482948216,10347.3755968,45838.98669111781,47881.08292538309,10347.3755968
2019-07-21,0.0,0.0,0.0,39421.52855436132,44497.26117697439,0.0
2019-07-22,0.0,0.0,0.0,33902.514556750735,40259.36252888493,0.0
2019-07-23,0.0,0.0,0.0,29156.16251880563,35818.082524853206,0.0
2019-07-24,0.0,0.0,0.0,25074.299766172844,31520.569421381064,0.0
2019-07-25,0.0,0.0,0.0,21563.89779890865,27537.9007723921,0.0
2019-07-26,0.0,0.0,0.0,18544.952107061436,23940.72130625983,0.0
2019-07-27,0.0,0.0,0.0,15948.658812072837,20743.896308585037,0.0
2019-07-28,0.0,2275.768652324714,1293.4219496,14034.4541897081,18577.488240874263,1293.4219496
2019-07-29,0.0,0.0,0.0,12069.630603148966,15974.345185784143,0.0
2019-07-30,0.0,0.0,0.0,10379.88231870811,13736.560038953729,0.0
2019-07-31,0.0,0.0,0.0,8926.698794088974,11812.615541007828,0.0
2019-08-01,0.0,0.0,0.0,7676.960962916517,10158.353709771303,0.0
2019-08-02,0.0,0.0,0.0,6602.186428108205,8735.886797106063,0.0
2019-08-03,0.0,0.0,0.0,5677.880328173056,7512.68420953286,0.0
2019-08-04,0.0,0.0,0.0,4882.977082228827,6460.8013586112465,0.0
2019-08-05,0.0,45755.23206701629,6467.109748,10605.092780099074,10705.361826406379,6467.109748
2019-08-06,0.0,0.0,0.0,9120.379790885203,10071.369012197909,0.0
2019-08-07,0.0,0.0,0.0,7843.526620161275,9180.232055383254,0.0
2019-08-08,0.0,0.0,0.0,6745.432893338696,8206.312390565432,0.0
2019-08-09,0.0,0.0,0.0,5801.072288271279,7244.216349647771,0.0
2019-08-10,0.0,0.0,940.6705088000001,4988.9221679133,6718.366880473983,940.6705088000001
2019-08-11,0.0,0.0,0.0,4290.473064405438,5747.209354046565,0.0
2019-08-12,0.0,15750.401662635022,2586.8438992,5894.8630681575805,6841.00839937097,2586.8438992
2019-08-13,0.0,0.0,235.16762720000003,5069.582238615519,6226.504985948791,235.16762720000003
2019-08-14,0.0,0.0,0.0,4359.840725209346,5479.839281653012,0.0
2019-08-15,0.0,0.0,0.0,3749.4630236800376,4787.688778463823,0.0
2019-08-16,0.0,0.0,117.58381360000001,3224.5382003648324,4209.462072664227,117.58381360000001
2019-08-17,0.0,0.0,0.0,2773.1028523137556,3634.9183845240377,0.0
2019-08-18,0.0,412.8759020948273,2704.4277128000003,2442.6710792831054,4239.790547547665,2704.4277128000003
2019-08-19,0.0,0.0,0.0,2100.6971281834703,3384.153179801988,0.0
2019-08-20,0.0,0.0,235.16762720000003,1806.5995302377846,2847.1987708563065,235.16762720000003
2019-08-21,0.0,0.0,0.0,1553.6755960044948,2329.7895009155814,0.0
2019-08-22,0.0,0.0,0.0,1336.1610125638654,1932.338105574895,0.0
2019-08-23,0.0,0.0,0.0,1149.098470804924,1619.0422516669066,0.0
2019-08-24,0.0,0.0,0.0,988.2246848922348,1366.715224957038,0.0
2019-08-25,0.0,0.0,0.0,849.8732290073219,1159.9784265771514,0.0
2019-08-26,0.0,39057.1960985022,4585.7687304,6198.898430736605,5009.853920400934,4585.7687304
2019-08-27,0.0,0.0,0.0,5331.05265043348,5138.333412413953,0.0
2019-08-28,0.0,0.0,0.0,4584.7052793727935,4916.882159197489,0.0
2019-08-29,0.0,0.0,0.0,3942.846540260602,4527.267911622735,0.0
2019-08-30,0.0,0.0,0.0,3390.848024624118,4072.6999568232877,0.0
2019-08-31,0.0,0.0,235.16762720000003,2916.129301176741,3704.138745444669,235.16762720000003
2019-09-01,0.0,0.0,0.0,2507.8711990119973,3225.6317268716007,0.0
2019-09-02,0.0,180492.95437741658,19871.6644984,27425.78284398864,20854.35797307842,19871.6644984
2019-09-03,0.0,0.0,1411.0057632,23586.17324583023,22511.486387459143,1411.0057632
2019-09-04,0.0,0.0,0.0,20284.108991413996,21620.535429041083,0.0
2019-09-05,0.0,0.0,0.0,17444.333732616036,19950.054750471063,0.0
2019-09-06,0.0,0.0,0.0,15002.127010049791,17970.883654302554,0.0
2019-09-07,0.0,0.0,0.0,12901.829228642819,15943.26188403866,0.0
2019-09-08,0.0,24802.472895579333,3409.9305944000002,14567.919342013933,16757.09710498877,3409.9305944000002
2019-09-09,0.0,34481.4569140651,3880.2658488,17355.814602101094,18548.6904433537,3880.2658488
2019-09-10,0.0,0.0,0.0,14926.000557806943,17099.614489134994,0.0
2019-09-11,0.0,126303.21645901684,13404.554750399999,30518.81078397633,27829.11490723153,13404.554750399999
2019-09-12,0.0,309879.6540267201,31747.629672,69629.32883796045,57248.2523483231,31747.629672
2019-09-13,0.0,0.0,0.0,59881.22280064599,58301.44052925226,0.0
2019-09-14,0.0,0.0,705.5028816,51497.85160855555,55862.206113613574,705.5028816
2019-09-15,0.0,0.0,0.0,44288.15238335778,51232.584621511254,0.0
2019-09-16,0.0,0.0,0.0,38087.81104968768,45974.67519278183,0.0
2019-09-17,0.0,0.0,0.0,32755.51750273141,40687.01211676166,0.0
2019-09-18,0.0,5750.9659233206075,1646.1733904000002,28974.8802816139,36660.62873886256,1646.1733904000002
2019-09-19,0.0,55607.9627051427,6584.693561600001,32703.511820907934,37711.65939632071,6584.693561600001
2019-09-20,0.0,0.0,0.0,28125.020165980823,33877.00370418475,0.0
2019-09-21,0.0,0.0,352.7514408,24187.517342743507,30142.309735928255,352.7514408
2019-09-22,0.0,6729.96167349444,1175.838136,21743.459549048635,27253.104915576405,1175.838136
2019-09-23,0.0,0.0,0.0,18699.37521218183,23831.613034218575,0.0
2019-09-24,0.0,83422.63663005388,9053.9536472,27760.63181068392,29024.802003684712,9053.9536472
2019-09-25,0.0,0.0,0.0,23874.143357188168,26964.538545086096,0.0
2019-09-26,0.0,0.0,470.33525440000005,20531.763287181824,24579.562543684387,470.33525440000005
2019-09-27,0.0,0.0,352.7514408,17657.31642697637,21951.76467332118,352.7514408
2019-09-28,0.0,0.0,587.919068,15185.292127199677,19480.34328207258,587.919068
2019-09-29,0.0,19935.586196973203,2469.2600856,15850.33329696797,19016.043322270732,2469.2600856
2019-09-30,0.0,7402.2329772594285,1058.2543223999999,14667.599252208776,17699.96742320595,1058.2543223999999
2019-10-01,0.0,165516.0011517457,17402.404412800002,35786.37551814395,31895.49242630115,17402.404412800002
2019-10-02,0.0,50051.925826920604,5644.0230528,37783.55256137268,36508.32570144976,5644.0230528
2019-10-03,0.0,0.0,352.7514408,32493.8552027805,35043.63807830206,352.7514408
2019-10-04,0.0,0.0,0.0,27944.71547439123,32204.069036737725,0.0
2019-10-05,0.0,156244.2202002258,16226.566276799998,45906.64613600807,44175.726387165865,16226.566276799998
2019-10-06,0.0,0.0,0.0,39479.71567696694,42297.32210308629,0.0
2019-10-07,0.0,0.0,0.0,33952.55548219157,38959.415454728405,0.0
2019-10-08,0.0,0.0,0.0,29199.19771468475,35055.32835871094,0.0
2019-10-09,0.0,0.0,470.33525440000005,25111.310034628885,31265.85513083812,470.33525440000005
2019-10-10,0.0,55054.34784842307,5996.774493600001,29303.33532856007,32879.5570073669,5996.774493600001
2019-10-11,0.0,0.0,470.33525440000005,25200.86838256166,29996.21565920481,470.33525440000005
2019-10-12,0.0,2336.237198872346,940.6705088000001,21999.820016845155,27173.925605780947,940.6705088000001
2019-10-13,0.0,0.0,0.0,18919.845214486835,23872.293449263303,0.0
2019-10-14,0.0,0.0,0.0,16271.066884458676,20831.80282334145,0.0
2019-10-15,0.0,0.0,0.0,13993.117520634461,18096.328702258656,0.0
2019-10-16,0.0,0.0,0.0,12034.081067745637,15671.42964845345,0.0
2019-10-17,0.0,0.0,0.0,10349.30971826125,13542.581676376569,0.0
2019-10-18,0.0,0.0,0.0,8900.406357704673,11685.71154890781,0.0
2019-10-19,0.0,11031.848242974314,1528.5895768,9198.808221642425,11302.386048721657,1528.5895768
2019-10-20,0.0,0.0,0.0,7910.975070612485,9945.821657477987,0.0
2019-10-21,0.0,166137.95607615638,17167.236785600002,30062.752411388632,24859.48867328225,17167.236785600002
2019-10-22,0.0,1060.9071109015513,940.6705088000001,26002.494069320444,25692.959035217526,940.6705088000001
2019-10-23,0.0,0.0,0.0,22362.14489961558,24360.633380976746,0.0
2019-10-24,0.0,0.0,0.0,19231.4446136694,22308.957874053805,0.0
2019-10-25,0.0,0.0,0.0,16539.042367755683,20000.991671534557,0.0
2019-10-26,0.0,0.0,0.0,14223.576436269886,17690.02557742869,0.0
2019-10-27,0.0,0.0,0.0,12232.275735192103,15506.925640534051,0.0
2019-10-28,0.0,0.0,0.0,10519.75713226521,13512.058237226514,0.0
2019-10-29,0.0,0.0,0.0,9046.991133748079,11726.03139583514,0.0
2019-10-30,0.0,0.0,0.0,7780.412375023348,10147.783787510423,0.0
2019-10-31,0.0,0.0,0.0,6691.1546425200795,8765.132129514286,0.0
2019-11-01,0.0,0.0,0.0,5754.392992567268,7560.836474735479,0.0
2019-11-02,0.0,0.0,0.0,4948.77797360785,6516.013074284428,0.0
2019-11-03,0.0,13403.765029484812,1528.5895768,6132.476161430624,6974.034139862907,1528.5895768
2019-11-04,0.0,1061.632907052604,352.7514408,5422.558105817701,6494.544302564825,352.7514408
2019-11-05,0.0,3018.388309213114,587.919068,5085.974334293059,6166.283942456119,587.919068
2019-11-06,0.0,36501.732199581485,3880.2658488,9484.180435433438,9045.548879167047,3880.2658488
2019-11-07,0.0,0.0,0.0,8156.395174472757,8689.88739728933,0.0
2019-11-08,0.0,0.0,0.0,7014.499850046571,8019.732378392226,0.0
2019-11-09,0.0,0.0,0.0,6032.469871040051,7224.827375451357,0.0
2019-11-10,0.0,0.0,0.0,5187.924089094444,6410.066060908592,0.0
2019-11-11,0.0,0.0,0.0,4461.614716621222,5630.685523193644,0.0
2019-11-12,0.0,0.0,0.0,3836.9886562942506,4913.206776433886,0.0
2019-11-13,0.0,1144.526309937411,352.7514408,3460.043927804293,4473.042213302049,352.7514408
2019-11-14,0.0,0.0,0.0,2975.637777911692,3874.080439145906,0.0
2019-11-15,0.0,0.0,0.0,2559.048489004055,3348.0676590891658,0.0
2019-11-16,0.0,0.0,0.0,2200.7817005434877,2889.153275670895,0.0
2019-11-17,0.0,9461.38160532883,1058.2543223999999,3217.2656872134353,3443.6999692479108,1058.2543223999999
2019-11-18,0.0,0.0,0.0,2766.8484910035545,3172.9593779501683,0.0
2019-11-19,0.0,28243.691832702814,2939.59534,6333.606558841451,5613.056386306682,2939.59534
2019-11-20,0.0,9690.275862662089,1058.2543223999999,6803.54026137634,6512.551665294544,1058.2543223999999
2019-11-21,0.0,73079.51172118186,7642.947884,16082.176265749113,13397.580659076375,7642.947884
2019-11-22,0.0,0.0,0.0,13830.671588544237,13570.81703086352,0.0
2019-11-23,0.0,0.0,0.0,11894.377566148045,12900.24124497733,0.0
2019-11-24,0.0,5109.451615706883,587.919068,10944.487933086282,12353.10754742091,587.919068
2019-11-25,0.0,0.0,0.0,9412.259622454201,11176.768377434228,0.0
2019-11-26,0.0,57220.207366432325,5996.774493600001,16105.372306611138,15546.919746544992,5996.774493600001
2019-11-27,0.0,23757.6242389579,2586.8438992,17176.687577139684,17233.56443846287,2586.8438992
2019-11-28,0.0,1931.5913287372437,235.16762720000003,15042.374102363343,16451.15535490306,235.16762720000003
2019-11-29,0.0,30164.993843774067,3057.1791536,17159.540866160845,17957.38122084617,3057.1791536
2019-11-30,0.0,20804.248720853786,2116.5086447999997,17669.799965817856,18688.952176754847,2116.5086447999997
2019-12-01,0.0,7739.572253563145,823.0866952000001,16279.568086102197,18054.433218573784,823.0866952000001
2019-12-02,0.0,0.0,0.0,14000.42855404789,16432.831352763427,0.0
2019-12-03,0.0,157.37829767599803,0.0,12062.401518155826,14684.659418920388,0.0
2019-12-04,0.0,84.97245463061003,0.0,10385.561449262295,12965.020231057151,0.0
2019-12-05,0.0,0.0,0.0,8931.582846365574,11351.64527718052,0.0
2019-12-06,0.0,0.0,0.0,7681.161247874393,9883.45166545807,0.0
2019-12-07,0.0,0.0,0.0,6605.7986731719775,8572.390468543632,0.0
2019-12-08,0.0,0.0,0.0,5680.9868589279,7415.829024697338,0.0
2019-12-09,0.0,11298.406382140427,1175.838136,6467.425592177654,7506.802906089466,1175.838136
2019-12-10,0.0,0.0,0.0,5561.986009272782,6728.876147362793,0.0
2019-12-11,0.0,0.0,0.0,4783.307967974592,5950.648875607512,0.0
2019-12-12,0.0,14760.542913985946,1528.5895768,6180.120860416182,6653.87350025098,1528.5895768
2019-12-13,0.0,1145.3930392396423,117.58381360000001,5475.258965451467,6229.461211771175,117.58381360000001
2019-12-14,0.0,0.0,0.0,4708.722710288262,5621.16581117801,0.0
2019-12-15,0.0,0.0,0.0,4049.501530847905,4992.500099045968,0.0
2019-12-16,0.0,0.0,0.0,3482.5713165291986,4388.5285860392605,0.0
2019-12-17,0.0,0.0,0.0,2995.0113322151105,3831.1216845096005,0.0
2019-12-18,0.0,0.0,0.0,2575.7097457049945,3328.956908987758,0.0
2019-12-19,0.0,0.0,0.0,2215.1103813062955,2883.4182979151733,0.0
2019-12-20,0.0,0.0,0.0,1904.9949279234138,2492.0489499184696,0.0
2019-12-21,0.0,0.0,0.0,1638.2956380141359,2150.5476251567356,0.0
2019-12-22,0.0,250.04346078172478,0.0,1443.9403332015984,1867.904708374681,0.0
2019-12-23,0.0,130.68540081377228,0.0,1260.0846426673027,1624.7766820917295,0.0
2019-12-24,0.0,175.6135892616516,0.0,1108.2586951905114,1418.1694873312424,0.0
2019-12-25,0.0,3589.6430353068945,352.7514408,1455.6525028068052,1574.2632698414673,352.7514408
2019-12-26,0.0,0.0,0.0,1251.8611524138526,1445.3024228704214,0.0
2019-12-27,0.0,0.0,0.0,1076.6005910759134,1297.8216901526182,0.0
2019-12-28,0.0,61819.13844653689,6231.9421208,9580.555890840451,7103.692218747751,6231.9421208
2019-12-29,0.0,20900.35891654388,2116.5086447999997,11165.328314438932,9574.950114944222,2116.5086447999997
2019-12-30,0.0,16243.726354046628,1646.1733904000002,11876.304039984008,11153.961041120137,1646.1733904000002
2019-12-31,0.0,89.15555455868343,0.0,10226.103252024464,10782.817925481868,0.0
2020-01-01,0.0,0.0,0.0,8794.448796741039,9987.470273985537,0.0
2020-01-02,0.0,0.0,0.0,7563.225965197293,9017.77255047024,0.0
2020-01-03,0.0,958.2220700453277,117.58381360000001,6638.525419876018,8113.107223672551,117.58381360000001
2020-01-04,0.0,0.0,0.0,5709.131861093375,7151.51707864088,0.0
2020-01-05,0.0,0.0,0.0,4909.853400540303,6254.851607400649,0.0
2020-01-06,0.0,0.0,0.0,4222.473924464661,5441.9005342262535,0.0
2020-01-07,0.0,1906.109149644189,235.16762720000003,3898.1828559897945,4918.480513811671,235.16762720000003
2020-01-08,0.0,0.0,0.0,3352.437256151223,4292.063210747491,0.0
2020-01-09,0.0,0.0,0.0,2883.096040290052,3728.476342564516,0.0
2020-01-10,0.0,0.0,0.0,2479.4625946494443,3228.870843398487,0.0
2020-01-11,0.0,0.0,0.0,2132.3378313985218,2790.257638598501,0.0
2020-01-12,0.0,10244.160386322794,1058.2543223999999,3267.9929890879203,3404.6535077542685,1058.2543223999999
2020-01-13,0.0,16397.372041801424,1646.1733904000002,5106.106056467812,4743.703883399687,1646.1733904000002
2020-01-14,0.0,0.0,0.0,4391.2512085623175,4602.722813464739,0.0
2020-01-15,0.0,3379.0049006570684,352.7514408,4249.536725455583,4602.548954581077,352.7514408
2020-01-16,0.0,0.0,0.0,3654.601583891801,4223.370006305367,0.0
2020-01-17,0.0,32434.900265586577,3292.3467808000005,7683.84339932907,6924.498075834848,3292.3467808000005
2020-01-18,0.0,5809.015117439674,587.919068,7421.367439864555,7358.413448646732,587.919068
2020-01-19,0.0,0.0,0.0,6382.375998283518,6967.998468501447,0.0
2020-01-20,0.0,1170.7941745876321,117.58381360000001,5652.754542966093,6488.934423727305,117.58381360000001
2020-01-21,0.0,0.0,0.0,4861.36890695084,5837.908217016719,0.0
2020-01-22,0.0,28023.334075435996,2822.0115264,8104.044030538762,7873.167152985537,2822.0115264
2020-01-23,0.0,2370.86836019411,235.16762720000003,7301.399436690511,7738.527117347526,235.16762720000003
2020-01-24,0.0,9316.125648190344,940.6705088000001,7583.461106300487,8052.768916448709,940.6705088000001
2020-01-25,0.0,0.0,0.0,6521.776551418419,7440.371970436594,0.0
2020-01-26,0.0,0.0,0.0,5608.72783421984,6707.714315949893,0.0
2020-01-27,0.0,0.0,0.0,4823.505937429062,5954.030964541561,0.0
2020-01-28,0.0,0.0,0.0,4148.215106188994,5231.704621200533,0.0
2020-01-29,0.0,2277.499608803066,235.16762720000003,3886.3149365549634,4787.615798222306,235.16762720000003
2020-01-30,0.0,0.0,0.0,3342.2308454372683,4209.46181710829,0.0
2020-01-31,0.0,2211.9610244659057,235.16762720000003,3183.9930705012775,3893.3413693454854,235.16762720000003
2020-02-01,0.0,0.0,0.0,2738.2340406310987,3431.2984378597307,0.0
2020-02-02,0.0,0.0,0.0,2354.8812749427448,3000.7315726929364,0.0
2020-02-03,0.0,0.0,0.0,2025.1978964507605,2610.518102196066,0.0
2020-02-04,0.0,0.0,0.0,1741.670190947654,2262.9789376967015,0.0
2020-02-05,0.0,0.0,0.0,1497.8363642149825,1956.9219083040139,0.0
2020-02-06,0.0,0.0,0.0,1288.1392732248846,1689.408854272362,0.0
2020-02-07,0.0,0.0,0.0,1107.7997749734009,1456.7652225527777,0.0
2020-02-08,0.0,0.0,0.0,952.7078064771249,1255.1422561225165,0.0
2020-02-09,0.0,86103.1088446366,8701.202206400001,12873.763951819454,9383.071816961292,8701.202206400001
2020-02-10,0.0,0.0,0.0,11071.436998564732,10058.417889602668,0.0
2020-02-11,0.0,0.0,0.0,9521.435818765669,9843.625061267869,0.0
2020-02-12,0.0,5736.761269576698,587.919068,8991.581381879212,9737.975216712404,587.919068
2020-02-13,0.0,0.0,0.0,7732.759988416123,8935.889125393891,0.0
2020-02-14,0.0,0.0,0.0,6650.173590037865,8021.602911251481,0.0
2020-02-15,0.0,0.0,0.0,5719.149287432564,7100.621461723914,0.0
2020-02-16,0.0,0.0,0.0,4918.468387192005,6227.76023191115,0.0
2020-02-17,0.0,46485.48361875547,4703.352544,10737.85051961089,9913.137364591048,4703.352544
2020-02-18,0.0,0.0,0.0,9234.551446865366,9641.702997500774,0.0
2020-02-19,0.0,0.0,0.0,7941.714244304215,8961.70749622215,0.0
2020-02-20,0.0,0.0,0.0,6829.874250101624,8108.974197773941,0.0
2020-02-21,0.0,0.0,0.0,5873.691855087397,7214.861260699324,0.0
2020-02-22,0.0,0.0,0.0,5051.374995375161,6349.466754569659,0.0
2020-02-23,0.0,0.0,0.0,4344.182496022639,5547.353051150851,0.0
2020-02-24,0.0,0.0,0.0,3735.9969465794697,4822.810609322299,0.0
2020-02-25,0.0,0.0,0.0,3212.9573740583437,4178.869315216717,0.0
2020-02-26,0.0,0.0,0.0,2763.1433416901755,3612.5789258061,0.0
2020-02-27,0.0,0.0,0.0,2376.3032738535508,3118.0686650250805,0.0
2020-02-28,0.0,451.20931217093766,117.58381360000001,2106.790119217985,2760.5907721422427,117.58381360000001
2020-02-29,0.0,0.0,0.0,1811.8395025274672,2381.0902642963324,0.0
2020-03-01,0.0,0.0,0.0,1558.1819721736217,2051.926947447248,0.0
2020-03-02,0.0,0.0,0.0,1340.0364960693148,1767.1707668960746,0.0
2020-03-03,0.0,0.0,0.0,1152.4313866196105,1521.275014785489,0.0
2020-03-04,0.0,0.0,0.0,991.0909924928651,1309.2014058684395,0.0
2020-03-05,0.0,3142.3668623030158,352.7514408,1292.2696142662862,1443.529265547578,352.7514408
2020-03-06,0.0,0.0,0.0,1111.3518682690062,1310.6583066361493,0.0
2020-03-07,0.0,0.0,0.0,955.7626067113451,1168.7000266662276,0.0
2020-03-08,0.0,0.0,0.0,821.9558417717568,1030.0023527084393,0.0
2020-03-09,0.0,0.0,0.0,706.8820239237109,900.7542211945479,0.0
2020-03-10,0.0,27475.73575454634,3057.1791536,4454.521546210879,3545.132812641081,3057.1791536
2020-03-11,0.0,553.4469034412541,117.58381360000001,3908.3710962231316,3737.461651513902,117.58381360000001
2020-03-12,0.0,7077.13077371116,823.0866952000001,4351.9974510714555,4312.510649416923,823.0866952000001
2020-03-13,0.0,0.0,0.0,3742.717807921452,4084.593512818735,0.0
2020-03-14,0.0,0.0,0.0,3218.7373148124484,3738.2510336162204,0.0
2020-03-15,0.0,0.0,0.0,2768.1140907387057,3350.196256465215,0.0
2020-03-16,0.0,323.0154547546724,117.58381360000001,2425.8002817009406,3027.4713919995047,117.58381360000001
2020-03-17,0.0,0.0,0.0,2086.188242262809,2650.9581321048267,0.0
2020-03-18,0.0,0.0,0.0,1794.1218883460156,2308.2236346013024,0.0
2020-03-19,0.0,79082.41419625937,7995.6993248,12614.482811453887,9629.007035262335,7995.6993248
2020-03-20,0.0,1097.7775553750464,705.5028816,11002.14407560285,10460.463004038542,705.5028816
2020-03-21,0.0,0.0,117.58381360000001,9461.84390501845,10108.048889870506,117.58381360000001
2020-03-22,0.0,0.0,117.58381360000001,8137.185758315866,9366.73716268865,117.58381360000001
2020-03-23,0.0,1928.2837933701153,352.7514408,7267.939483223462,8668.318667222575,352.7514408
2020-03-24,0.0,0.0,0.0,6250.427955572177,7701.162382562416,0.0
2020-03-25,0.0,52295.78326025824,5291.2716120000005,12696.777698228225,11815.91715362874,5291.2716120000005
2020-03-26,0.0,0.0,0.0,10919.228820476274,11457.241820367752,0.0
2020-03-27,0.0,24031.711802359907,2822.0115264,12754.976437939982,13105.140277956645,2822.0115264
2020-03-28,0.0,54512.1239507603,5526.4392392,18600.977089734828,17514.05069834792,5526.4392392
2020-03-29,0.0,19990.293867514458,2116.5086447999997,18795.481438623974,18873.22645237834,2116.5086447999997
2020-03-30,0.0,0.0,0.0,16164.11403721662,17789.58148631365,0.0
2020-03-31,0.0,0.0,0.0,13901.138072006293,16234.204120590708,0.0
2020-04-01,0.0,0.0,0.0,11954.978741925413,14522.51396912459,0.0
2020-04-02,0.0,0.0,117.58381360000001,10281.281718055854,12873.054594137095,117.58381360000001
2020-04-03,0.0,28870.81921446707,2939.59534,12883.816967553425,14053.197679503626,2939.59534
2020-04-04,0.0,0.0,0.0,11080.082592095945,12863.951644540553,0.0
2020-04-05,0.0,0.0,0.0,9528.871029202512,11529.919398405336,0.0
2020-04-06,0.0,0.0,0.0,8194.82908511416,10195.883273088866,0.0
2020-04-07,0.0,12663.153658028812,1763.757204,8820.394525322212,10351.190655582204,1763.757204
2020-04-08,0.0,0.0,352.7514408,7585.539291777101,9386.030686380163,352.7514408
2020-04-09,0.0,0.0,352.7514408,6523.563790928307,8382.144504519421,352.7514408
2020-04-10,0.0,0.0,0.0,5610.264860198343,7273.3926467909905,0.0
2020-04-11,0.0,0.0,0.0,4824.827779770575,6293.966699982824,0.0
2020-04-12,0.0,90976.98276034163,9289.1212744,16886.129477050523,14246.480320569906,9289.1212744
2020-04-13,0.0,0.0,0.0,14522.071350263452,14356.716732447325,0.0
2020-04-14,0.0,0.0,0.0,12488.981361226568,13609.622583959022,0.0
2020-04-15,0.0,0.0,0.0,10740.52397065485,12461.983138637353,0.0
2020-04-16,0.0,0.0,0.0,9236.85061476317,11171.93012908768,0.0
2020-04-17,0.0,0.0,0.0,7943.691528696326,9880.634688931139,0.0
2020-04-18,0.0,0.0,0.0,6831.57471467884,8661.010699230217,0.0
2020-04-19,0.0,0.0,0.0,5875.154254623802,7546.668121387651,0.0
2020-04-20,0.0,0.0,352.7514408,5052.632658976469,6690.154512743178,352.7514408
2020-04-21,0.0,0.0,0.0,4345.264086719763,5752.1983423338115,0.0
2020-04-22,0.0,0.0,0.0,3736.927114578997,4946.089851231885,0.0
2020-04-23,0.0,0.0,0.0,3213.7573185379374,4253.156838154307,0.0
2020-04-24,0.0,4701.6442673270085,940.6705088000001,3422.061491368407,4296.986902959946,940.6705088000001
2020-04-25,0.0,0.0,0.0,2942.97288257683,3755.3812948066998,0.0
2020-04-26,0.0,0.0,0.0,2530.956679016074,3265.6114484904497,0.0
2020-04-27,0.0,1904.222378948832,1175.838136,2443.2138770066604,3406.987674296934,1175.838136
2020-04-28,0.0,35502.07415535235,3645.0982215999998,7071.4543159750565,6330.813619608183,3645.0982215999998
2020-04-29,0.0,0.0,470.33525440000005,6081.450711738549,6419.20255822033,470.33525440000005
2020-04-30,0.0,0.0,0.0,5230.047612095152,5943.540579770259,0.0
2020-05-01,0.0,0.0,0.0,4497.8409464018305,5365.260726422886,0.0
2020-05-02,0.0,0.0,0.0,3868.143213905574,4766.413721415962,0.0
2020-05-03,0.0,0.0,0.0,3326.603163958794,4190.489498433095,0.0
2020-05-04,0.0,0.0,0.0,2860.878721004563,3658.645187461682,0.0
2020-05-05,0.0,0.0,0.0,2460.3557000639244,3179.329392502579,0.0
2020-05-06,0.0,0.0,0.0,2115.905902054975,2753.9599963235373,0.0
2020-05-07,0.0,0.0,0.0,1819.6790757672784,2380.2476281010336,0.0
2020-05-08,0.0,0.0,0.0,1564.9240051598595,2054.118178924564,0.0
2020-05-09,0.0,26405.719181082815,2939.59534,5042.635329789074,4425.363175270368,2939.59534
2020-05-10,0.0,22772.507857324672,2822.0115264,7524.817483644058,6793.949509179843,2822.0115264
2020-05-11,0.0,0.0,0.0,6471.343035933889,6664.906919881461,0.0
2020-05-12,0.0,0.0,0.0,5565.355010903144,6225.086156290135,0.0
2020-05-13,0.0,5086.195011945469,823.0866952000001,5498.27261104907,6263.59541627371,823.0866952000001
2020-05-14,0.0,0.0,587.919068,4728.5144455022,5884.730655165105,587.919068
2020-05-15,0.0,0.0,0.0,4066.522423131892,5157.447362351821,0.0
2020-05-16,0.0,27197.676514886818,3057.1791536,7304.883995977582,7239.293677242125,3057.1791536
2020-05-17,0.0,256543.88666245993,25868.438992,42198.344369285114,31570.28955085932,25868.438992
2020-05-18,0.0,0.0,470.33525440000005,36290.5761575852,33646.53829530967,470.33525440000005
2020-05-19,0.0,0.0,0.0,31209.89549552327,32671.881175395116,0.0
2020-05-20,0.0,0.0,0.0,26840.510126150013,30339.332755697073,0.0
2020-05-21,0.0,0.0,0.0,23082.838708489013,27436.735136813848,0.0
2020-05-22,0.0,0.0,0.0,19851.24128930055,24402.53759780853,0.0
2020-05-23,0.0,58828.48783389899,6467.109748,25308.05580554433,27351.588780102844,6467.109748
2020-05-24,0.0,0.0,352.7514408,21764.92799276812,25258.025041488956,352.7514408
2020-05-25,0.0,102014.55750757053,11523.213732799999,32999.876124840455,32964.05096794955,11523.213732799999
2020-05-26,0.0,5579.0749474476,1528.5895768,29160.963960005454,32054.25199549191,1528.5895768
2020-05-27,0.0,6434.504277026378,940.6705088000001,25979.259604388386,30000.523242570503,940.6705088000001
2020-05-28,0.0,0.0,1411.0057632,22342.163259774014,27501.581554731903,1411.0057632
2020-05-29,0.0,0.0,0.0,19214.26040340565,24186.653094201403,0.0
2020-05-30,0.0,0.0,0.0,16524.26394692886,21121.697435292386,0.0
2020-05-31,0.0,0.0,0.0,14210.866994358821,18357.36525891896,0.0
2020-06-01,0.0,0.0,705.5028816,12221.345615148586,16185.15855405081,705.5028816
2020-06-02,0.0,35857.73402299555,4820.9363576,15530.439992247162,17851.64567236935,4820.9363576
2020-06-03,0.0,0.0,0.0,13356.178393332559,16053.458760754635,0.0
2020-06-04,0.0,0.0,0.0,11486.313418266,14226.60062375918,0.0
2020-06-05,0.0,0.0,823.0866952000001,9878.22953970876,12816.486868219012,823.0866952000001
2020-06-06,0.0,3097.7529959655826,1293.4219496,8928.962823584714,11778.846030205292,1293.4219496
2020-06-07,0.0,0.0,0.0,7678.9080282828545,10138.870829436317,0.0
2020-06-08,0.0,0.0,0.0,6603.8609043232545,8724.866859391092,0.0
2020-06-09,0.0,206894.87731795484,21517.8378888,34644.60320223168,27699.89655204733,21517.8378888
2020-06-10,0.0,0.0,352.7514408,29794.358753919245,28678.782009116097,352.7514408
2020-06-11,0.0,0.0,0.0,25623.14852837055,27456.52861681788,0.0
2020-06-12,0.0,0.0,0.0,22035.907734398676,25288.2802638502,0.0
2020-06-13,0.0,0.0,235.16762720000003,18950.88065158286,22847.387469823265,235.16762720000003
2020-06-14,0.0,0.0,0.0,16297.757360361258,20227.535426038463,0.0
2020-06-15,0.0,0.0,0.0,14016.071329910683,17742.949787587346,0.0
2020-06-16,0.0,0.0,0.0,12053.821343723186,15467.298410041683,0.0
2020-06-17,0.0,0.0,0.0,10366.28635560194,13426.893588265786,0.0
2020-06-18,0.0,17656.842181928096,2586.8438992,11386.9641712876,13645.659381154512,2586.8438992
2020-06-19,0.0,0.0,823.0866952000001,9792.789187307337,12433.745981695642,823.0866952000001
2020-06-20,0.0,40209.486529270056,5408.855425600001,14051.126815182117,15244.240485330232,5408.855425600001
2020-06-21,0.0,33591.34500387435,4938.5201712,16786.75736159903,17836.655304317752,4938.5201712
2020-06-22,0.0,0.0,0.0,14436.611330975165,16476.637714980716,0.0
2020-06-23,0.0,0.0,0.0,12415.485744638643,14852.176926843887,0.0
2020-06-24,0.0,0.0,1058.2543223999999,10677.317740389231,13605.534981222023,1058.2543223999999
2020-06-25,0.0,0.0,0.0,9182.493256734739,11836.31829142711,0.0
2020-06-26,0.0,12287.156832584415,2822.0115264,9617.146157353693,12077.454048357744,2822.0115264
2020-06-27,0.0,0.0,0.0,8270.745695324176,10554.770707144315,0.0
2020-06-28,0.0,0.0,235.16762720000003,7112.841297978791,9272.065994358105,235.16762720000003
2020-06-29,0.0,68178.35158148478,7055.028816,15662.012737669631,14650.056218082715,7055.028816
2020-06-30,0.0,0.0,0.0,13469.330954395882,14177.76611260798,0.0
2020-07-01,0.0,0.0,0.0,11583.62462078046,13140.109515876973,0.0
2020-07-02,0.0,0.0,0.0,9961.917173871194,11868.83257907466,0.0
2020-07-03,0.0,0.0,0.0,8567.248769529226,10548.199055256488,0.0
2020-07-04,0.0,0.0,0.0,7367.833941795135,9276.053009871945,0.0
2020-07-05,0.0,0.0,0.0,6336.337189943815,8100.166681900693,0.0
2020-07-06,0.0,0.0,0.0,5449.249983351681,7039.800002481089,0.0
2020-07-07,0.0,0.0,235.16762720000003,4686.354985682446,6192.489046641632,235.16762720000003
2020-07-08,0.0,0.0,0.0,4030.265287686903,5327.5995430597395,0.0
2020-07-09,0.0,122132.26650816078,12581.4680552,20564.54545855325,16454.965131337143,12581.4680552
2020-07-10,0.0,0.0,0.0,17685.509094355795,16947.182716544605,0.0
2020-07-11,0.0,97758.29433449717,11758.38136,28895.699027975592,26429.941785117,11758.38136
2020-07-12,0.0,0.0,0.0,24850.30116405901,25798.085536693805,0.0
2020-07-13,0.0,0.0,0.0,21371.259001090748,24027.35492245258,0.0
2020-07-14,0.0,62307.13450722101,6702.277375199999,27102.281571948984,27938.236532331142,6702.277375199999
2020-07-15,0.0,0.0,0.0,23307.962151876123,26086.126780149134,0.0
2020-07-16,0.0,0.0,0.0,20044.847450613466,23669.61504833487,0.0
2020-07-17,0.0,0.0,0.0,17238.568807527583,21097.196552011956,0.0
2020-07-18,0.0,41113.5157677181,5761.6068663999995,20581.061381954256,23195.385230548873,5761.6068663999995
2020-07-19,0.0,0.0,0.0,17699.712788480658,20997.116253721586,0.0
2020-07-20,0.0,0.0,0.0,15221.752998093367,18686.9709514703,0.0
2020-07-21,0.0,0.0,0.0,13090.707578360296,16448.4656022263,0.0
2020-07-22,0.0,0.0,0.0,11258.008517389855,14372.282768291721,0.0
2020-07-23,0.0,0.0,0.0,9681.887324955274,12496.124590957143,0.0
2020-07-24,0.0,0.0,0.0,8326.423099461537,10828.2439943589,0.0
2020-07-25,0.0,0.0,0.0,7160.723865536922,9361.235942830108,0.0
2020-07-26,0.0,53030.76083737621,6584.693561600001,13582.529041594424,13683.630606975836,6584.693561600001
2020-07-27,0.0,0.0,0.0,11680.974975771205,12882.568354493982,0.0
2020-07-28,0.0,0.0,1763.757204,10045.638479163237,12453.299285961686,1763.757204
2020-07-29,0.0,0.0,0.0,8639.249092080383,10927.679208409165,0.0
2020-07-30,0.0,0.0,0.0,7429.75421918913,9528.50921272115,0.0
2020-07-31,0.0,0.0,0.0,6389.588628502651,8272.94097903375,0.0
2020-08-01,0.0,0.0,0.0,5495.046220512279,7161.7830756251615,0.0
2020-08-02,0.0,0.0,0.0,4725.73974964056,6187.365745231321,0.0
2020-08-03,0.0,0.0,0.0,4064.1361846908817,5338.073921015145,0.0
2020-08-04,0.0,0.0,0.0,3495.157118834158,4600.90720014275,0.0
2020-08-05,0.0,0.0,0.0,3005.835122197376,3962.8783689646007,0.0
2020-08-06,0.0,0.0,0.0,2585.0182050897433,3411.734303414658,0.0
2020-08-07,0.0,0.0,0.0,2223.115656377179,2936.2868445996664,0.0
2020-08-08,0.0,0.0,352.7514408,1911.8794644843742,2667.6244688735496,352.7514408
2020-08-09,0.0,0.0,352.7514408,1644.2163394565619,2399.3617934267545,352.7514408
2020-08-10,0.0,0.0,705.5028816,1414.0260519326432,2287.42864946911,705.5028816
2020-08-11,0.0,0.0,0.0,1216.062404662073,1858.882151546295,0.0
2020-08-12,0.0,7741.546419094007,1058.2543223999999,2129.630166682544,2390.4830865607946,1058.2543223999999
2020-08-13,0.0,0.0,0.0,1831.4819433469877,2166.882629275272,0.0
2020-08-14,0.0,93745.29259097933,10229.7917832,14699.415434015516,11271.812464451372,10229.7917832
2020-08-15,0.0,0.0,0.0,12641.497273253342,11819.686387972159,0.0
2020-08-16,0.0,0.0,0.0,10871.687654997873,11440.486894782443,0.0
2020-08-17,0.0,0.0,0.0,9349.651383298171,10604.152690188736,0.0
2020-08-18,0.0,0.0,0.0,8040.700189636426,9578.77168996781,0.0
2020-08-19,0.0,0.0,0.0,6915.002163087327,8513.26387921562,0.0
2020-08-20,0.0,0.0,0.0,5946.901860255102,7486.719071631412,0.0
2020-08-21,0.0,0.0,705.5028816,5114.335599819387,6819.966835546602,705.5028816
2020-08-22,0.0,23664.065373869882,3880.2658488,7711.297768186458,8728.605548122543,3880.2658488
2020-08-23,0.0,0.0,0.0,6631.716080640353,7889.849761129667,0.0
2020-08-24,0.0,0.0,0.0,5703.275829350703,7015.220188418082,0.0
2020-08-25,0.0,0.0,0.0,4904.817213241604,6171.05899834749,0.0
2020-08-26,0.0,0.0,0.0,4218.142803387779,5389.892520363606,0.0
2020-08-27,0.0,0.0,0.0,3627.6028109134904,4684.976636583559,0.0
2020-08-28,0.0,79612.21731243368,8936.3698336,14265.44884112632,12091.713451840664,8936.3698336
2020-08-29,0.0,0.0,0.0,12268.286003368634,12162.342472451852,0.0
2020-08-30,0.0,0.0,0.0,10550.725962897026,11517.695868629922,0.0
2020-08-31,0.0,223451.98154665658,23634.346533599997,40356.90174462336,32507.116832467298,23634.346533599997
2020-09-01,0.0,0.0,0.0,34706.93550037609,33387.04429963081,0.0
2020-09-02,0.0,0.0,0.0,29847.964530323432,31971.412391907856,0.0
2020-09-03,0.0,0.0,0.0,25669.24949607815,29450.547233575973,0.0
2020-09-04,0.0,0.0,0.0,22075.554566627212,26500.55016679647,0.0
2020-09-05,0.0,9691.069300021447,2351.676272,20341.726629302404,24977.691260598844,2351.676272
2020-09-06,0.0,48545.33613440755,5526.4392392,24290.231960017125,26913.283236046154,5526.4392392
2020-09-07,0.0,0.0,0.0,20889.599485614726,24503.809735873583,0.0
2020-09-08,0.0,24611.302379555305,2586.8438992,21410.63789076641,24301.278557510712,2586.8438992
2020-09-09,0.0,40506.65680465459,4115.433475999999,24084.080538710754,25860.57274039073,4115.433475999999
2020-09-10,0.0,0.0,0.0,20712.30926329125,23801.267349550937,0.0
2020-09-11,0.0,9306.493414422906,1058.2543223999999,19115.49504444968,22350.260156470435,1058.2543223999999
2020-09-12,0.0,11497.331094734138,1293.4219496,18048.952091489504,21147.105710318065,1293.4219496
2020-09-13,0.0,0.0,0.0,15522.098798680974,18897.102945663228,0.0
2020-09-14,0.0,0.0,0.0,13349.004966865637,16677.863754144193,0.0
2020-09-15,0.0,0.0,0.0,11480.144271504447,14598.775961088293,0.0
2020-09-16,0.0,0.0,0.0,9872.924073493825,12708.435206050506,0.0
2020-09-17,0.0,0.0,0.0,8490.71470320469,11021.34700491218,0.0
2020-09-18,0.0,0.0,0.0,7302.014644756034,9533.61406084972,0.0
2020-09-19,0.0,0.0,0.0,6279.732594490189,8232.061474305909,0.0
2020-09-20,0.0,0.0,0.0,5400.570031261562,7099.46489708817,0.0
2020-09-21,0.0,0.0,0.0,4644.490226884944,6117.47502900688,0.0
2020-09-22,0.0,0.0,0.0,3994.261595121052,5268.189655452548,0.0
2020-09-23,0.0,0.0,0.0,3435.0649718041045,4534.93978199317,0.0
2020-09-24,0.0,150919.04635751498,15521.0633952,24082.82236580363,18562.518173597357,15521.0633952
2020-09-25,0.0,0.0,0.0,20711.22723459112,19422.00179799486,0.0
2020-09-26,0.0,0.0,0.0,17811.655421748364,18777.86324749626,0.0
2020-09-27,0.0,194.02067754450286,117.58381360000001,15345.186557559822,17451.826096961686,117.58381360000001
2020-09-28,0.0,2752.573924040968,352.7514408,13582.220788867182,16045.084550043883,352.7514408
2020-09-29,0.0,0.0,0.0,11680.709878425776,14299.334681396642,0.0
2020-09-30,0.0,288.69083381142747,117.58381360000001,10085.827212179767,12660.96521914989,117.58381360000001
2020-10-01,0.0,0.0,0.0,8673.8114024746,11066.103692479774,0.0
2020-10-02,0.0,0.0,0.0,7459.477806128155,9623.453337939127,0.0
2020-10-03,0.0,0.0,0.0,6415.150913270214,8340.132368071561,0.0
2020-10-04,0.0,0.0,0.0,5517.029785412384,7210.891335007889,0.0
2020-10-05,0.0,0.0,0.0,4744.6456154546495,6224.393047186593,0.0
2020-10-06,0.0,0.0,0.0,4080.3952292909985,5366.7939200283545,0.0
2020-10-07,0.0,0.0,0.0,3509.1398971902586,4623.732310893116,0.0
2020-10-08,0.0,0.0,0.0,3017.860311583622,3981.383511169319,0.0
2020-10-09,0.0,0.0,0.0,2595.359867961915,3426.9740538863575,0.0
2020-10-10,0.0,0.0,0.0,2232.0094864472467,2948.9882269107134,0.0
2020-10-11,0.0,0.0,0.0,1919.5281583446322,2537.204199484281,0.0
2020-10-12,0.0,57742.87756754226,5996.774493600001,9734.7970756323,7814.95114738349,5996.774493600001
2020-10-13,0.0,0.0,0.0,8371.925485043777,8037.740882447604,0.0
2020-10-14,0.0,0.0,0.0,7199.855917137649,7702.586896323623,0.0
2020-10-15,0.0,0.0,0.0,6191.876088738378,7098.302573289525,0.0
2020-10-16,0.0,0.0,0.0,5325.0134363150055,6388.986918499717,0.0
2020-10-17,0.0,6161.3774582201995,705.5028816,5442.104399381733,6292.435063492523,705.5028816
2020-10-18,0.0,0.0,0.0,4680.20978346829,5647.54495148283,0.0
2020-10-19,0.0,0.0,0.0,4024.980413782729,4998.51913640279,0.0
2020-10-20,0.0,43050.759554537675,4350.601103200001,9488.589493488422,8534.787720517043,4350.601103200001
2020-10-21,0.0,0.0,0.0,8160.1869644000435,8384.947418070244,0.0
2020-10-22,0.0,34913.293239016006,3527.514408,11905.62184284628,11204.222951180658,3527.514408
2020-10-23,0.0,3384.061649642842,352.7514408,10712.603415797797,11148.675713347515,352.7514408
2020-10-24,0.0,0.0,0.0,9212.838937586106,10374.341003042951,0.0
2020-10-25,0.0,15102.65939552076,1528.5895768,10037.413801696957,10851.005953224554,1528.5895768
2020-10-26,0.0,0.0,0.0,8632.175869459383,9963.473919718486,0.0
2020-10-27,0.0,0.0,0.0,7423.671247735069,8947.55285092512,0.0
2020-10-28,0.0,0.0,0.0,6384.35727305216,7922.274619775935,0.0
2020-10-29,0.0,14.306654732086438,0.0,5492.5501864873495,6950.384846460501,0.0
2020-10-30,0.0,0.0,0.0,4723.5931603791205,6059.6681720279485,0.0
2020-10-31,0.0,0.0,0.0,4062.2901179260434,5260.716950387186,0.0
2020-11-01,0.0,0.0,0.0,3493.5695014163975,4553.857970798871,0.0
2020-11-02,0.0,0.0,0.0,3004.469771218102,3934.102690966563,0.0
2020-11-03,0.0,0.0,0.0,2583.8440032475673,3393.9992158789646,0.0
2020-11-04,0.0,0.0,0.0,2222.1058427929083,2925.2418666445424,0.0
2020-11-05,0.0,0.0,0.0,1911.011024801901,2519.549529907486,0.0
2020-11-06,0.0,0.0,0.0,1643.4694813296348,2169.1175104763456,0.0
2020-11-07,0.0,0.0,0.0,1413.3837539434858,1866.8240078632016,0.0
2020-11-08,0.0,0.0,0.0,1215.5100283913976,1606.29841607448,0.0
2020-11-09,0.0,116310.23189519037,11758.38136,17328.771089743255,12598.64002954199,11758.38136
2020-11-10,0.0,103601.9380998575,10464.9594104,29407.014471159255,23507.9735703489,10464.9594104
2020-11-11,0.0,0.0,0.0,25290.032445196957,24220.79712028812,0.0
2020-11-12,0.0,2305.4730794433926,235.16762720000003,22072.19413399146,23455.422976649454,235.16762720000003
2020-11-13,0.0,0.0,0.0,18982.086955232655,21666.088568082734,0.0
2020-11-14,0.0,13881.741092699496,1411.0057632,18268.03853447801,20871.270859920845,1411.0057632
2020-11-15,0.0,139.32078873517978,0.0,15730.018050074015,18814.769735982114,0.0
2020-11-16,0.1703884707147747,8.12572682213747,0.0,13528.953124818752,16700.44309151677,0.0
2020-11-17,0.0,0.0,0.0,11634.899687344127,14674.225729847713,0.0
2020-11-18,0.0,23.495216046575283,0.0,10009.303061362469,12808.256662453614,0.0
2020-11-19,0.0,0.0,0.0,8608.000632771722,11128.154250580857,0.0
2020-11-20,0.0,0.0,0.0,7402.880544183681,9638.044768021986,0.0
2020-11-21,0.0,0.0,0.0,6366.477267997966,8329.41776801238,0.0
2020-11-22,0.0,73.69008066387748,0.0,5485.487061771193,7191.845485515904,0.0
2020-11-23,0.0,0.0,0.0,4717.518873123226,6202.114840558833,0.0
2020-11-24,0.0,57020.89302850688,5761.6068663999995,12039.991254876937,10841.908152846076,5761.6068663999995
2020-11-25,0.38827288848604996,0.04314143205400556,0.0,10354.398518994654,10646.904299305508,0.0
2020-11-26,0.0,79.20751099323279,0.0,8915.871777874454,9954.491290733087,0.0
2020-11-27,0.0,64.0982580289421,0.0,7676.623485096083,9043.344168478285,0.0
2020-11-28,0.0,0.0,0.0,6601.896197182631,8066.764979960023,0.0
2020-11-29,0.0,0.0,0.0,5677.630729577063,7111.111279806839,0.0
2020-11-30,0.0,0.0,0.0,4882.762427436274,6219.771738858613,0.0
2020-12-01,0.0,0.0,0.0,4199.175687595196,5411.533318353246,0.0
2020-12-02,0.0,0.0,0.0,3611.2910913318683,4691.436427544695,0.0
2020-12-03,0.0,0.0,0.0,3105.710338545406,4057.1459919449794,0.0
2020-12-04,0.0,0.0,0.0,2670.9108911490493,3502.6519516266076,0.0
2020-12-05,0.0,1048.8497362941848,117.58381360000001,2443.822329469368,3126.153628203712,117.58381360000001
2020-12-06,0.0,0.0,0.0,2101.6872033436566,2716.3670582596897,0.0
2020-12-07,0.0,0.0,0.0,1807.450994875545,2352.8006329060318,0.0
2020-12-08,0.0,0.0,0.0,1554.4078555929686,2033.4435219808067,0.0
2020-12-09,0.0,0.0,0.0,1336.790755809953,1754.7824155124654,0.0
2020-12-10,0.0,0.0,0.0,1149.6400499965598,1512.7254693061032,0.0
2020-12-11,0.0,21.57731842350394,0.0,991.7112675763318,1304.3197886141947,0.0
2020-12-12,0.0,0.0,0.0,852.8716901156454,1123.740549214775,0.0
2020-12-13,0.717418648988839,2.108394861122769,0.0,733.7648287800122,967.7502610408698,0.0
2020-12-14,0.0,0.0,0.0,631.0377527508105,833.0652577248461,0.0
2020-12-15,0.4855111795426011,0.05394568661584457,0.0,542.7000197618232,716.9191625396369,0.0
2020-12-16,0.0,0.0,0.0,466.72201699516796,616.8403043218493,0.0
2020-12-17,0.0,0.0,0.0,401.38093461584447,530.6565564394474,0.0
2020-12-18,0.0,1101.429043293429,117.58381360000001,499.3876698307063,565.1825272359509,117.58381360000001
2020-12-19,0.0,26.465981999615483,0.0,433.1786335343536,512.3809697553119,0.0
2020-12-20,0.0,0.0,0.0,372.5336248395441,456.44203178900483,0.0
2020-12-21,0.0,10.367996961740069,0.0,321.8304369366515,402.59739384806346,0.0
2020-12-22,0.0,0.0,0.0,276.7741757655203,352.2681066150462,0.0
2020-12-23,0.0,6978.134866398012,705.5028816,1214.9646724540692,979.5478855906554,705.5028816
2020-12-24,0.0,0.0,0.0,1044.8696183104996,1005.6765786785932,0.0
2020-12-25,0.0,0.0,0.0,898.5878717470296,962.8410959059677,0.0
2020-12-26,0.0,0.0,0.0,772.7855697024454,886.8188854245587,0.0
2020-12-27,0.0,0.0,0.0,664.5955899441032,797.9295672323765,0.0
2020-12-28,0.0,0.0,0.0,571.5522073519287,707.3786232801974,0.0
2020-12-29,0.0,13892.834729737217,1411.0057632,2436.531760485869,1963.4421834424663,1411.0057632
2020-12-30,0.0,0.0,0.0,2095.4173140178477,2016.232235672619,0.0
2020-12-31,0.0,0.0,0.0,1802.058890055349,1930.562897425711,0.0
