,date,S_m,R_o_m,R_h_m,R_o (m3/d),R_h (m3/d)
0,2017-01-01,0.0,0.0,0.0,0.0,0.0
1,2017-01-02,0.0026320107467755105,0.0002924456385306123,0.0003556,1353.813915319547,1646.1733904
2,2017-01-03,0.0019498768786285717,0.00021665298651428575,0.0,1002.9482040227988,0.0
3,2017-01-04,0.0014763900051330615,0.0001640433339036735,0.0,759.4031809469333,0.0
4,2017-01-05,0.0011714203074768982,0.00013015781194187758,0.0,602.5374762975428,0.0
5,2017-01-06,0.0009462617020353307,0.00010514018911503675,0.0,486.7237952272138,0.0
6,2017-01-07,0.0006788807419542466,7.543119355047185e-05,0.0,349.1924174041025,0.0
7,2017-01-08,0.00044723010775882195,4.969223419542466e-05,0.0,230.03946468513226,0.0
8,2017-01-09,0.0024579112136066134,0.0002731012459562904,0.00025400000000000005,1264.26322828552,1175.8381360000003
9,2017-01-10,0.007844742076899015,0.000871638008544335,0.0007112,4035.0598867461536,3292.3467808
10,2017-01-11,0.007107696126515236,0.0007897440140572485,2.54e-05,3655.9493283709958,117.5838136
11,2017-01-12,0.006180970172312692,0.0006867744635902992,0.0,3179.2740359071545,0.0
12,2017-01-13,0.005397348140877341,0.0005997053489863713,0.0,2776.206376777025,0.0
13,2017-01-14,0.004833225632552872,0.0005370250702836525,0.0,2486.041565462988,0.0
14,2017-01-15,0.004336844404024116,0.0004818716004471239,0.0,2230.7204900042634,0.0
15,2017-01-16,0.013567797488519662,0.0015075330542799626,0.0011938,6978.7986476493625,5526.4392392
16,2017-01-17,0.01276080331550443,0.0014178670350560479,7.620000000000001e-05,6563.7091795124015,352.75144080000007
17,2017-01-18,0.011583405502158068,0.0012870450557953411,0.0,5958.09708407248,0.0
18,2017-01-19,0.011144540621493282,0.0012382822912770314,7.620000000000001e-05,5732.360398492101,352.75144080000007
19,2017-01-20,0.010075928777139871,0.0011195476419044303,0.0,5182.703985905909,0.0
20,2017-01-21,0.014190707364829965,0.001576745262758885,0.000635,7299.201616965503,2939.5953400000003
21,2017-01-22,0.012840635774142886,0.0014267373082380986,0.0,6604.772193229698,0.0
22,2017-01-23,0.011360826472646964,0.0012623140525163295,0.0,5843.610246289004,0.0
23,2017-01-24,0.016630902241708802,0.0018478780268565333,0.0008382000000000001,8554.35218367852,3880.2658488000006
24,2017-01-25,0.02385522855631343,0.0026505809507014924,0.001143,12270.291985787208,5291.271612
25,2017-01-26,0.021027565514559636,0.0023363961682844043,0.0,10815.841399500301,0.0
26,2017-01-27,0.01868890860979755,0.0020765454010886167,0.0,9612.918400533115,0.0
27,2017-01-28,0.01639124910881779,0.0018212499009797548,0.0,8431.083026607163,0.0
28,2017-01-29,0.014205398398752338,0.001578377599861371,0.0,7306.758168996647,0.0
29,2017-01-30,0.013108391734387308,0.0014564879704874788,7.620000000000001e-05,6742.496457970158,352.75144080000007
30,2017-01-31,0.011140477387071027,0.0012378308207856698,0.0,5730.270413369968,0.0
31,2017-02-01,0.00922678045652719,0.0010251978285030212,2.54e-05,4745.93190432378,117.5838136
32,2017-02-02,0.007711961597813247,0.0008568846219792497,0.0,3966.762270374589,0.0
33,2017-02-03,0.006534156811093147,0.000726017423454794,0.0,3360.9408421205026,0.0
34,2017-02-04,0.005324236614065465,0.0005915818460072739,0.0,2738.6003744119366,0.0
35,2017-02-05,0.004269722791026265,0.00047441364344736285,0.0,2196.195488992582,0.0
36,2017-02-06,0.0032526631976379245,0.0003614070219597694,0.0,1673.0557442460092,0.0
37,2017-02-07,0.0023730252076700504,0.0002636694675188945,0.0,1220.600847273738,0.0
38,2017-02-08,0.0011188980142499841,0.0001243220015833316,0.0,575.5218527776916,0.0
39,2017-02-09,0.00021907406751886312,2.434156305765146e-05,0.0,112.68400839777699,0.0
40,2017-02-10,0.0,0.0,0.0,0.0,0.0
41,2017-02-11,0.0,0.0,0.0,0.0,0.0
42,2017-02-12,0.0,0.0,0.0001016,0.0,470.3352544
43,2017-02-13,0.0,0.0,0.0,0.0,0.0
44,2017-02-14,0.0,0.0,0.0,0.0,0.0
45,2017-02-15,0.0,0.0,0.0,0.0,0.0
46,2017-02-16,0.0,0.0,0.0,0.0,0.0
47,2017-02-17,0.0,0.0,0.0,0.0,0.0
48,2017-02-18,0.0,0.0,0.0,0.0,0.0
49,2017-02-19,0.0,0.0,0.0,0.0,0.0
50,2017-02-20,0.01696348095281633,0.001884831216979592,0.0020574000000000005,8725.418995464153,9524.288901600003
51,2017-02-21,0.013706638829779594,0.0015229598699755106,0.0,7050.213758719712,0.0
52,2017-02-22,0.01139721179251592,0.0012663568658351023,0.0,5862.325577300586,0.0
53,2017-02-23,0.01564769399938678,0.001738632666598531,0.0008382000000000001,8048.624385361914,3880.2658488000006
54,2017-02-24,0.02209470270557055,0.002454966967285617,0.0011938,11364.739302183829,5526.4392392
55,2017-02-25,0.018156998978686965,0.0020174443309652185,0.0,9339.32276222799,0.0
56,2017-02-26,0.01482308427592031,0.0016470093639911457,0.0,7624.474096574387,0.0
57,2017-02-27,0.012591131361797667,0.0013990145957552963,0.0,6476.435883896461,0.0
58,2017-02-28,0.010855958810107695,0.0012062176455675218,0.0,5583.9240471434,0.0
59,2017-03-01,0.01114940637726019,0.001238822930806688,0.00030480000000000004,5734.863172416507,1411.0057632000003
60,2017-03-02,0.008780511153411722,0.0009756123503790803,0.0,4516.38664381227,0.0
61,2017-03-03,0.0077705243286827945,0.0008633915920758661,7.620000000000001e-05,3996.884882931334,352.75144080000007
62,2017-03-04,0.006125816294181862,0.0006806462549090958,0.0,3150.9048175105986,0.0
63,2017-03-05,0.005231524149824901,0.0005812804610916556,0.0,2690.912338044224,0.0
64,2017-03-06,0.02360816470986282,0.00262312941220698,0.0023368,12143.211017859177,10817.7108512
65,2017-03-07,0.019020041580917354,0.0021133379534352616,0.0,9783.241574430602,0.0
66,2017-03-08,0.015466748279968474,0.0017185275866631639,0.0,7955.552260498398,0.0
67,2017-03-09,0.012880457164624687,0.001431161907180521,0.0,6625.254918320271,0.0
68,2017-03-10,0.010496557224488749,0.0011662841360543055,0.0,5399.060490490019,0.0
69,2017-03-11,0.00876256589387661,0.0009736184326529566,0.0,4507.15623238541,0.0
70,2017-03-12,0.014514134238366498,0.0016126815820407222,0.0008636,7465.561044835803,3997.8496624
71,2017-03-13,0.013311415544325767,0.001479046171591752,7.620000000000001e-05,6846.924777410952,352.75144080000007
72,2017-03-14,0.011744753549729925,0.0013049726166366583,0.0,6041.088854634217,0.0
73,2017-03-15,0.009921017107409995,0.0011023352341566661,0.0,5103.022862117708,0.0
74,2017-03-16,0.007646034090546545,0.0008495593433940607,0.0,3932.851475424631,0.0
75,2017-03-17,0.005763003840675564,0.0006403337600750627,0.0,2964.2868301753265,0.0
76,2017-03-18,0.003576890545587599,0.0003974322828430666,0.0,1839.8269080488826,0.0
77,2017-03-19,0.002057762261641084,0.00022864025129345383,0.0,1058.4406570687652,0.0
78,2017-03-20,0.00028443330404840414,3.160370044982268e-05,0.0,146.30250483315692,0.0
79,2017-03-21,0.0,0.0,0.0,0.0,0.0
80,2017-03-22,0.0,0.0,0.0,0.0,0.0
81,2017-03-23,0.0005350345567346941,5.9448284081632686e-05,0.0001778,275.2029903265569,823.0866952
82,2017-03-24,0.014858478581877553,0.0016509420646530614,0.0018796000000000002,7642.6796848253825,8701.202206400001
83,2017-03-25,0.014457424777567347,0.0016063805308408165,0.0002286,7436.391689332899,1058.2543224
84,2017-03-26,0.012456986894096326,0.001384109654899592,0.0,6407.436679672202,0.0
85,2017-03-27,0.00977878396305404,0.001086531551450449,0.0,5029.86312662474,0.0
86,2017-03-28,0.006941902007564962,0.0007713224452849959,0.0,3570.670654798707,0.0
87,2017-03-29,0.015078461671298261,0.0016753846301442513,0.0011684,7755.8312621727,5408.8554256
88,2017-03-30,0.014065189469882722,0.0015627988299869691,0.0001778,7234.639618877396,823.0866952
89,2017-03-31,0.010855777944935266,0.0012061975494372518,0.0,5583.831016449079,0.0
90,2017-04-01,0.007835461525135617,0.0008706068361261798,0.0,4030.286296769546,0.0
91,2017-04-02,0.00820084106078532,0.0009112045623094801,0.0002032,4218.224701026279,940.6705088
92,2017-04-03,0.013109540869808829,0.001456615652200981,0.000762,6743.087532883566,3527.514408
93,2017-04-04,0.014769211331399374,0.0016410234812665972,0.0007112,7596.763745451758,3292.3467808
94,2017-04-05,0.011888896761524744,0.001320988529058305,0.0,6115.231061753146,0.0
95,2017-04-06,0.008404823882106963,0.000933869320234107,0.0,4323.146302250628,0.0
96,2017-04-07,0.0058476387347125925,0.0006497376371902881,0.0,3007.820048042806,0.0
97,2017-04-08,0.00396078842205766,0.00044008760245085117,0.0,2037.290496624086,0.0
98,2017-04-09,0.013961428939851897,0.0015512698822057664,0.0014224,7181.268845377039,6584.6935616
99,2017-04-10,0.011717126780560586,0.001301902975617843,7.620000000000001e-05,6026.8786145800705,352.75144080000007
100,2017-04-11,0.008283302703320854,0.0009203669670356505,0.0,4260.6400746266645,0.0
101,2017-04-12,0.008884013974213258,0.0009871126638014733,0.00030480000000000004,4569.624860733539,1411.0057632000003
102,2017-04-13,0.008292409801281727,0.0009213788668090809,0.00015240000000000002,4265.32444605741,705.5028816000001
103,2017-04-14,0.014206952958296411,0.0015785503286996014,0.0010160000000000002,7307.557779843805,4703.352544000001
104,2017-04-15,0.012782652137568809,0.0014202946819520902,0.00030480000000000004,6574.9474464459,1411.0057632000003
105,2017-04-16,0.007802058760546623,0.0008668954178385137,0.0,4013.105087473146,0.0
106,2017-04-17,0.004583058069798083,0.0005092286744220093,0.0,2357.364154843017,0.0
107,2017-04-18,0.004046660063634602,0.0004496288959594002,0.0002032,2081.459854002516,940.6705088
108,2017-04-19,0.030976409841760935,0.003441823315751215,0.0035051999999999995,15933.177606434048,16226.566276799998
109,2017-04-20,0.02812961415391137,0.0031255126837679303,0.0002032,14468.885858763939,940.6705088
110,2017-04-21,0.02214848816709166,0.0024609431296768514,0.0,11392.404655122973,0.0
111,2017-04-22,0.017353511768341677,0.0019281679742601866,0.0,8926.037152555093,0.0
112,2017-04-23,0.013910639860078938,0.001545626651119882,0.0,7155.144726002852,0.0
113,2017-04-24,0.010647245203050635,0.0011830272447834042,0.0,5476.569095839896,0.0
114,2017-04-25,0.01359614593009251,0.0015106828811213902,0.0006096000000000001,6993.380090649154,2822.0115264000005
115,2017-04-26,0.011324038102797545,0.001258226455866394,2.54e-05,5824.687600519004,117.5838136
116,2017-04-27,0.009469859095783097,0.001052206566198122,5.08e-05,4870.963021595907,235.1676272
117,2017-04-28,0.006183004960898665,0.0006870005512109628,0.0,3180.3206597120907,0.0
118,2017-04-29,0.003527173467257778,0.000391908163028642,0.0,1814.254188577884,0.0
119,2017-04-30,0.017635103777674858,0.0019594559752972064,0.0020066000000000003,9070.878195147752,9289.121274400002
120,2017-05-01,0.01943080216725431,0.002158978018583812,0.0005842,9994.522397781744,2704.4277128
121,2017-05-02,0.013522374554610514,0.0015024860616233903,0.0,6955.434685296175,0.0
122,2017-05-03,0.010084540899965789,0.0011205045444406432,0.0,5187.133759506359,0.0
123,2017-05-04,0.007090204321805944,0.0007878004802006604,0.0,3646.952158185234,0.0
124,2017-05-05,0.00476545487084984,0.0005294949856499822,0.0,2451.182665149692,0.0
125,2017-05-06,0.0029806211878464885,0.00033118013198294317,0.0,1533.126886106527,0.0
126,2017-05-07,0.0014543414560006154,0.0001615934951111795,0.0,748.0621814222616,0.0
127,2017-05-08,0.0015029306769311663,0.00016699229743679625,0.0002032,773.0547706474019,940.6705088
128,2017-05-09,0.0,0.0,0.0,0.0,0.0
129,2017-05-10,0.0,0.0,2.54e-05,0.0,117.5838136
130,2017-05-11,0.0,0.0,0.0,0.0,0.0
131,2017-05-12,0.0,0.0,0.0,0.0,0.0
132,2017-05-13,0.0,0.0,0.0,0.0,0.0
133,2017-05-14,0.0,0.0,0.0,0.0,0.0
134,2017-05-15,0.0,0.0,7.620000000000001e-05,0.0,352.75144080000007
135,2017-05-16,0.0,0.0,0.0002286,0.0,1058.2543224
136,2017-05-17,0.01972540564897959,0.00219171173877551,0.0026416,10146.056084925647,12228.7166144
137,2017-05-18,0.015963406207346938,0.0017737118008163265,0.00012700000000000002,8211.015660130208,587.9190680000002
138,2017-05-19,0.011813077795591835,0.001312564199510204,2.54e-05,6076.232447765395,117.5838136
139,2017-05-20,0.026651561480522442,0.0029612846089469382,0.0021336,13708.627459644318,9877.0403424
140,2017-05-21,0.022429856434511015,0.002492206270501224,0.0,11537.130612730989,0.0
141,2017-05-22,0.019481193501263993,0.0021645770556959995,0.0003556,10020.4419307006,1646.1733904
142,2017-05-23,0.025819439480117185,0.0028688266089019095,0.00127,13280.613119363867,5879.190680000001
143,2017-05-24,0.020991650255370774,0.0023324055839300858,0.0,10797.367851198203,0.0
144,2017-05-25,0.01760554665024186,0.0019561718500268736,0.0001016,9055.675046579805,470.3352544
145,2017-05-26,0.014124337748482978,0.0015693708609425532,0.0,7265.063416627587,0.0
146,2017-05-27,0.011091134837308149,0.001232348315256461,0.0,5704.890338243691,0.0
147,2017-05-28,0.008239911704597742,0.0009155457449553047,0.0,4238.321268389673,0.0
148,2017-05-29,0.004954413187199193,0.0005504903541332437,2.54e-05,2548.376188543359,117.5838136
149,2017-05-30,0.003168546255418049,0.00035206069504644993,0.0,1629.78894260741,0.0
150,2017-05-31,0.0011336685376313463,0.00012596317084792737,0.0,583.1192913955766,0.0
151,2017-06-01,0.0,0.0,0.0,0.0,0.0
152,2017-06-02,0.0,0.0,0.0,0.0,0.0
153,2017-06-03,0.0,0.0,0.00015240000000000002,0.0,705.5028816000001
154,2017-06-04,0.0,0.0,0.0,0.0,0.0
155,2017-06-05,0.0,0.0,0.0,0.0,0.0
156,2017-06-06,0.0,0.0,0.0,0.0,0.0
157,2017-06-07,0.0,0.0,0.0,0.0,0.0
158,2017-06-08,0.0,0.0,0.0,0.0,0.0
159,2017-06-09,0.0,0.0,0.0,0.0,0.0
160,2017-06-10,0.0,0.0,0.0,0.0,0.0
161,2017-06-11,0.0,0.0,2.54e-05,0.0,117.5838136
162,2017-06-12,0.02745165168,0.0030501835200000002,0.0035814,14120.165766199681,16579.317717600003
163,2017-06-13,0.020200215165061226,0.0022444683516734698,0.0,10390.281428908367,0.0
164,2017-06-14,0.015719954530187756,0.0017466616144653062,0.00015240000000000002,8085.79266525841,705.5028816000001
165,2017-06-15,0.010230632448597551,0.0011367369387330613,0.0,5262.278122685941,0.0
166,2017-06-16,0.0073581692690439186,0.0008175743632271022,5.08e-05,3784.7839184974127,235.1676272
167,2017-06-17,0.011248286278466057,0.0012498095864962287,0.0008128,5785.7235218136075,3762.6820352
168,2017-06-18,0.007427462907762307,0.0008252736564180341,0.00015240000000000002,3820.4261332775027,705.5028816000001
169,2017-06-19,0.0039632943541289345,0.0004403660393476594,0.0,2038.57946009549,0.0
170,2017-06-20,0.000849574273818082,9.439714153534244e-05,0.0002286,436.9911769552962,1058.2543224
171,2017-06-21,0.0,0.0,0.0,0.0,0.0
172,2017-06-22,0.014267346612244897,0.0015852607346938776,0.0019303999999999999,7338.622154946613,8936.3698336
173,2017-06-23,0.009081027036734694,0.0010090030040816327,0.0,4670.961462747036,0.0
174,2017-06-24,0.006428417348571429,0.0007142685942857144,0.0001016,3306.552175229349,470.3352544
175,2017-06-25,0.004116071587591838,0.0004573412875102042,0.0,2117.1627048103883,0.0
176,2017-06-26,0.0016852974867918378,0.0001872552763102042,0.0,866.8578545384073,0.0
177,2017-06-27,0.0,0.0,0.0,0.0,0.0
178,2017-06-28,0.009153739248979591,0.0010170821387755103,0.0014986,4708.362071719249,6937.445002400001
179,2017-06-29,0.010065734845714285,0.0011184149828571428,0.0006096000000000001,5177.460585500845,2822.0115264000005
180,2017-06-30,0.006176279450938776,0.0006862532723265306,0.00012700000000000002,3176.861293528851,587.9190680000002
181,2017-07-01,0.0019162144119673477,0.0002129127124408164,0.0,985.6334130988723,0.0
182,2017-07-02,0.0,0.0,0.0,0.0,0.0
183,2017-07-03,0.0,0.0,0.0,0.0,0.0
184,2017-07-04,0.0,0.0,0.0,0.0,0.0
185,2017-07-05,0.0,0.0,0.0,0.0,0.0
186,2017-07-06,0.0,0.0,0.0,0.0,0.0
187,2017-07-07,0.0,0.0,0.0,0.0,0.0
188,2017-07-08,0.0,0.0,0.0,0.0,0.0
189,2017-07-09,0.0014594615706122447,0.00016216239673469388,0.0004572,750.6957886055707,2116.5086448
190,2017-07-10,0.0,0.0,0.0,0.0,0.0
191,2017-07-11,0.0,0.0,0.0,0.0,0.0
192,2017-07-12,0.0,0.0,0.0,0.0,0.0
193,2017-07-13,0.0,0.0,0.0,0.0,0.0
194,2017-07-14,0.0,0.0,0.0,0.0,0.0
195,2017-07-15,0.0,0.0,0.0,0.0,0.0
196,2017-07-16,0.0,0.0,0.0,0.0,0.0
197,2017-07-17,0.0,0.0,0.0,0.0,0.0
198,2017-07-18,0.002162095905306122,0.0002402328783673469,0.000635,1112.1062200999052,2939.5953400000003
199,2017-07-19,0.02438070877028571,0.002708967641142857,0.0031242,12540.58055766037,14462.8090728
200,2017-07-20,0.018262631346318364,0.002029181260702041,2.54e-05,9393.656343267787,117.5838136
201,2017-07-21,0.020607088231278364,0.0022896764701420404,0.0008636,10599.562648405024,3997.8496624
202,2017-07-22,0.012956609742844405,0.0014396233047604895,0.0,6664.425130754858,0.0
203,2017-07-23,0.007164992523662005,0.0007961102804068895,0.0,3685.420583323127,0.0
204,2017-07-24,0.002448963214152947,0.0002721070237947719,0.0,1259.6606915407567,0.0
205,2017-07-25,0.0035787552519213257,0.0003976394724357029,0.0006604,1840.7860475150405,3057.1791536
206,2017-07-26,0.0019095107536679693,0.00021216786151866327,0.0002032,982.1852866425636,940.6705088
207,2017-07-27,0.0,0.0,0.0,0.0,0.0
208,2017-07-28,0.0,0.0,0.0,0.0,0.0
209,2017-07-29,0.0,0.0,0.0,0.0,0.0
210,2017-07-30,0.0,0.0,0.0,0.0,0.0
211,2017-07-31,0.0,0.0,0.0,0.0,0.0
212,2017-08-01,0.0,0.0,0.0,0.0,0.0
213,2017-08-02,0.0,0.0,0.0,0.0,0.0
214,2017-08-03,0.03871925659102041,0.00430213962122449,0.0051053999999999995,19915.82611430059,23634.346533599997
215,2017-08-04,0.02945443689110204,0.003272715210122449,0.0,15150.328158776492,0.0
216,2017-08-05,0.022689104614236733,0.0025210116238040814,0.0,11670.478773890252,0.0
217,2017-08-06,0.019944170972404897,0.002216018996933877,0.0001778,10258.581286202047,823.0866952
218,2017-08-07,0.013293326381286854,0.0014770362645874285,0.0,6837.620347074349,0.0
219,2017-08-08,0.0064994652860153115,0.0007221628095572569,0.0,3343.0967396784563,0.0
220,2017-08-09,0.00933613777129133,0.0010373486412545924,0.0005842,4802.181467381624,2704.4277128
221,2017-08-10,0.005961753969672402,0.0006624171077413781,0.0001016,3066.516918193438,470.3352544
222,2017-08-11,0.0008751131359704672,9.723479288560747e-05,0.0,450.1274709486565,0.0
223,2017-08-12,0.0,0.0,0.0,0.0,0.0
224,2017-08-13,0.0,0.0,0.0,0.0,0.0
225,2017-08-14,0.0004558709093877556,5.065232326530618e-05,0.00025400000000000005,234.48398965490966,1175.8381360000003
226,2017-08-15,0.0,0.0,2.54e-05,0.0,117.5838136
227,2017-08-16,0.01875980471510204,0.002084422746122449,0.0025908000000000003,9649.384867860714,11993.548987200002
228,2017-08-17,0.015753864589714287,0.001750429398857143,0.0002032,8103.23480925899,940.6705088
229,2017-08-18,0.013176921925028574,0.001464102436114286,0.0001016,6777.745981864887,470.3352544
230,2017-08-19,0.007259836818240001,0.0008066485353600002,0.0,3734.2051583654834,0.0
231,2017-08-20,0.0021852282874364084,0.00024280314304848984,0.0,1124.0047052640853,0.0
232,2017-08-21,0.010942791937060114,0.001215865770784457,0.0013208,5628.587958840155,6114.3583072
233,2017-08-22,0.0034491821311092045,0.00038324245901213386,0.0,1774.138183625527,0.0
234,2017-08-23,0.0,0.0,0.0,0.0,0.0
235,2017-08-24,0.0,0.0,0.0,0.0,0.0
236,2017-08-25,0.0,0.0,7.620000000000001e-05,0.0,352.75144080000007
237,2017-08-26,0.0,0.0,2.54e-05,0.0,117.5838136
238,2017-08-27,0.0,0.0,2.54e-05,0.0,117.5838136
239,2017-08-28,0.0,0.0,0.0,0.0,0.0
240,2017-08-29,0.0,0.0,0.0,0.0,0.0
241,2017-08-30,0.0,0.0,0.0,0.0,0.0
242,2017-08-31,0.0,0.0,0.0,0.0,0.0
243,2017-09-01,0.0,0.0,0.0,0.0,0.0
244,2017-09-02,0.0,0.0,2.54e-05,0.0,117.5838136
245,2017-09-03,0.0,0.0,0.0,0.0,0.0
246,2017-09-04,0.0005251312653061223,5.834791836734693e-05,0.0005588,270.1090849312653,2586.8438992
247,2017-09-05,0.0,0.0,0.00012700000000000002,0.0,587.9190680000002
248,2017-09-06,0.0,0.0,0.0,0.0,0.0
249,2017-09-07,0.0,0.0,0.0,0.0,0.0
250,2017-09-08,0.0,0.0,0.0,0.0,0.0
251,2017-09-09,0.0,0.0,0.0,0.0,0.0
252,2017-09-10,0.0,0.0,0.0,0.0,0.0
253,2017-09-11,0.0,0.0,0.0,0.0,0.0
254,2017-09-12,0.0,0.0,0.0,0.0,0.0
255,2017-09-13,0.0,0.0,0.0,0.0,0.0
256,2017-09-14,0.0,0.0,0.0,0.0,0.0
257,2017-09-15,0.0,0.0,0.0,0.0,0.0
258,2017-09-16,0.005480959356734694,0.0006089954840816327,0.0009398000000000001,2819.213050531357,4350.601103200001
259,2017-09-17,0.011648850474122448,0.001294316719346939,0.0010414,5991.7596798052755,4820.9363576000005
260,2017-09-18,0.0183591160389551,0.0020399017821061227,0.0010414,9443.28468147536,4820.9363576000005
261,2017-09-19,0.015031180467712651,0.0016701311630791837,0.0,7731.5114711438555,0.0
262,2017-09-20,0.011906274469920979,0.0013229193855467756,0.0,6124.16954480152,0.0
263,2017-09-21,0.009620170490683982,0.0010689078322982204,0.0,4948.277925532835,0.0
264,2017-09-22,0.007245343110187012,0.0008050381233541125,0.0,3726.7501038332193,0.0
265,2017-09-23,0.0055527444073315765,0.0006169716008146196,0.0,2856.136760105506,0.0
266,2017-09-24,0.003670459067006582,0.0004078287852229536,0.0,1887.9552701720556,0.0
267,2017-09-25,0.013016220095816126,0.001446246677312903,0.0013208,6695.086603337785,6114.3583072
268,2017-09-26,0.01431005073603043,0.0015900056373367147,0.0004572,7360.587656832656,2116.5086448
269,2017-09-27,0.011905579330998816,0.0013228421478887575,0.0,6123.811989747059,0.0
270,2017-09-28,0.009693108999531588,0.0010770121110590654,0.0,4985.7949335319545,0.0
271,2017-09-29,0.00787437959835394,0.0008749310664837711,0.0,4050.304387176258,0.0
272,2017-09-30,0.006032274823824669,0.000670252758202741,0.0,3102.7903695038176,0.0
273,2017-10-01,0.008709977137360568,0.0009677752374845077,0.0005588,4480.106422483232,2586.8438992
274,2017-10-02,0.010068723090563286,0.0011187470100625875,0.0003556,5178.997633730575,1646.1733904
275,2017-10-03,0.014398457690894711,0.0015998286323216347,0.000762,7406.061090348427,3527.514408
276,2017-10-04,0.011979940431192996,0.0013311044923547772,0.0,6162.060728786092,0.0
277,2017-10-05,0.024011615158685943,0.0026679572398539938,0.0017018000000000003,12350.731763140255,7878.1155112000015
278,2017-10-06,0.05077576988771531,0.005641752209746146,0.0036576,26117.273236542474,16932.0691584
279,2017-10-07,0.06547719687608664,0.007275244097342959,0.00254,33679.171095924205,11758.381360000001
280,2017-10-08,0.05774711258439633,0.006416345842710704,0.0,29703.08714812718,0.0
281,2017-10-09,0.050979393430446496,0.005664377047827389,0.0,26222.010037474567,0.0
282,2017-10-10,0.052056725342912044,0.005784080593656895,0.0008636,26776.151746926364,3997.8496624
283,2017-10-11,0.046435389109029,0.005159487678781001,0.0,23884.733759578026,0.0
284,2017-10-12,0.04137433295404447,0.0045971481060049415,0.0,21281.504172758978,0.0
285,2017-10-13,0.038070691044762475,0.004230076782751386,0.0002032,19582.22676916247,940.6705088
286,2017-10-14,0.03765140429130663,0.004183489365700737,0.00048259999999999997,19366.560384808574,2234.0924584
287,2017-10-15,0.03343527702135964,0.0037150307801510716,0.0001016,17197.932550060872,470.3352544
288,2017-10-16,0.028919277691468577,0.003213253076829842,0.0,14875.061056519158,0.0
289,2017-10-17,0.025195035447219676,0.0027994483830244086,0.0,12959.441608360767,0.0
290,2017-10-18,0.021620414397191586,0.002402268266354621,0.0,11120.782049143185,0.0
291,2017-10-19,0.018326298443186714,0.0020362553825763016,0.0,9426.404462474353,0.0
292,2017-10-20,0.01545390948703131,0.00171710105411459,0.0,7948.948436195806,0.0
293,2017-10-21,0.02097093168118532,0.0023301035201317025,0.0009906000000000001,10786.71094408937,4585.7687304
294,2017-10-22,0.017578290261638218,0.0019531433624042464,0.0,9041.65531728418,0.0
295,2017-10-23,0.014522519880372354,0.0016136133200413728,0.0,7469.874324654406,0.0
296,2017-10-24,0.01160630417641675,0.0012895893529351948,0.0,5969.8753581132505,0.0
297,2017-10-25,0.009850346372652627,0.0010944829302947363,0.0,5066.672317486538,0.0
298,2017-10-26,0.008085369413754711,0.000898374379306079,0.0,4158.830140131563,0.0
299,2017-10-27,0.010886665115644546,0.0012096294572938385,0.0005334,5599.718292579049,2469.2600856
300,2017-10-28,0.009229563482447438,0.001025507053605271,0.0,4747.363395142023,0.0
301,2017-10-29,0.009251484499100652,0.0010279427221222947,0.0001778,4758.638796437185,823.0866952
302,2017-10-30,0.007321956150415077,0.0008135506833794531,0.0,3766.1571617575682,0.0
303,2017-10-31,0.00607626523414908,0.0006751405815721201,0.0,3125.4174920225105,0.0
304,2017-11-01,0.007308516748285192,0.0008120574164761325,0.0002794,3759.2444051742964,1293.4219496
305,2017-11-02,0.006195618820395448,0.0006884020911550498,2.54e-05,3186.8087861506137,117.5838136
306,2017-11-03,0.005712025641049781,0.0006346695156721979,5.08e-05,2938.065434189055,235.1676272
307,2017-11-04,0.00764061352331215,0.0008489570581457945,0.0003302,3930.063325961396,1528.5895768
308,2017-11-05,0.006609996445266649,0.0007344440494740722,7.620000000000001e-05,3399.950087125531,352.75144080000007
309,2017-11-06,0.005668325730699167,0.0006298139700776853,0.0,2915.5877346571074,0.0
310,2017-11-07,0.004536444563343536,0.0005040493959270596,0.0,2333.3878037748023,0.0
311,2017-11-08,0.003570069710274488,0.00039667441225272096,0.0,1836.318509850925,0.0
312,2017-11-09,0.0023818559474103043,0.00026465066082336717,0.0,1225.1430697390406,0.0
313,2017-11-10,0.00166095531593458,0.0001845505906593978,0.0,854.3370965300996,0.0
314,2017-11-11,0.0010760634676064281,0.00011956260751182534,0.0,553.4892659527728,0.0
315,2017-11-12,0.0007265467130090507,8.072741255656118e-05,0.0,373.71011930948777,0.0
316,2017-11-13,0.00037049238913671703,4.1165821015190786e-05,0.0,190.56827657248647,0.0
317,2017-11-14,0.0005924614986312086,6.582905540346762e-05,5.08e-05,304.7413929143862,235.1676272
318,2017-11-15,0.0002695351561150265,2.9948350679447393e-05,7.620000000000001e-05,138.63942062675494,352.75144080000007
319,2017-11-16,0.0,0.0,0.0,0.0,0.0
320,2017-11-17,0.0009936829792653063,0.00011040921991836736,0.00015240000000000002,511.11563522057935,705.5028816000001
321,2017-11-18,0.0,0.0,0.0,0.0,0.0
322,2017-11-19,0.0,0.0,0.0,0.0,0.0
323,2017-11-20,0.0,0.0,0.0,0.0,0.0
324,2017-11-21,0.0,0.0,0.0,0.0,0.0
325,2017-11-22,0.0,0.0,0.0,0.0,0.0
326,2017-11-23,0.0,0.0,0.0,0.0,0.0
327,2017-11-24,0.0,0.0,2.54e-05,0.0,117.5838136
328,2017-11-25,0.0,0.0,0.0,0.0,0.0
329,2017-11-26,0.0,0.0,0.0,0.0,0.0
330,2017-11-27,0.0,0.0,0.0,0.0,0.0
331,2017-11-28,0.0,0.0,0.0,0.0,0.0
332,2017-11-29,0.0,0.0,0.0,0.0,0.0
333,2017-11-30,0.0,0.0,0.0,0.0,0.0
334,2017-12-01,0.0,0.0,0.0,0.0,0.0
335,2017-12-02,0.0,0.0,0.0,0.0,0.0
336,2017-12-03,0.0,0.0,0.0,0.0,0.0
337,2017-12-04,0.0011147600600816326,0.00012386222889795918,0.00015240000000000002,573.39343444166,705.5028816000001
338,2017-12-05,0.0005552563250938774,6.169514723265306e-05,0.0,285.60435796176506,0.0
339,2017-12-06,0.0004170899565844897,4.6343328509387756e-05,2.54e-05,214.53642917525258,117.5838136
340,2017-12-07,0.00011578253349746928,1.2864725944163253e-05,0.0,59.55446997769984,0.0
341,2017-12-08,0.0,0.0,2.54e-05,0.0,117.5838136
342,2017-12-09,0.0,0.0,0.0,0.0,0.0
343,2017-12-10,0.0,0.0,0.0,0.0,0.0
344,2017-12-11,0.003107047062857143,0.0003452274514285714,0.0004318,1598.1559172590628,1998.9248312
345,2017-12-12,0.002680972542367347,0.00029788583804081633,0.0,1378.9981438689424,0.0
346,2017-12-13,0.0021354498252734696,0.0002372722028081633,0.0,1098.4004121045855,0.0
347,2017-12-14,0.0017354389018481636,0.00019282654464979597,0.0,892.648837922586,0.0
348,2017-12-15,0.002044215694112327,0.00022713507712359185,7.620000000000001e-05,1051.4727783670098,352.75144080000007
349,2017-12-16,0.0018043082693541556,0.0002004786965949062,0.0,928.0728224876538,0.0
350,2017-12-17,0.0015819594068269033,0.00017577326742521148,0.0,813.7043745192527,0.0
351,2017-12-18,0.0012926385237768659,0.000143626502641874,0.0,664.887870655985,0.0
352,2017-12-19,0.0006520629979297916,7.245144421442128e-05,0.0,335.398311478713,0.0
353,2017-12-20,0.00014822999446334297,1.6469999384815888e-05,0.0,76.24430463213803,0.0
354,2017-12-21,0.0018818900546088457,0.0002090988949565384,0.0002794,967.9781688399839,1293.4219496
355,2017-12-22,0.0015140275764948998,0.0001682252862772111,2.54e-05,778.7626261585128,117.5838136
356,2017-12-23,0.0011752098885596956,0.00013057887650663285,0.0,604.4867037501314,0.0
357,2017-12-24,0.0008548682851731138,9.498536501923488e-05,0.0,439.7142305177037,0.0
358,2017-12-25,0.0006388290817986596,7.098100908873996e-05,0.0,328.5912496783585,0.0
359,2017-12-26,0.0004976206774555282,5.529118638394759e-05,0.0,255.95860446822644,0.0
360,2017-12-27,0.0003504370730569142,3.893745256187936e-05,0.0,180.25252614546713,0.0
361,2017-12-28,0.0012859161902410187,0.00014287957669344652,0.00012700000000000002,661.4301383137449,587.9190680000002
362,2017-12-29,0.002360764166580182,0.0002623071296200202,0.00015240000000000002,1214.2941982358857,705.5028816000001
363,2017-12-30,0.0021040304726650206,0.00023378116362944676,0.0,1082.23940029118,0.0
364,2017-12-31,0.0018642392236026004,0.00020713769151140004,0.0,958.89920111066,0.0
365,2018-01-01,0.0016705987606382587,0.00018562208451536208,0.0,859.2973458936134,0.0
366,2018-01-02,0.0015568965799213714,0.0001729885088801524,2.54e-05,800.8129363427474,117.5838136
367,2018-01-03,0.0013407791498476016,0.00014897546109417798,0.0,689.6497184359006,0.0
368,2018-01-04,0.0011528878235975354,0.00012809864706639284,0.0,593.0050172860992,0.0
369,2018-01-05,0.001017126324960231,0.00011301403610669233,0.0,523.1740691241331,0.0
370,2018-01-06,0.0006710768552397181,7.456409502663535e-05,0.0,345.1783720812826,0.0
371,2018-01-07,0.00042827346489941975,4.7585940544379975e-05,0.0,220.2888331870495,0.0
372,2018-01-08,0.0002998599711441716,3.3317774571574625e-05,0.0,154.23744073979725,0.0
373,2018-01-09,0.0,0.0,0.0,0.0,0.0
374,2018-01-10,0.0,0.0,0.0,0.0,0.0
375,2018-01-11,0.006613997566040817,0.0007348886184489797,0.0008382000000000001,3402.0081231679665,3880.2658488000006
376,2018-01-12,0.005869326371069388,0.0006521473745632654,0.0,3018.9754067077315,0.0
377,2018-01-13,0.005258259124721633,0.0005842510138579592,0.0,2704.6638704364286,0.0
378,2018-01-14,0.0071046880014739595,0.000789409777941551,0.00030480000000000004,3654.4020544683754,1411.0057632000003
379,2018-01-15,0.0066412939311224824,0.000737921547902498,5.08e-05,3416.0484149602676,235.1676272
380,2018-01-16,0.006173878506336765,0.0006859865007040849,2.54e-05,3175.626331925409,117.5838136
381,2018-01-17,0.00540201771790717,0.0006002241908785746,0.0,2778.608243247131,0.0
382,2018-01-18,0.004846972482540943,0.0005385524980601047,0.0,2493.112462429674,0.0
383,2018-01-19,0.004222678577960318,0.00046918650866225757,0.0,2171.9975975660504,0.0
384,2018-01-20,0.003797933407171633,0.0004219926007968482,0.0,1953.5235949872365,0.0
385,2018-01-21,0.0031876587916789597,0.0003541843101865511,0.0,1639.619760197638,0.0
386,2018-01-22,0.021468506684919224,0.0023853896316576918,0.0023114,11042.646055598845,10700.1270376
387,2018-01-23,0.019235550622794646,0.0021372834025327387,0.0,9894.091858810367,0.0
388,2018-01-24,0.017280762542392733,0.0019200847269325262,0.0,8888.617505033113,0.0
389,2018-01-25,0.015544977479141214,0.0017272197199045794,0.0,7995.790613838751,0.0
390,2018-01-26,0.013743819615635255,0.0015270910684039175,0.0,7069.338249505161,0.0
391,2018-01-27,0.012185702834806425,0.0013539669816451582,0.0,6267.8976846582245,0.0
392,2018-01-28,0.011176644122917618,0.0012418493469908466,5.08e-05,5748.873312435174,235.1676272
393,2018-01-29,0.009983339860829938,0.00110925998453666,0.0,5135.079498255807,0.0
394,2018-01-30,0.008653097629848986,0.0009614552922054428,0.0,4450.849600921982,0.0
395,2018-01-31,0.007552068107190617,0.0008391186785767353,0.0,3884.5186728364233,0.0
396,2018-02-01,0.006658211090430738,0.0007398012322700821,0.0,3424.7500077281748,0.0
397,2018-02-02,0.005907172321306032,0.0006563524801451147,0.0,3038.442034696097,0.0
398,2018-02-03,0.006615124267297877,0.0007350138074775419,0.0001778,3402.5876587348653,823.0866952
399,2018-02-04,0.00607121802179258,0.0006745797801991755,2.54e-05,3122.82138319956,117.5838136
400,2018-02-05,0.006660204348266383,0.0007400227053629315,0.00015240000000000002,3425.775269573333,705.5028816000001
401,2018-02-06,0.005892971180051989,0.0006547745755613322,0.0,3031.137466252866,0.0
402,2018-02-07,0.005491729184593729,0.0006101921316215255,2.54e-05,2824.752671841422,117.5838136
403,2018-02-08,0.006477749517399662,0.0007197499463777403,0.0002032,3331.926910767331,940.6705088
404,2018-02-09,0.006302065523373981,0.000700229502597109,7.620000000000001e-05,3241.561232700755,352.75144080000007
405,2018-02-10,0.005584993116342705,0.0006205547907047451,0.0,2872.724363732825,0.0
406,2018-02-11,0.004936061146422721,0.0005484512384914134,0.0,2538.936543128484,0.0
407,2018-02-12,0.004395589555862081,0.0004883988395402312,0.0,2260.9369335021597,0.0
408,2018-02-13,0.0037241969362758736,0.0004137996595862082,0.0,1915.5961433278803,0.0
409,2018-02-14,0.003348098750305429,0.0003720109722561588,0.0,1722.1444416898798,0.0
410,2018-02-15,0.002589122357723866,0.00028768026196931843,0.0,1331.7536338503744,0.0
411,2018-02-16,0.002052652943175969,0.00022807254924177433,0.0,1055.812603044158,0.0
412,2018-02-17,0.00323019256510327,0.0003589102850114745,0.0002032,1661.4976398390586,940.6705088
413,2018-02-18,0.0026418828491643715,0.0002935425387960413,0.0,1358.8917781678933,0.0
414,2018-02-19,0.004180703782207118,0.0004645226424674576,0.0002286,2150.4072364123217,1058.2543224
415,2018-02-20,0.00617036325737416,0.0006855959174860179,0.00030480000000000004,3173.818211283343,1411.0057632000003
416,2018-02-21,0.005407535818493887,0.0006008373131659874,0.0,2781.446560442295,0.0
417,2018-02-22,0.008201703921542458,0.0009113004357269398,0.0004572,4218.668526303751,2116.5086448
418,2018-02-23,0.009994303860163721,0.001110478206684858,0.0003302,5140.718994554906,1528.5895768
419,2018-02-24,0.013454290665331022,0.0014949211850367804,0.0005588,6920.414723151806,2586.8438992
420,2018-02-25,0.011959538594716287,0.0013288376216351431,0.0,6151.566740433622,0.0
421,2018-02-26,0.010616590722509964,0.0011796211913899961,0.0,5460.801507362647,0.0
422,2018-02-27,0.009376827924544681,0.0010418697693938535,0.0,4823.111053538656,0.0
423,2018-02-28,0.008381646531600418,0.000931294059066713,0.0,4311.22468693259,0.0
424,2018-03-01,0.007125275902930172,0.0007916973225477969,0.0,3664.9917481133552,0.0
425,2018-03-02,0.006217428205535114,0.0006908253561705682,0.0,3198.026768114713,0.0
426,2018-03-03,0.004924762583348949,0.0005471958425943277,0.0,2533.12495898844,0.0
427,2018-03-04,0.0035887135772589523,0.0003987459530287725,5.08e-05,1845.908260420848,235.1676272
428,2018-03-05,0.011998282255451425,0.0013331424728279361,0.0011938,6171.4951191827995,5526.4392392
429,2018-03-06,0.011140638496845058,0.0012378487218716733,7.620000000000001e-05,5730.353282580987,352.75144080000007
430,2018-03-07,0.009863691251242184,0.001095965694582465,0.0,5073.536454479492,0.0
431,2018-03-08,0.008762718485954701,0.0009736353873283001,0.0,4507.234720392703,0.0
432,2018-03-09,0.007809833041930659,0.0008677592268811845,0.0,4017.103904853437,0.0
433,2018-03-10,0.006864562853166164,0.0007627292059073517,0.0,3530.8901092396086,0.0
434,2018-03-11,0.006484008800665873,0.0007204454222962082,5.08e-05,3335.14646630908,235.1676272
435,2018-03-12,0.005485837092844184,0.0006095374547604649,0.0,2821.721986723344,0.0
436,2018-03-13,0.004500346921518949,0.0005000385468354388,0.0,2314.820444248547,0.0
437,2018-03-14,0.00378255439753032,0.00042028382194781333,0.0,1945.613172401861,0.0
438,2018-03-15,0.0029283950622670837,0.0003253772291407871,0.0,1506.2636008257793,0.0
439,2018-03-16,0.0021014681372648653,0.00023349645969609613,0.0,1080.9214249277827,0.0
440,2018-03-17,0.0016401444628036848,0.0001822382736448539,0.0,843.6327243717437,0.0
441,2018-03-18,0.0014306877072988264,0.00015896530081098073,0.0,735.8955235994601,0.0
442,2018-03-19,0.0005364922492220051,5.961024991355612e-05,0.0,275.9527761608267,0.0
443,2018-03-20,0.0,0.0,0.0,0.0,0.0
444,2018-03-21,0.0,0.0,0.0,0.0,0.0
445,2018-03-22,0.0,0.0,0.0,0.0,0.0
446,2018-03-23,0.0,0.0,0.0,0.0,0.0
447,2018-03-24,0.0,0.0,0.0,0.0,0.0
448,2018-03-25,0.0,0.0,0.0,0.0,0.0
449,2018-03-26,0.006139851046530613,0.0006822056718367348,0.0008382000000000001,3158.123801343047,3880.2658488000006
450,2018-03-27,0.004757171842285714,0.0005285746491428572,0.0,2446.9221660826424,0.0
451,2018-03-28,0.00260842445397551,0.00028982493933061226,0.0,1341.681954444174,0.0
452,2018-03-29,0.0,0.0,0.0,0.0,0.0
453,2018-03-30,0.0,0.0,0.0,0.0,0.0
454,2018-03-31,0.0,0.0,0.0001016,0.0,470.3352544
455,2018-04-01,0.0,0.0,0.0,0.0,0.0
456,2018-04-02,0.0,0.0,0.0,0.0,0.0
457,2018-04-03,0.012045414122448979,0.0013383793469387755,0.0015494,6195.738096714123,7172.6126296
458,2018-04-04,0.010529574039183674,0.0011699526710204082,0.0,5416.043180712039,0.0
459,2018-04-05,0.009389628639183674,0.0010432920710204082,2.54e-05,4829.69529170164,117.5838136
460,2018-04-06,0.0074829568577142866,0.000831439650857143,0.0,3848.9702726785586,0.0
461,2018-04-07,0.005961933073983674,0.0006624370082204083,0.0,3066.6090431626044,0.0
462,2018-04-08,0.006219523936381225,0.0006910582151534695,0.00015240000000000002,3199.104738478514,705.5028816000001
463,2018-04-09,0.00504111146111045,0.0005601234956789389,0.0,2592.970736570581,0.0
464,2018-04-10,0.004048861121530018,0.00044987345794777973,0.0,2082.5920009023293,0.0
465,2018-04-11,0.0036562634697851794,0.00040625149664279774,7.620000000000001e-05,1880.6535533845572,352.75144080000007
466,2018-04-12,0.0021643581089291104,0.00024048423432545673,0.0,1113.2698182150875,0.0
467,2018-04-13,0.03174475977068927,0.0035271955300765854,0.0037592000000000003,16328.389832255056,17402.404412800002
468,2018-04-14,0.03579368605647748,0.003977076228497498,0.0009398000000000001,18411.015351363814,4350.601103200001
469,2018-04-15,0.03588502215613586,0.003987224684015095,0.0005080000000000001,18457.995434116132,2351.6762720000006
470,2018-04-16,0.031694038634399825,0.003521559848266647,0.0,16302.300660623217,0.0
471,2018-04-17,0.02813894517095984,0.0031265494634399823,0.0,14473.685406311295,0.0
472,2018-04-18,0.033633806631006714,0.0037370896256674127,0.0010668,17300.04921066814,4938.5201712
473,2018-04-19,0.029697433158110124,0.0032997147953455694,0.0,15275.316906656519,0.0
474,2018-04-20,0.02570408894107462,0.0028560098823416247,0.0,13221.280852165966,0.0
475,2018-04-21,0.021168008811048793,0.002352000979005422,0.0,10888.080500094135,0.0
476,2018-04-22,0.016760274548719423,0.0018622527276354916,0.0,8620.89675599934,0.0
477,2018-04-23,0.012931034607316868,0.0014367816230352077,0.0,6651.270179010919,0.0
478,2018-04-24,0.009188748230666814,0.001020972025629646,0.0,4726.36946269491,0.0
479,2018-04-25,0.006408968695763397,0.0007121076328625997,0.0,3296.548471088707,0.0
480,2018-04-26,0.0033067329592482817,0.0003674147732498091,0.0,1700.8673311689693,0.0
481,2018-04-27,0.0008358283359765148,9.286981510850165e-05,0.0,429.9207491647449,0.0
482,2018-04-28,0.0,0.0,0.0,0.0,0.0
483,2018-04-29,0.0,0.0,0.0,0.0,0.0
484,2018-04-30,0.0,0.0,0.0,0.0,0.0
485,2018-05-01,0.010234819072653062,0.0011372021191836735,0.0014986,5264.431575103073,6937.445002400001
486,2018-05-02,0.0076850913923265304,0.0008538990435918367,0.0001016,3952.941180114992,470.3352544
487,2018-05-03,0.025027351490644896,0.0027808168322938777,0.0025654000000000002,12873.190868668731,11875.965173600001
488,2018-05-04,0.020908633941580407,0.0023231815490644897,0.00025400000000000005,10754.667174179458,1175.8381360000003
489,2018-05-05,0.01689835222905502,0.0018775946921172244,0.0,8691.919066703193,0.0
490,2018-05-06,0.01265883960533319,0.00140653773392591,0.0,6511.262627059473,0.0
491,2018-05-07,0.009277524996636605,0.0010308361107374006,0.0,4772.033114058877,0.0
492,2018-05-08,0.010664832637381107,0.0011849814041534565,0.0004064,5485.61545454513,1881.3410176
493,2018-05-09,0.0171363257491532,0.0019040361943503557,0.0010922,8814.324289926992,5056.1039848
494,2018-05-10,0.01213421616199298,0.0013482462402214423,2.54e-05,6241.41474791728,117.5838136
495,2018-05-11,0.0428942991955896,0.0047660332439544,0.0040894,22063.321439706204,18930.9939896
496,2018-05-12,0.03963570027031635,0.0044039666967018165,0.00030480000000000004,20387.212565574573,1411.0057632000003
497,2018-05-13,0.03420550999185614,0.003800612221317349,0.0,17594.113346348862,0.0
498,2018-05-14,0.03422241490777257,0.0038024905453080634,0.0005588,17602.808641545893,2586.8438992
499,2018-05-15,0.02780960951168919,0.0030899566124099106,0.0,14304.2867065234,0.0
500,2018-05-16,0.022406933660928434,0.002489659295658715,0.0,11525.339942844159,0.0
501,2018-05-17,0.018131781610753957,0.0020146424011948843,0.0,9326.351833573059,0.0
502,2018-05-18,0.01405463215824999,0.00156162579536111,0.0,7229.20930845246,0.0
503,2018-05-19,0.011218156423241317,0.0012464618248045909,0.0,5770.225782178695,0.0
504,2018-05-20,0.008978961319692697,0.0009976623688547441,0.0,4618.4624415413655,0.0
505,2018-05-21,0.010627825001600977,0.001180869444622331,0.000381,5466.580026079043,1763.757204
506,2018-05-22,0.009114209064706185,0.0010126898960784651,0.0,4688.029132877701,0.0
507,2018-05-23,0.008143077470888627,0.000904786385654292,5.08e-05,4188.513138527243,235.1676272
508,2018-05-24,0.0064672428797181315,0.0007185825421909036,0.0,3326.522665243675,0.0
509,2018-05-25,0.008842885808072848,0.00098254286756365,0.0008128,4548.469976126524,3762.6820352
510,2018-05-26,0.005116808832163523,0.0005685343146848359,0.0,2631.9068064214757,0.0
511,2018-05-27,0.002916847263232884,0.00032409414035920937,0.0,1500.323818458642,0.0
512,2018-05-28,0.001564315389154494,0.000173812821017166,7.620000000000001e-05,804.6289113296303,352.75144080000007
513,2018-05-29,0.004949626769422718,0.0005499585299358576,0.0005842,2545.9142232955865,2704.4277128
514,2018-05-30,0.005625141731664119,0.00062501574796268,0.000381,2893.375401791667,1763.757204
515,2018-05-31,0.000569242154416074,6.324912826845267e-05,0.0,292.79817750709566,0.0
516,2018-06-01,0.0,0.0,0.0,0.0,0.0
517,2018-06-02,0.0,0.0,0.0,0.0,0.0
518,2018-06-03,0.0,0.0,0.0,0.0,0.0
519,2018-06-04,0.0,0.0,0.0,0.0,0.0
520,2018-06-05,0.0,0.0,0.0,0.0,0.0
521,2018-06-06,0.0,0.0,7.620000000000001e-05,0.0,352.75144080000007
522,2018-06-07,0.00015735159183673464,1.7483510204081625e-05,0.0002794,80.93613405159181,1293.4219496
523,2018-06-08,0.013661867446530609,0.0015179852718367345,0.0019049999999999998,7027.184931149445,8818.78602
524,2018-06-09,0.026728237426775506,0.0029698041585306117,0.0019049999999999998,13748.066874219225,8818.78602
525,2018-06-10,0.022141586680016322,0.0024601762977795915,0.0001016,11388.854772490298,470.3352544
526,2018-06-11,0.01881591043813714,0.0020906567153485714,2.54e-05,9678.243681855696,117.5838136
527,2018-06-12,0.014144179508609139,0.0015715755009565711,0.0,7275.26932137024,0.0
528,2018-06-13,0.00932777742713598,0.00103641971412622,0.0,4797.881199889084,0.0
529,2018-06-14,0.006202469202789729,0.0006891632447544143,0.0,3190.332382329694,0.0
530,2018-06-15,0.003309903693123001,0.00036776707701366684,0.0,1702.4982453461357,0.0
531,2018-06-16,0.0012496221727902929,0.0001388469080878103,7.620000000000001e-05,642.7617700603708,352.75144080000007
532,2018-06-17,0.011767429147347994,0.0013074921274831106,0.0019049999999999998,6052.752385883524,8818.78602
533,2018-06-18,0.023165293919143806,0.0025739215465715344,0.0018288,11915.413832798858,8466.0345792
534,2018-06-19,0.019973112605596775,0.002219234733955197,0.00012700000000000002,10273.46784614305,587.9190680000002
535,2018-06-20,0.03916791796544526,0.004351990885049474,0.0030734,20146.60177230537,14227.6414456
536,2018-06-21,0.042074876944410936,0.004674986327156771,0.0012446,21641.839404525606,5761.6068664
537,2018-06-22,0.033819838425480045,0.0037577598250533384,0.0,17395.73743396222,0.0
538,2018-06-23,0.026711509423748368,0.0029679454915275964,2.54e-05,13739.462576800837,117.5838136
539,2018-06-24,0.02122885839974088,0.0023587620444156534,0.0,10919.379392020674,0.0
540,2018-06-25,0.015825176331195363,0.0017583529256883737,2.54e-05,8139.915065242378,117.5838136
541,2018-06-26,0.021490548484198277,0.0023878387204664753,0.001143,11053.983583235926,5291.271612
542,2018-06-27,0.015870953750064164,0.0017634393055626849,0.0,8163.461362212448,0.0
543,2018-06-28,0.009391199175057747,0.0010434665750064162,0.0,4830.503120212003,0.0
544,2018-06-29,0.0018330528412254421,0.000203672537913938,0.0,942.8580210043866,0.0
545,2018-06-30,0.017513272895878406,0.0019459192106531563,0.0024638,9008.212667169286,11405.6299192
546,2018-07-01,0.017794871307515055,0.0019772079230572287,0.0006096000000000001,9153.05700288206,2822.0115264000005
547,2018-07-02,0.009243281646151305,0.0010270312940168118,0.0,4754.419536891322,0.0
548,2018-07-03,0.005861432789291277,0.0006512703099212531,0.0,3014.915225393498,0.0
549,2018-07-04,0.01908122044913766,0.00212013560545974,0.0019812000000000002,9814.709836185088,9171.5374608
550,2018-07-05,0.011289183024632056,0.0012543536694035618,2.54e-05,5806.759372111198,117.5838136
551,2018-07-06,0.004835958175230075,0.000537328686136675,0.0,2487.4470894735314,0.0
552,2018-07-07,0.0,0.0,0.0,0.0,0.0
553,2018-07-08,0.0,0.0,0.0,0.0,0.0
554,2018-07-09,0.0,0.0,0.0,0.0,0.0
555,2018-07-10,0.0,0.0,0.0,0.0,0.0
556,2018-07-11,0.0,0.0,0.0,0.0,0.0
557,2018-07-12,0.0,0.0,0.0001016,0.0,470.3352544
558,2018-07-13,0.015663253929795916,0.0017403615477551019,0.0021336,8056.6278672379285,9877.0403424
559,2018-07-14,0.008929379802122448,0.0009921533113469386,0.0,4592.959449765402,0.0
560,2018-07-15,0.0021580714708897934,0.00023978571898775484,0.0,1110.0361923385096,0.0
561,2018-07-16,0.0,0.0,0.0,0.0,0.0
562,2018-07-17,0.0,0.0,0.0,0.0,0.0
563,2018-07-18,0.0,0.0,0.0,0.0,0.0
564,2018-07-19,0.006785206148571428,0.0007539117942857144,0.0010414,3490.071806698149,4820.9363576000005
565,2018-07-20,0.007981998856163264,0.0008868887617959183,0.0006858000000000001,4105.659954761656,3174.7629672000003
566,2018-07-21,0.0024378363909551,0.0002708707101061222,0.0,1253.93744436291,0.0
567,2018-07-22,0.0,0.0,0.0,0.0,0.0
568,2018-07-23,0.0,0.0,0.0,0.0,0.0
569,2018-07-24,0.0,0.0,0.0,0.0,0.0
570,2018-07-25,0.0,0.0,0.0002286,0.0,1058.2543224
571,2018-07-26,0.0,0.0,2.54e-05,0.0,117.5838136
572,2018-07-27,0.0,0.0,0.0,0.0,0.0
573,2018-07-28,0.0,0.0,0.0,0.0,0.0
574,2018-07-29,0.00047349624489795875,5.261069387755098e-05,0.00048259999999999997,243.5498433962447,2234.0924584
575,2018-07-30,0.0,0.0,0.0,0.0,0.0
576,2018-07-31,0.0,0.0,0.0,0.0,0.0
577,2018-08-01,0.0,0.0,0.00012700000000000002,0.0,587.9190680000002
578,2018-08-02,0.0,0.0,0.0,0.0,0.0
579,2018-08-03,0.0,0.0,0.0,0.0,0.0
580,2018-08-04,0.0,0.0,2.54e-05,0.0,117.5838136
581,2018-08-05,0.0,0.0,0.0003556,0.0,1646.1733904
582,2018-08-06,0.0,0.0,0.0,0.0,0.0
583,2018-08-07,0.0027698373844897953,0.00030775970938775503,0.0005334,1424.7070985133842,2469.2600856
584,2018-08-08,0.0,0.0,0.0,0.0,0.0
585,2018-08-09,0.0,0.0,2.54e-05,0.0,117.5838136
586,2018-08-10,0.0,0.0,0.0,0.0,0.0
587,2018-08-11,0.0,0.0,0.0,0.0,0.0
588,2018-08-12,0.0,0.0,0.0,0.0,0.0
589,2018-08-13,0.0,0.0,0.0,0.0,0.0
590,2018-08-14,0.0,0.0,0.0,0.0,0.0
591,2018-08-15,0.0043828379265306115,0.0004869819918367346,0.0010414,2254.377943097926,4820.9363576000005
592,2018-08-16,0.01808674100081633,0.0020096378889795925,0.0020320000000000004,9303.184525247005,9406.705088000002
593,2018-08-17,0.01332689716359184,0.0014807663515102045,0.0,6854.887978784565,0.0
594,2018-08-18,0.009047754092130616,0.001005306010236735,0.0,4653.847028292753,0.0
595,2018-08-19,0.005164957941693064,0.0005738842157436739,0.0,2656.6730177947375,0.0
596,2018-08-20,0.0035119185491564106,0.0003902131721284901,2.54e-05,1806.407594323665,117.5838136
597,2018-08-21,0.0006170352264856679,6.855946960951866e-05,0.0,317.381255711831,0.0
598,2018-08-22,0.0,0.0,0.0,0.0,0.0
599,2018-08-23,0.0,0.0,0.0,0.0,0.0
600,2018-08-24,0.003303369639183674,0.0003670410710204082,0.0005080000000000001,1699.1373574176394,2351.6762720000006
601,2018-08-25,0.00211134925322449,0.0002345943614693878,0.0001016,1086.0039240404535,470.3352544
602,2018-08-26,0.0015188266544326537,0.00016875851715918375,0.0001778,781.2311033487348,823.0866952
603,2018-08-27,0.017041508824907757,0.0018935009805453066,0.0022098,8765.5537932227,10229.7917832
604,2018-08-28,0.02137831017098841,0.00237536779677649,0.0009144,10996.252135732657,4233.0172896
605,2018-08-29,0.016131916828991608,0.0017924352032212898,0.0,8297.691607309065,0.0
606,2018-08-30,0.01140904879017408,0.0012676720877971201,0.0,5868.414113285803,0.0
607,2018-08-31,0.008351070030340345,0.0009278966700378161,0.0001016,4295.497208259341,470.3352544
608,2018-09-01,0.006250040542408352,0.0006944489491564836,0.0002286,3214.801409146923,1058.2543224
609,2018-09-02,0.0032811120473511903,0.0003645680052612434,0.0,1687.6888336677898,0.0
610,2018-09-03,0.006018060150371173,0.0006686733500412415,0.00048259999999999997,3095.4788405723184,2234.0924584
611,2018-09-04,0.07306939443247691,0.008118821603608547,0.008432799999999999,37584.33094843939,39037.8261152
612,2018-09-05,0.06737230043249452,0.007485811159166059,0.0005334,34653.94582614889,2469.2600856
613,2018-09-06,0.05706550552393895,0.006340611724882106,0.0,29352.492408209135,0.0
614,2018-09-07,0.0485599028376675,0.005395544759740834,0.0,24977.509027552085,0.0
615,2018-09-08,0.040647243126961975,0.0045163603474402195,0.0,20907.51469463945,0.0
616,2018-09-09,0.03404535601263312,0.003782817334737014,0.0,17511.735762620705,0.0
617,2018-09-10,0.027589346621982057,0.0030654829579980065,0.0,14190.991209732843,0.0
618,2018-09-11,0.02121425457202875,0.0023571393968920833,0.0,10911.867695802172,0.0
619,2018-09-12,0.015698398812785057,0.0017442665347538952,0.0,8074.705161071651,0.0
620,2018-09-13,0.010762376139669816,0.0011958195710744242,0.0,5535.788407261694,0.0
621,2018-09-14,0.00711245074121304,0.0007902723045792267,0.0,3658.394935231741,0.0
622,2018-09-15,0.0024818477568876547,0.0002757608618764061,0.0,1276.5753457106566,0.0
623,2018-09-16,0.0,0.0,0.0,0.0,0.0
624,2018-09-17,0.010541453466122447,0.0011712726073469387,0.001524,5422.153540829466,7055.028816
625,2018-09-18,0.029119748514612246,0.0032355276127346943,0.0025654000000000002,14978.176209190917,11875.965173600001
626,2018-09-19,0.0320523527978449,0.003561372533093878,0.0008128,16486.60488549096,3762.6820352
627,2018-09-20,0.0649369395458155,0.007215215505090612,0.004572,33401.28169426789,21165.086448
628,2018-09-21,0.055177547762662524,0.006130838640295837,0.0,28381.39322410327,0.0
629,2018-09-22,0.04731144098639627,0.005256826776266253,0.0,24335.344086140944,0.0
630,2018-09-23,0.04056592884857298,0.00450732542761922,0.0,20865.689484870814,0.0
631,2018-09-24,0.034455462670654455,0.0038283847411838285,0.0,17722.68022820644,0.0
632,2018-09-25,0.030377196772568605,0.003375244085840956,7.620000000000001e-05,15624.963442678165,352.75144080000007
633,2018-09-26,0.02501251385612807,0.0027791682062364527,0.0,12865.558910439111,0.0
634,2018-09-27,0.020724819835413223,0.002302757759490358,2.54e-05,10660.119651884563,117.5838136
635,2018-09-28,0.016659349051871903,0.0018510387835413225,0.0,8568.984224027308,0.0
636,2018-09-29,0.01419521250750104,0.0015772458341667822,0.0,7301.518904174938,0.0
637,2018-09-30,0.012142699465730527,0.0013491888295256143,0.0,6245.778261501654,0.0
638,2018-10-01,0.02532958442854523,0.002814398269838359,0.0018542,13028.648880190398,8583.618392800001
639,2018-10-02,0.022430649339160093,0.0024922943710177885,0.0,11537.538455042712,0.0
640,2018-10-03,0.02018627570973388,0.0022429195233037644,0.0001016,10383.111462517743,470.3352544
641,2018-10-04,0.01753168163100539,0.0019479646256672656,7.620000000000001e-05,9017.681474167463,352.75144080000007
642,2018-10-05,0.01871073700749669,0.002078970778610743,0.0004318,9624.146161890254,1998.9248312
643,2018-10-06,0.015904378722257227,0.001767153191361914,0.0,8180.653994320646,0.0
644,2018-10-07,0.015153226747174361,0.0016836918607971514,0.00015240000000000002,7794.28779211848,705.5028816000001
645,2018-10-08,0.03581248761204876,0.00397916529022764,0.0028194,18420.686211406173,13051.8033096
646,2018-10-09,0.04786912186145613,0.00531879131793957,0.0020320000000000004,24622.195547476567,9406.705088000002
647,2018-10-10,0.04193233288184113,0.004659148097982348,0.0,21568.519743620116,0.0
648,2018-10-11,0.03588947484263661,0.003987719426959624,0.0,18460.285739713356,0.0
649,2018-10-12,0.031598529121638255,0.0035109476801820287,0.0,16253.173920703783,0.0
650,2018-10-13,0.02789778082335198,0.0030997534248168868,0.0,14349.638933450016,0.0
651,2018-10-14,0.03168536222836372,0.0035205958031515245,0.0009398000000000001,16297.837821996502,4350.601103200001
652,2018-10-15,0.02755040885613959,0.003061156539571066,0.0,14170.962990131702,0.0
653,2018-10-16,0.023712085475831753,0.0026346761639813063,0.0,12196.664211100036,0.0
654,2018-10-17,0.02061341467192205,0.0022903794079913386,0.0,10602.816747343775,0.0
655,2018-10-18,0.0178365479018727,0.0019818386557636336,0.0,9174.493979708097,0.0
656,2018-10-19,0.017363326319848695,0.0019292584799831883,0.0003556,8931.085413250494,1646.1733904
657,2018-10-20,0.014518542344190356,0.0016131713715767063,0.0,7467.828419698101,0.0
658,2018-10-21,0.012390385585689686,0.0013767095095210764,0.0,6373.179305073767,0.0
659,2018-10-22,0.010100298432835003,0.0011222553814261116,0.0,5195.238881149796,0.0
660,2018-10-23,0.0086765790417964,0.0009640643379773778,0.0,4462.927614769267,0.0
661,2018-10-24,0.00739085163884125,0.0008212057376490279,0.0,3801.5945820068423,0.0
662,2018-10-25,0.006244869025161207,0.0006938743361290231,0.0,3212.1413622527084,0.0
663,2018-10-26,0.005817532816522638,0.000646392535169182,0.0001016,2992.3346207781315,470.3352544
664,2018-10-27,0.006660682868747925,0.0007400758743053251,0.00025400000000000005,3426.0214037076526,1175.8381360000003
665,2018-10-28,0.004888850454526194,0.0005432056060584661,0.0001016,2514.65302083676,470.3352544
666,2018-10-29,0.003954613258869493,0.0004394014732077214,0.0,2034.1142094969334,0.0
667,2018-10-30,0.0030838986823702986,0.0003426554091522554,0.0,1586.2492031019895,0.0
668,2018-10-31,0.0022098698786230647,0.000245541097624785,0.0,1136.6794745768552,0.0
669,2018-11-01,0.0014066636189240234,0.00015629595765822484,0.0,723.5383760518977,0.0
670,2018-11-02,0.0007423169827459067,8.24796647495452e-05,0.0,381.8217923504336,0.0
671,2018-11-03,0.004354548027328459,0.0004838386697031621,0.0005334,2239.8266122381333,2469.2600856
672,2018-11-04,0.014783248839289491,0.0016425832043654991,0.001397,7603.984146637935,6467.109748
673,2018-11-05,0.017540352725972787,0.001948928080663643,0.0005842,9022.141580966912,2704.4277128
674,2018-11-06,0.019343517685212246,0.0021492797428013604,0.0005334,9949.626324874453,2469.2600856
675,2018-11-07,0.016279078249752246,0.0018087864721946939,0.0,8373.38627514734,0.0
676,2018-11-08,0.014704731724368859,0.0016338590804854287,0.0001016,7563.597699545908,470.3352544
677,2018-11-09,0.013063982666217687,0.0014515536295797431,5.08e-05,6719.653992555432,235.1676272
678,2018-11-10,0.011449585926453062,0.0012721762140503402,0.0,5889.2649928838155,0.0
679,2018-11-11,0.009744755333807755,0.0010827505926453063,0.0,5012.359994523434,0.0
680,2018-11-12,0.00830281841920249,0.0009225353799113879,0.0,4270.67827365771,0.0
681,2018-11-13,0.007237741368139384,0.0008041934853488205,0.0,3722.8400346295293,0.0
682,2018-11-14,0.006111798859080548,0.000679088762120061,0.0,3143.6947410622042,0.0
683,2018-11-15,0.0054124703429684114,0.0006013855936631569,5.08e-05,2783.984706575354,235.1676272
684,2018-11-16,0.006269844027038916,0.0006966493363376575,0.0002286,3224.9876263185365,1058.2543224
685,2018-11-17,0.006064003552498289,0.00067377817249981,0.0001016,3119.1105135026105,470.3352544
686,2018-11-18,0.0051072610715341745,0.0005674734523926861,0.0,2626.9957735862235,0.0
687,2018-11-19,0.004238712009278716,0.0004709680010309685,0.0,2180.244631684646,0.0
688,2018-11-20,0.0035011823593712526,0.0003890202621523614,0.0,1800.8852752577322,0.0
689,2018-11-21,0.002874520046372903,0.0003193911162636559,0.0,1478.5521842614821,0.0
690,2018-11-22,0.002477267747858062,0.0002752519719842291,0.0,1274.21954987504,0.0
691,2018-11-23,0.004354599208500827,0.0004838443565000919,0.0002794,2239.8529380361715,1293.4219496
692,2018-11-24,0.00363839807491605,0.00040426645276845003,0.0,1871.4642215377414,0.0
693,2018-11-25,0.002647200109057098,0.0002941333454507887,0.0,1361.626789961809,0.0
694,2018-11-26,0.001981838361008531,0.00022020426233428125,0.0,1019.3880683558908,0.0
695,2018-11-27,0.0014258537869484941,0.00015842819854983267,0.0,733.4091246955636,0.0
696,2018-11-28,0.0029167760608250735,0.00032408622898056374,0.0002286,1500.2871944400601,1058.2543224
697,2018-11-29,0.002476706348946648,0.00027518959432740533,0.0,1273.9307859863484,0.0
698,2018-11-30,0.002175188024909126,0.00024168755832323625,0.0,1118.8403467448245,0.0
699,2018-12-01,0.01760079690698964,0.001955644100776627,0.0019558,9053.231945419626,9053.9536472
700,2018-12-02,0.0203210008538417,0.0022578889837601888,0.0006096000000000001,10452.409346297301,2822.0115264000005
701,2018-12-03,0.01809016842560039,0.0020100187139555988,0.0,9304.94747221523,0.0
702,2018-12-04,0.01612984807936688,0.0017922053421518755,0.0,8296.627515138203,0.0
703,2018-12-05,0.01430011187355264,0.0015889013192836269,0.0,7355.475454938585,0.0
704,2018-12-06,0.012742136925870846,0.0014157929917634274,0.0,6554.107844082566,0.0
705,2018-12-07,0.011385044403569475,0.0012650049337299418,0.0,5856.06709963708,0.0
706,2018-12-08,0.010197174106559466,0.0011330193451732742,0.0,5245.068326301115,0.0
707,2018-12-09,0.009182399438891273,0.0010202666043212527,0.0,4723.103867118706,0.0
708,2018-12-10,0.0083028687403899,0.0009225409711544335,0.0,4270.704157109681,0.0
709,2018-12-11,0.007441539503052951,0.000826837722561439,0.0,3827.6666396501087,0.0
710,2018-12-12,0.006607434371686432,0.0007341593746318258,0.0,3398.6322464331174,0.0
711,2018-12-13,0.005876868484885136,0.0006529853872094596,0.0,3022.8548052425563,0.0
712,2018-12-14,0.00515248812586601,0.0005724986806517789,0.0,2650.25898236239,0.0
713,2018-12-15,0.004314129056952878,0.0004793476729947642,0.0,2219.036513031894,0.0
714,2018-12-16,0.0035843983220331006,0.0003982664802259001,0.0,1843.6886446460758,0.0
715,2018-12-17,0.0030192692359522393,0.00033547435955024883,0.0,1553.006085076214,0.0
716,2018-12-18,0.00242308196819375,0.0002692313297993056,0.0,1246.3482873386486,0.0
717,2018-12-19,0.0022462470565988647,0.00024958300628876275,0.0,1155.3906176844687,0.0
718,2018-12-20,0.0024523796897144884,0.00027248663219049874,0.00012700000000000002,1261.4180066133608,587.9190680000002
719,2018-12-21,0.002025258541640999,0.00022502872684899988,0.0,1041.7218847424456,0.0
720,2018-12-22,0.001656879811721797,0.00018409775685797745,0.0,852.2408002585253,0.0
721,2018-12-23,0.0012882693345496173,0.0001431410371721797,0.0,662.6405131245767,0.0
722,2018-12-24,0.0009191719357885331,0.00010213021508761479,0.0,472.78977062165376,0.0
723,2018-12-25,0.0006531735889035574,7.257484321150637e-05,0.0,335.96956048153504,0.0
724,2018-12-26,0.004327936450094835,0.000480881827788315,0.00048259999999999997,2226.1385512712022,2234.0924584
725,2018-12-27,0.020692194876269027,0.0022991327640298916,0.0020828,10643.338518399352,9641.872715200001
726,2018-12-28,0.018714287316805387,0.002079365257422821,5.08e-05,9625.972316343346,235.1676272
727,2018-12-29,0.016825970118186075,0.0018695522353540082,2.54e-05,8654.688250288544,117.5838136
728,2018-12-30,0.014791364694938896,0.001643484966104322,0.0,7608.15865782728,0.0
729,2018-12-31,0.013015815040138884,0.0014462016711265426,0.0,6694.878256919365,0.0
730,2019-01-01,0.011474711153757648,0.001274967905973072,0.0,5902.188527634647,0.0
731,2019-01-02,0.009934044217973718,0.0011037826908859689,0.0,5109.723550395362,0.0
732,2019-01-03,0.008566131766788592,0.0009517924185320657,0.0,4406.117414431796,0.0
733,2019-01-04,0.007434216451334223,0.0008260240501482471,0.0,3823.899918966478,0.0
734,2019-01-05,0.006215195602935495,0.0006905772892150551,0.0,3196.878395726627,0.0
735,2019-01-06,0.0056153118369276596,0.0006239235374364067,5.08e-05,2888.3192490777583,235.1676272
736,2019-01-07,0.005183779556745097,0.0005759755063050109,2.54e-05,2666.354195729686,117.5838136
737,2019-01-08,0.003892206678621608,0.00043246740873573424,2.54e-05,2002.0144557817948,117.5838136
738,2019-01-09,0.0029413017266778146,0.00032681130296420167,0.0,1512.9023358313314,0.0
739,2019-01-10,0.002278903367887584,0.0002532114853208427,0.0,1172.187877612012,0.0
740,2019-01-11,0.0017987843473437235,0.00019986492748263595,0.0,925.2315109565269,0.0
741,2019-01-12,0.0014293765450991472,0.00015881961612212748,0.0,735.2211078003068,0.0
742,2019-01-13,0.0010146394430790285,0.00011273771589766983,0.0,521.8949044016285,0.0
743,2019-01-14,0.0007306207271792889,8.118008079769876e-05,0.0,375.8056491554941,0.0
744,2019-01-15,0.0003521094397674825,3.9123271085275834e-05,0.0,181.11273286273004,0.0
745,2019-01-16,0.0,0.0,0.0,0.0,0.0
746,2019-01-17,0.0006389764016326532,7.099737795918368e-05,0.00012700000000000002,328.6670258284017,587.9190680000002
747,2019-01-18,0.01166355039379592,0.0012959500437551023,0.001397,5999.320802354795,6467.109748
748,2019-01-19,0.010811920014661225,0.0012013244460734695,5.08e-05,5561.272037016775,235.1676272
749,2019-01-20,0.009672646371399184,0.0010747384857110204,0.0,4975.2696760862555,0.0
750,2019-01-21,0.008491463974259266,0.0009434959971399185,0.0,4367.71092362387,0.0
751,2019-01-22,0.009636041023690483,0.0010706712248544981,0.00025400000000000005,4956.44117047933,1175.8381360000003
752,2019-01-23,0.00858359310613776,0.0009537325673486402,0.0,4415.098914305982,0.0
753,2019-01-24,0.007437191712258678,0.0008263546346954087,0.0,3825.4302887213003,0.0
754,2019-01-25,0.006605432986420566,0.000733936998491174,0.0,3397.6028041232157,0.0
755,2019-01-26,0.0067206493677785095,0.0007467388186420568,0.0001016,3456.8660653185752,470.3352544
756,2019-01-27,0.011938403857612905,0.001326489317512545,0.0007366,6140.695773731744,3409.9305944000002
757,2019-01-28,0.013361486186627124,0.0014846095762919027,0.0003302,6872.679357774884,1528.5895768
758,2019-01-29,0.0119715051134338,0.0013301672348259778,0.0,6157.721897504142,0.0
759,2019-01-30,0.010622588347070012,0.0011802875941188903,0.0,5463.886474853073,0.0
760,2019-01-31,0.009661640371465052,0.0010735155968294502,2.54e-05,4969.608576153024,117.5838136
761,2019-02-01,0.008443893534645077,0.0009382103927383419,0.0,4343.242359737323,0.0
762,2019-02-02,0.007711313539547916,0.000856812615505324,0.0,3966.4289319569484,0.0
763,2019-02-03,0.007193276121266593,0.0007992529023629548,2.54e-05,3699.968672862389,117.5838136
764,2019-02-04,0.007050037700976668,0.000783337522330741,0.00012700000000000002,3626.291858725342,587.9190680000002
765,2019-02-05,0.011178257565817775,0.0012420286184241973,0.000635,5749.703210813242,2939.5953400000003
766,2019-02-06,0.012637277020011507,0.0014041418911123899,0.0003302,6500.171590256328,1528.5895768
767,2019-02-07,0.015672271501847093,0.0017413635002052324,0.0005588,8061.266189684079,2586.8438992
768,2019-02-08,0.01408224635747463,0.0015646940397194033,0.0,7243.413082968398,0.0
769,2019-02-09,0.01262542140433941,0.0014028246004821568,0.0,6494.073477818441,0.0
770,2019-02-10,0.014141622813293224,0.0015712914236992474,0.0003556,7273.954247068147,1646.1733904
771,2019-02-11,0.014702330194004718,0.0016335922437783021,0.00025400000000000005,7562.362436646994,1175.8381360000003
772,2019-02-12,0.01946011430766547,0.0021622349230739414,0.0007874,10009.599533627428,3645.0982215999998
773,2019-02-13,0.017512843780631168,0.0019458715311812408,0.0,9007.991945352818,0.0
774,2019-02-14,0.015684317696772133,0.0017427019663080149,0.0,8067.462329398232,0.0
775,2019-02-15,0.014087523554262267,0.0015652803949180298,0.0,7246.127487707717,0.0
776,2019-02-16,0.012614422418427878,0.0014016024909364309,0.0,6488.415985652165,0.0
777,2019-02-17,0.014887006500176927,0.001654111833352992,0.0004572,7657.353444351673,2116.5086448
778,2019-02-18,0.013402138719906174,0.0014891265244340193,0.0,6893.589593538015,0.0
779,2019-02-19,0.011986934056078822,0.0013318815617865357,0.0,6165.658003873421,0.0
780,2019-02-20,0.019710991915124,0.002190110212791556,0.0011176,10138.642166312546,5173.6877984
781,2019-02-21,0.017718475620068744,0.0019687195133409716,0.0,9113.761743597146,0.0
782,2019-02-22,0.01583732796728636,0.0017597031074762623,0.0,8146.165440190141,0.0
783,2019-02-23,0.032460727456598545,0.0036067474951776163,0.0022606,16696.658471465817,10464.9594104
784,2019-02-24,0.03353979630440808,0.00372664403382312,0.0005842,17251.693599472826,2704.4277128
785,2019-02-25,0.03006242044082441,0.0033402689378693794,0.0,15463.053549775712,0.0
786,2019-02-26,0.027161259187599113,0.0030179176875110127,2.54e-05,13970.79806411173,117.5838136
787,2019-02-27,0.024588072705900424,0.0027320080784333806,2.54e-05,12647.241285362394,117.5838136
788,2019-02-28,0.021987956789432828,0.002443106309936981,0.0,11309.832950890308,0.0
789,2019-03-01,0.022991604723224236,0.0025546227470249153,0.0004064,11826.074208838489,1881.3410176
790,2019-03-02,0.02052237043539161,0.002280263381710179,0.0,10555.986788736824,0.0
791,2019-03-03,0.018427206697974898,0.0020474674108860997,0.0,9478.308125736447,0.0
792,2019-03-04,0.01646777461593251,0.0018297527351036121,0.0,8470.44506057139,0.0
793,2019-03-05,0.014712313430584158,0.0016347014922871287,0.0,7567.497463020928,0.0
794,2019-03-06,0.013117615394301252,0.0014575128215890281,0.0,6747.240784776943,0.0
795,2019-03-07,0.011724669240993576,0.0013027410267770641,0.0,6030.758191402634,0.0
796,2019-03-08,0.010378594706118707,0.0011531771895687453,0.0,5338.384712835559,0.0
797,2019-03-09,0.016704013138527245,0.0018560014598363605,0.0009398000000000001,8591.957861997107,4350.601103200001
798,2019-03-10,0.014842690129980643,0.0016491877922200715,2.54e-05,7634.558659519702,117.5838136
799,2019-03-11,0.013238573913717272,0.001470952657079697,0.0,6809.457600176528,0.0
800,2019-03-12,0.025569732175570035,0.0028410813528411153,0.0017018000000000003,13152.172449405729,7878.1155112000015
801,2019-03-13,0.02473385886005385,0.0027482065400059835,0.0001778,12722.22856434506,823.0866952
802,2019-03-14,0.02590097146351785,0.00287788571816865,0.0004572,13322.550308946642,2116.5086448
803,2019-03-15,0.021803333262472187,0.002422592584719132,0.0,11214.869090958922,0.0
804,2019-03-16,0.019030021219490274,0.002114446802165586,0.0,9788.374750116312,0.0
805,2019-03-17,0.016750657523663698,0.0018611841692959662,0.0,8615.950095975108,0.0
806,2019-03-18,0.014434332029256512,0.0016038146699173903,0.0,7424.513590413856,0.0
807,2019-03-19,0.011998801833677799,0.0013332002037419778,0.0,6171.762371979478,0.0
808,2019-03-20,0.009169500523779406,0.0010188333915310452,0.0,4716.469118080403,0.0
809,2019-03-21,0.0059631246820137105,0.0006625694091126345,0.0,3067.221964494573,0.0
810,2019-03-22,0.0031479226791184616,0.000349769186568718,0.0,1619.180899075581,0.0
811,2019-03-23,0.0008198383165127378,9.10931462791931e-05,0.0,421.6960445799281,0.0
812,2019-03-24,0.0,0.0,2.54e-05,0.0,117.5838136
813,2019-03-25,0.0,0.0,0.0,0.0,0.0
814,2019-03-26,0.0,0.0,0.0,0.0,0.0
815,2019-03-27,0.0,0.0,0.0,0.0,0.0
816,2019-03-28,0.0,0.0,0.0,0.0,0.0
817,2019-03-29,0.0,0.0,0.0,0.0,0.0
818,2019-03-30,0.0,0.0,0.0,0.0,0.0
819,2019-03-31,0.0,0.0,0.0,0.0,0.0
820,2019-04-01,0.0,0.0,0.0,0.0,0.0
821,2019-04-02,0.0,0.0,0.00025400000000000005,0.0,1175.8381360000003
822,2019-04-03,0.0,0.0,0.0,0.0,0.0
823,2019-04-04,0.000602203327346939,6.691148081632656e-05,0.0001778,309.7522475593275,823.0866952
824,2019-04-05,4.7845172571428834e-05,5.316130285714315e-06,0.0,24.609876873572706,0.0
825,2019-04-06,0.002304351924538776,0.00025603910272653063,0.00030480000000000004,1185.2777216262846,1411.0057632000003
826,2019-04-07,0.005082905790044081,0.0005647673100048979,0.0005334,2614.468271928714,2469.2600856
827,2019-04-08,0.0009389702151213048,0.0001043300239023672,0.0,482.97331037084604,0.0
828,2019-04-09,0.0,0.0,0.0,0.0,0.0
829,2019-04-10,0.00968894916244898,0.0010765499069387756,0.0012954000000000002,4983.655259393163,5996.774493600001
830,2019-04-11,0.019900295532734695,0.0022111439480816328,0.0014732,10236.013300551132,6819.8611888000005
831,2019-04-12,0.017626289368848982,0.0019584765965387756,2.54e-05,9066.34437273141,117.5838136
832,2019-04-13,0.015472479759311023,0.0017191644177012248,2.54e-05,7958.500332233597,117.5838136
833,2019-04-14,0.013131524354808492,0.0014590582616453881,0.0,6754.395065702809,0.0
834,2019-04-15,0.0105129592564705,0.0011681065840522778,0.0,5407.497119847865,0.0
835,2019-04-16,0.007305142870415287,0.0008116825411572542,7.620000000000001e-05,3757.5090008586185,352.75144080000007
836,2019-04-17,0.029162847450312536,0.0032403163833680595,0.0028448,15000.344788463624,13169.3871232
837,2019-04-18,0.024575820337934345,0.0027306467042149275,5.08e-05,12640.939097474897,235.1676272
838,2019-04-19,0.018864982075569484,0.00209610911950772,0.0,9703.484409191176,0.0
839,2019-04-20,0.013046208276175801,0.0014495786973528668,0.0,6710.511470396469,0.0
840,2019-04-21,0.008667525172639854,0.0009630583525155394,0.0,4458.270622366546,0.0
841,2019-04-22,0.010755527022722809,0.0011950585580803121,0.00048259999999999997,5532.26546198426,2234.0924584
842,2019-04-23,0.00637399998575665,0.0007082222206396278,0.0,3278.5617944514984,0.0
843,2019-04-24,0.002663534308813638,0.0002959482565348487,0.0,1370.0285288046705,0.0
844,2019-04-25,0.006436460842013906,0.0007151623157793229,0.0008889999999999999,3310.689465840167,4115.433475999999
845,2019-04-26,0.002751598940669658,0.00030573321562996206,0.0,1415.3258833843333,0.0
846,2019-04-27,0.007517126044153712,0.0008352362271281902,0.0007874,3866.5457024648967,3645.0982215999998
847,2019-04-28,0.004958445603003647,0.0005509384003337385,0.0,2550.4503216505705,0.0
848,2019-04-29,0.004116530162703282,0.00045739224030036466,7.620000000000001e-05,2117.3985797466335,352.75144080000007
849,2019-04-30,0.008294972979902343,0.0009216636644335936,0.0006858000000000001,4266.642855143804,3174.7629672000003
850,2019-05-01,0.008705367345585578,0.0009672630383983975,0.00025400000000000005,4477.7353074490875,1175.8381360000003
851,2019-05-02,0.006618737210210694,0.000735415245578966,0.0,3404.446029714778,0.0
852,2019-05-03,0.0038421469634753384,0.00042690521816392653,0.0,1976.2654959627744,0.0
853,2019-05-04,0.001223200851617601,0.00013591120573528897,0.0001016,629.1715701310815,470.3352544
854,2019-05-05,0.0,0.0,0.0,0.0,0.0
855,2019-05-06,0.0,0.0,0.0001016,0.0,470.3352544
856,2019-05-07,0.0,0.0,0.0,0.0,0.0
857,2019-05-08,0.023833798383673468,0.0026481998204081632,0.0030734,12259.269057418383,14227.6414456
858,2019-05-09,0.019428889444897957,0.002158765493877551,7.620000000000001e-05,9993.538560559444,352.75144080000007
859,2019-05-10,0.015375060888979589,0.00170834009877551,0.0,7908.391485819888,0.0
860,2019-05-11,0.011551693275183671,0.001283521475020408,0.0,5941.785427968374,0.0
861,2019-05-12,0.008533387999910201,0.0009481542222122447,0.0,4389.275170419589,0.0
862,2019-05-13,0.005884513670123263,0.0006538348522359182,0.0,3026.7872200981,0.0
863,2019-05-14,0.0037304265937231815,0.0004144918437470202,0.0,1918.8004603885806,0.0
864,2019-05-15,0.0005168772567998429,5.7430806311093655e-05,5.08e-05,265.86351276304487,235.1676272
865,2019-05-16,0.0,0.0,2.54e-05,0.0,117.5838136
866,2019-05-17,0.021152416966530616,0.002350268551836735,0.0028448,10880.060602720969,13169.3871232
867,2019-05-18,0.029369571769469388,0.0032632857521632656,0.001524,15106.676519917371,7055.028816
868,2019-05-19,0.06325844665782857,0.007028716295314286,0.004826,32537.9238864377,22340.924584
869,2019-05-20,0.05338404819612734,0.005931560910680816,0.0,27458.880018840133,0.0
870,2019-05-21,0.05571824479365746,0.0061909160881841625,0.0012192000000000001,28659.508792373534,5644.023052800001
871,2019-05-22,0.047817911132250895,0.005313101236916766,2.54e-05,24595.854546438997,117.5838136
872,2019-05-23,0.04082284507371969,0.004535871674857743,0.0,20997.83817047215,0.0
873,2019-05-24,0.044971127012062004,0.004996791890229112,0.0011684,23131.568748767386,5408.8554256
874,2019-05-25,0.036982780743508865,0.004109197860389874,0.0,19022.64390793708,0.0
875,2019-05-26,0.031163717689566144,0.003462635298840683,0.0,16029.522186758393,0.0
876,2019-05-27,0.09559153625856873,0.010621281806507636,0.0084582,49168.9299263569,39155.40992880001
877,2019-05-28,0.08369745904414043,0.009299717671571159,2.54e-05,43051.03422152162,117.5838136
878,2019-05-29,0.07447517630380802,0.008275019589312002,0.00015240000000000002,38307.41578448862,705.5028816000001
879,2019-05-30,0.06462671552240681,0.007180746169156313,0.0,33241.71334893662,0.0
880,2019-05-31,0.05582194133506409,0.006202437926118232,0.0,28712.846652372315,0.0
881,2019-06-01,0.04705558628727197,0.0052283984763635515,0.0,24203.741412254167,0.0
882,2019-06-02,0.040402120615279466,0.00448912451280883,0.0,20781.43228115371,0.0
883,2019-06-03,0.03415536222885356,0.003795040247650396,0.0,17568.319097804015,0.0
884,2019-06-04,0.04135273271290698,0.004594748079211887,0.0015494,21270.393767126323,7172.6126296
885,2019-06-05,0.03251555028243261,0.0036128389202702903,0.0,16724.85740818453,0.0
886,2019-06-06,0.02606313974398527,0.0028959044159983633,0.0,13405.963978510566,0.0
887,2019-06-07,0.020947434396525515,0.0023274927107250574,0.0,10774.624765876137,0.0
888,2019-06-08,0.01684479445401582,0.00187164382822398,0.0,8664.370827696019,0.0
889,2019-06-09,0.014349119250246893,0.001594346583360766,2.54e-05,7380.68312880666,117.5838136
890,2019-06-10,0.011283611863997713,0.0012537346515553015,0.0,5803.893762690533,0.0
891,2019-06-11,0.014076205048210187,0.0015640227831344652,0.0006096000000000001,7240.305645599849,2822.0115264000005
892,2019-06-12,0.015655109425021824,0.0017394566027802026,0.0007874,8052.438619944747,3645.0982215999998
893,2019-06-13,0.012147747197621682,0.0013497496886246314,0.0,6248.374637554988,0.0
894,2019-06-14,0.009640153496635023,0.0010711281662927805,2.54e-05,4958.556482168508,117.5838136
895,2019-06-15,0.03304846393962458,0.003672051548847176,0.0030988,16998.96948225345,14345.2252592
896,2019-06-16,0.02886042263953967,0.0032067136266155194,0.0,14844.788084273197,0.0
897,2019-06-17,0.025175949952728562,0.002797327772525396,2.54e-05,12949.624700107455,117.5838136
898,2019-06-18,0.021375337174598563,0.002375037463844285,0.0,10994.722930774928,0.0
899,2019-06-19,0.01829934499509789,0.002033260555010877,0.0,9412.540555142972,0.0
900,2019-06-20,0.01688953798946565,0.0018766153321628503,0.0001778,8687.385331336169,823.0866952
901,2019-06-21,0.012254219439498679,0.0013615799377220755,2.54e-05,6303.1402204178,117.5838136
902,2019-06-22,0.007906949054732484,0.000878549894970276,2.54e-05,4067.0569719875793,117.5838136
903,2019-06-23,0.011637289052116377,0.0012930321169018198,0.0007366,5985.812890259724,3409.9305944000002
904,2019-06-24,0.014905347199965963,0.0016561496888851072,0.0008889999999999999,7666.787256360804,4115.433475999999
905,2019-06-25,0.008873755435071408,0.0009859728261190452,0.0,4564.348228387678,0.0
906,2019-06-26,0.004802599842584676,0.0005336222047316307,0.0,2470.288734408862,0.0
907,2019-06-27,0.01753487762485682,0.0019483197360952024,0.0018542,9019.325381189743,8583.618392800001
908,2019-06-28,0.11313065467869765,0.012570072742077519,0.012446,58190.436623735586,57616.068664
909,2019-06-29,0.09864816778388912,0.010960907531543235,0.0,50741.1538612526,0.0
910,2019-06-30,0.09242530064468388,0.01026947784940932,0.0007874,47540.329496624974,3645.0982215999998
911,2019-07-01,0.09886545763327671,0.010985050848141859,0.0021844,50852.92013048953,10112.2079696
912,2019-07-02,0.08501267578831638,0.009445852865368488,0.0,43727.53553600449,0.0
913,2019-07-03,0.09211130598907659,0.010234589554341844,0.0023622,47378.821670481826,10935.2946648
914,2019-07-04,0.07839847442690362,0.008710941602989292,0.0,40325.42258765268,0.0
915,2019-07-05,0.08750670331074387,0.009722967034527097,0.0025654000000000002,45010.37572546374,11875.965173600001
916,2019-07-06,0.07478916212252663,0.008309906902502958,0.0,38468.919065246504,0.0
917,2019-07-07,0.06340647173884541,0.007045163526538379,0.0,32614.06279078769,0.0
918,2019-07-08,0.05258649943843025,0.005842944382047806,0.0,27048.648940703795,0.0
919,2019-07-09,0.04802069691336274,0.005335632990373638,0.0003556,24700.160432208835,1646.1733904
920,2019-07-10,0.04063844727100606,0.004515383030111785,0.00015240000000000002,20902.990415168006,705.5028816000001
921,2019-07-11,0.031123658282680964,0.0034581842536312185,0.0,16008.917034386941,0.0
922,2019-07-12,0.02424297937686185,0.002693664375206872,0.0,12469.73739351517,0.0
923,2019-07-13,0.017432795267747093,0.0019369772519718992,0.0,8966.81780091748,0.0
924,2019-07-14,0.010929334189951977,0.0012143704655502197,0.0,5621.665766244183,0.0
925,2019-07-15,0.03532997841993637,0.003925553157770707,0.0036829999999999996,18172.50042441741,17049.652972
926,2019-07-16,0.03225572834284069,0.003583969815871188,0.0004318,16591.214125095437,1998.9248312
927,2019-07-17,0.026081302702026007,0.0028979225224473344,0.0,13415.306366405086,0.0
928,2019-07-18,0.05081304093794585,0.005645893437549539,0.0038099999999999996,26136.44415615308,17637.57204
929,2019-07-19,0.04700306126864106,0.00522256236318234,0.0006858000000000001,24176.724386882197,3174.7629672000003
930,2019-07-20,0.05815540915647083,0.00646171212849676,0.0022352,29913.100569055994,10347.3755968
931,2019-07-21,0.0473223486979666,0.005258038744218512,0.0,24340.95462999085,0.0
932,2019-07-22,0.03702954383633321,0.004114393759592579,0.0,19046.697200981773,0.0
933,2019-07-23,0.027799218220046825,0.0030888020244496475,0.0,14298.941790952362,0.0
934,2019-07-24,0.02000650593273602,0.0022229451036373357,0.0,10290.64420114666,0.0
935,2019-07-25,0.013928089200686907,0.0015475654667429898,0.0,7164.120054145855,0.0
936,2019-07-26,0.0074917032030671965,0.0008324114670074664,0.0,3853.4690856341917,0.0
937,2019-07-27,0.0009600136337808852,0.00010666818153120947,0.0,493.7973060715235,0.0
938,2019-07-28,0.0012664094263211642,0.00014071215848012936,0.0002794,651.3965438575271,1293.4219496
939,2019-07-29,0.0,0.0,0.0,0.0,0.0
940,2019-07-30,0.0,0.0,0.0,0.0,0.0
941,2019-07-31,0.0,0.0,0.0,0.0,0.0
942,2019-08-01,0.0,0.0,0.0,0.0,0.0
943,2019-08-02,0.0,0.0,0.0,0.0,0.0
944,2019-08-03,0.0,0.0,0.0,0.0,0.0
945,2019-08-04,0.0,0.0,0.0,0.0,0.0
946,2019-08-05,0.00808697784489796,0.0008985530938775511,0.001397,4159.657460637845,6467.109748
947,2019-08-06,0.0017651277991836735,0.00019612531102040817,0.0,907.9197643017992,0.0
948,2019-08-07,0.0,0.0,0.0,0.0,0.0
949,2019-08-08,0.0,0.0,0.0,0.0,0.0
950,2019-08-09,0.0,0.0,0.0,0.0,0.0
951,2019-08-10,0.0,0.0,0.0002032,0.0,940.6705088
952,2019-08-11,0.0,0.0,0.0,0.0,0.0
953,2019-08-12,0.002783910093061225,0.0003093233436734695,0.0005588,1431.9456056940935,2586.8438992
954,2019-08-13,0.0,0.0,5.08e-05,0.0,235.1676272
955,2019-08-14,0.0,0.0,0.0,0.0,0.0
956,2019-08-15,0.0,0.0,0.0,0.0,0.0
957,2019-08-16,0.0,0.0,2.54e-05,0.0,117.5838136
958,2019-08-17,0.0,0.0,0.0,0.0,0.0
959,2019-08-18,7.314862040816352e-05,8.127624489795947e-06,0.0005842,37.62508200862054,2704.4277128
960,2019-08-19,0.0,0.0,0.0,0.0,0.0
961,2019-08-20,0.0,0.0,5.08e-05,0.0,235.1676272
962,2019-08-21,0.0,0.0,0.0,0.0,0.0
963,2019-08-22,0.0,0.0,0.0,0.0,0.0
964,2019-08-23,0.0,0.0,0.0,0.0,0.0
965,2019-08-24,0.0,0.0,0.0,0.0,0.0
966,2019-08-25,0.0,0.0,0.0,0.0,0.0
967,2019-08-26,0.006903163836734694,0.0007670182040816327,0.0009906000000000001,3550.745099863837,4585.7687304
968,2019-08-27,0.0013391363020408167,0.00014879292244897964,0.0,688.8046952063022,0.0
969,2019-08-28,0.0,0.0,0.0,0.0,0.0
970,2019-08-29,0.0,0.0,0.0,0.0,0.0
971,2019-08-30,0.0,0.0,0.0,0.0,0.0
972,2019-08-31,0.0,0.0,5.08e-05,0.0,235.1676272
973,2019-09-01,0.0,0.0,0.0,0.0,0.0
974,2019-09-02,0.031900585871020404,0.0035445095412244896,0.0042926,16408.54130703787,19871.664498399998
975,2019-09-03,0.026386026973714283,0.0029317807748571426,0.00030480000000000004,13572.045832553773,1411.0057632000003
976,2019-09-04,0.020212740325322446,0.0022458600361469384,0.0,10396.723931574445,0.0
977,2019-09-05,0.015611440274831016,0.0017346044749812243,0.0,8029.976742358982,0.0
978,2019-09-06,0.009935459218776487,0.0011039399131973875,0.0,5110.4513771260545,0.0
979,2019-09-07,0.007191523001388635,0.000799058111265404,0.0,3699.0669295511543,0.0
980,2019-09-08,0.010856148095535485,0.0012062386772817206,0.0007366,5584.021408921432,3409.9305944000002
981,2019-09-09,0.015864978840267652,0.001762775426696406,0.0008382000000000001,8160.388078398845,3880.2658488000006
982,2019-09-10,0.011236624015832725,0.0012485137795369694,0.0,5779.72486339002,0.0
983,2019-09-11,0.03243602787384129,0.0036040030970934766,0.0028956,16683.953873325278,13404.554750399999
984,2019-09-12,0.08396087673706941,0.009328986304118823,0.006858,43186.5270338764,31747.629672000003
985,2019-09-13,0.07285575761846451,0.00809508417982939,0.0,37474.443672337315,0.0
986,2019-09-14,0.06480475526396501,0.007200528362662779,0.00015240000000000002,33333.290740821,705.5028816000001
987,2019-09-15,0.05582857412450728,0.006203174902723031,0.0,28716.258326377287,0.0
988,2019-09-16,0.04715650234470961,0.005239611371634402,0.0,24255.64908892519,0.0
989,2019-09-17,0.03998355358942232,0.0044426170654913695,0.0,20566.13609940615,0.0
990,2019-09-18,0.03700180337660254,0.004111311486289171,0.0003556,19032.428482494677,1646.1733904
991,2019-09-19,0.04312997710261575,0.004792219678068418,0.0014224,22184.545880167276,6584.6935616
992,2019-09-20,0.03748231944786438,0.00416470216087382,0.0,19279.5890780986,0.0
993,2019-09-21,0.03306280525981263,0.0036736450288680704,7.620000000000001e-05,17006.346153818497,352.75144080000007
994,2019-09-22,0.030946158046484425,0.0034384620051649364,0.00025400000000000005,15917.617145117958,1175.8381360000003
995,2019-09-23,0.026304251544693125,0.002922694616077014,0.0,13529.983423091464,0.0
996,2019-09-24,0.03841815892573401,0.004268684325081557,0.0019558,19760.95204715085,9053.9536472
997,2019-09-25,0.03282931704785449,0.0036477018942060544,0.0,16886.24801561778,0.0
998,2019-09-26,0.029137614247558834,0.003237512694173204,0.0001016,14987.365714932906,470.3352544
999,2019-09-27,0.025927649906884582,0.002880849989653843,7.620000000000001e-05,13336.2727635047,352.75144080000007
1000,2019-09-28,0.023141004109665513,0.0025712226788517237,0.00012700000000000002,11902.920007645424,587.9190680000002
1001,2019-09-29,0.024350505262780594,0.0027056116958645107,0.0005334,12525.044933878446,2469.2600856
1002,2019-09-30,0.023223905593645393,0.002580433954849488,0.0002286,11945.561620241459,1058.2543224
1003,2019-10-01,0.05015506719101555,0.005572785243446173,0.0037592000000000003,25798.005562921473,17402.404412800002
1004,2019-10-02,0.05398593798048542,0.005998437553387269,0.0012192000000000001,27768.470990894828,5644.023052800001
1005,2019-10-03,0.04809505593753892,0.005343895104170992,7.620000000000001e-05,24738.408103417107,352.75144080000007
1006,2019-10-04,0.04265037492500952,0.004738930547223279,0.0,21937.855359371973,0.0
1007,2019-10-05,0.06600019068965142,0.00733335452107238,0.0035051999999999995,33948.18075072803,16226.566276799998
1008,2019-10-06,0.05808521510803322,0.0064539127897814685,0.0,29876.995215130715,0.0
1009,2019-10-07,0.05138845857355642,0.0057098287303951585,0.0,26432.418784358622,0.0
1010,2019-10-08,0.0450832952370171,0.005009255026335234,0.0,23189.264145333276,0.0
1011,2019-10-09,0.040429163068417436,0.00449212922982416,0.0001016,20795.341969557307,470.3352544
1012,2019-10-10,0.04611675467667773,0.005124083852964193,0.0012954000000000002,23720.839395185492,5996.774493600001
1013,2019-10-11,0.04087650757145894,0.004541834174606549,0.0001016,21025.4402751593,470.3352544
1014,2019-10-12,0.037201941209415085,0.004133549023268343,0.0002032,19135.372356631768,940.6705088
1015,2019-10-13,0.03256119246969806,0.003617910274410896,0.0,16748.33414676597,0.0
1016,2019-10-14,0.028568279766401725,0.0031742533073779696,0.0,14694.520047791917,0.0
1017,2019-10-15,0.024912332899965632,0.002768036988885071,0.0,12814.029344053835,0.0
1018,2019-10-16,0.021860751528336414,0.0024289723920373797,0.0,11244.40303090037,0.0
1019,2019-10-17,0.01895468225305379,0.002106075805894866,0.0,9749.623031016208,0.0
1020,2019-10-18,0.016119863706115758,0.0017910959673461955,0.0,8291.491904100265,0.0
1021,2019-10-19,0.016457828091422547,0.0018286475657136167,0.0003302,8465.328917596995,1528.5895768
1022,2019-10-20,0.014128325406361926,0.001569813934040214,0.0,7267.114527829418,0.0
1023,2019-10-21,0.04207896962654206,0.004675441069615784,0.0037084,21643.944536515235,17167.236785600002
1024,2019-10-22,0.03805875462307153,0.004228750513674615,0.0002032,19576.087092945676,940.6705088
1025,2019-10-23,0.03358840885219295,0.0037320454280214393,0.0,17276.6981872128,0.0
1026,2019-10-24,0.029487743914728755,0.0032764159905254173,0.0,15167.460122283466,0.0
1027,2019-10-25,0.025742310388562,0.0028602567098402224,0.0,13240.940622755985,0.0
1028,2019-10-26,0.022506071970113964,0.002500674663345996,0.0,11576.333208233005,0.0
1029,2019-10-27,0.019773378164122977,0.002197042018235886,0.0,10170.731462347096,0.0
1030,2019-10-28,0.017331949624445373,0.0019257721804939306,0.0,8914.946342805666,0.0
1031,2019-10-29,0.01517345189628655,0.0016859390995873946,0.0,7804.690898694333,0.0
1032,2019-10-30,0.013309624016045648,0.001478847112893961,0.0,6846.003278166208,0.0
1033,2019-10-31,0.0115704723964819,0.0012856080440535444,0.0,5951.444748608368,0.0
1034,2019-11-01,0.010153661370384731,0.0011281845967094145,0.0,5222.686902593345,0.0
1035,2019-11-02,0.008656145146815645,0.0009617939052017385,0.0,4452.417136647925,0.0
1036,2019-11-03,0.010159695069685101,0.001128855007742789,0.0003302,5225.790425663569,1528.5895768
1037,2019-11-04,0.009331535799451285,0.0010368373110501428,7.620000000000001e-05,4799.814374647449,352.75144080000007
1038,2019-11-05,0.008932030320730646,0.0009924478134145163,0.00012700000000000002,4594.322783474806,587.9190680000002
1039,2019-11-06,0.014490337241310642,0.0016100374712567382,0.0008382000000000001,7453.320705089278,3880.2658488000006
1040,2019-11-07,0.012853178273097947,0.0014281309192331051,0.0,6611.223614311106,0.0
1041,2019-11-08,0.010981124746196315,0.0012201249717995908,0.0,5648.305009952297,0.0
1042,2019-11-09,0.00951992702749505,0.0010577696697216723,0.0,4896.716207727822,0.0
1043,2019-11-10,0.007693048630051668,0.000854783181116852,0.0,3957.034103813345,0.0
1044,2019-11-11,0.006098710167046501,0.0006776344630051669,0.0,3136.962377438411,0.0
1045,2019-11-12,0.00506946201401532,0.0005632735571128133,0.0,2607.553265565433,0.0
1046,2019-11-13,0.0047649766681239925,0.000529441852013777,7.620000000000001e-05,2450.9366944577455,352.75144080000007
1047,2019-11-14,0.00384918895722996,0.0004276876619144401,0.0,1979.887650297927,0.0
1048,2019-11-15,0.0030885083504865562,0.00034316759449850627,0.0,1588.6202545304232,0.0
1049,2019-11-16,0.0026140382370705537,0.00029044869300783933,0.0,1344.5694873621026,0.0
1050,2019-11-17,0.004025020161608396,0.0004472244624009329,0.0002286,2070.3290482012403,1058.2543224
1051,2019-11-18,0.003483796209774087,0.00038708846775267633,0.0,1791.9424503519806,0.0
1052,2019-11-19,0.008127396626674228,0.0009030440696304699,0.000635,4180.44746283522,2939.5953400000003
1053,2019-11-20,0.00902749759029252,0.00100305528781028,0.0002286,4643.427794975524,1058.2543224
1054,2019-11-21,0.0210410316353449,0.0023378924039272114,0.0016510000000000001,10822.767899221777,7642.947884
1055,2019-11-22,0.01856455011425939,0.0020627277904732657,0.0,9548.952756793242,0.0
1056,2019-11-23,0.016380036771404878,0.0018200040857116531,0.0,8425.315793919584,0.0
1057,2019-11-24,0.015645256701774593,0.0017383618557527327,0.00012700000000000002,8047.370725046433,587.9190680000002
1058,2019-11-25,0.013635109101801216,0.0015150121224223575,0.0,7013.42137813586,0.0
1059,2019-11-26,0.022384901130396605,0.002487211236710734,0.0012954000000000002,11514.007182725214,5996.774493600001
1060,2019-11-27,0.02434552137164266,0.002705057930182518,0.0005588,12522.481395267048,2586.8438992
1061,2019-11-28,0.022252536329335538,0.0024725040365928376,5.08e-05,11445.923376534638,235.1676272
1062,2019-11-29,0.025358834549855044,0.002817648283317227,0.0006604,13043.694115587907,3057.1791536
1063,2019-11-30,0.02650008047948995,0.0029444533866099945,0.0004572,13630.710951379462,2116.5086448
1064,2019-12-01,0.025218144790071565,0.0028020160877857297,0.0001778,12971.328242929074,823.0866952
1065,2019-12-02,0.022665575913676652,0.0025183973237418505,0.0,11658.376436440969,0.0
1066,2019-12-03,0.020427010176676332,0.0022696677974084816,0.0,10506.936819858325,0.0
1067,2019-12-04,0.018399503970829106,0.002044389330092123,0.0,9464.058815566184,0.0
1068,2019-12-05,0.01654984090540334,0.001838871211711482,0.0,8512.657078436576,0.0
1069,2019-12-06,0.014866899936626269,0.0016518777707362521,0.0,7647.011334025,0.0
1070,2019-12-07,0.013344829142963642,0.001482758793662627,0.0,6864.1115593617005,0.0
1071,2019-12-08,0.011988511125450952,0.0013320567917167725,0.0,6166.469192985787,0.0
1072,2019-12-09,0.012786722378946673,0.0014207469309940749,0.00025400000000000005,6577.041035699975,1175.8381360000003
1073,2019-12-10,0.01149747319411323,0.0012774970215681369,0.0,5913.896521993031,0.0
1074,2019-12-11,0.010318185009395783,0.001146465001043976,0.0,5307.312085892861,0.0
1075,2019-12-12,0.011895328503558244,0.0013217031670620272,0.0003302,6118.53932402957,1528.5895768
1076,2019-12-13,0.010908409694854664,0.0012120455216505183,2.54e-05,5610.902940648398,117.5838136
1077,2019-12-14,0.0098162623573692,0.0010906958174854665,0.0,5049.14069675239,0.0
1078,2019-12-15,0.008771897131917993,0.0009746552368797771,0.0,4511.955893603762,0.0
1079,2019-12-16,0.007855262151134357,0.0008728069056815953,0.0,4040.4710435613183,0.0
1080,2019-12-17,0.007055259975727044,0.0007839177750807827,0.0,3628.978013497066,0.0
1081,2019-12-18,0.0063037302099910745,0.0007004144677767861,0.0,3242.4174890475915,0.0
1082,2019-12-19,0.005666190414787885,0.0006295767127542096,0.0,2914.489403125658,0.0
1083,2019-12-20,0.005088229617096852,0.0005653588463440947,0.0,2617.206661639176,0.0
1084,2019-12-21,0.004567129367027982,0.0005074588185586648,0.0,2349.1709894125297,0.0
1085,2019-12-22,0.004154785968937429,0.00046164288543749216,0.0,2137.0760232696157,0.0
1086,2019-12-23,0.003762581511341645,0.0004180646123712939,0.0,1935.339821016633,0.0
1087,2019-12-24,0.003417538128534011,0.00037972645872600124,0.0,1757.861619756938,0.0
1088,2019-12-25,0.0037103962442357114,0.00041226624935952354,7.620000000000001e-05,1908.4975519000525,352.75144080000007
1089,2019-12-26,0.0032854479922203037,0.0003650497769133671,0.0,1689.9190914686196,0.0
1090,2019-12-27,0.00290163805014113,0.00032240422779345894,0.0,1492.5007332566147,0.0
1091,2019-12-28,0.01353759441283314,0.00150417715698146,0.0013462,6963.2632459797605,6231.9421208
1092,2019-12-29,0.015877950917084518,0.0017642167685649466,0.0004572,8167.06045924941,2116.5086448
1093,2019-12-30,0.01716125635500872,0.0019068062616676357,0.0003556,8827.1477182378,1646.1733904
1094,2019-12-31,0.015461064854364992,0.0017178960949294437,0.0,7952.628905919355,0.0
1095,2020-01-01,0.013874697414806044,0.0015416330460895605,0.0,7136.657194133665,0.0
1096,2020-01-02,0.012420350899447888,0.0013800389888275434,0.0,6388.592410355525,0.0
1097,2020-01-03,0.011347849166564323,0.0012608721296182583,2.54e-05,5836.9351756877295,117.5838136
1098,2020-01-04,0.010176170462479319,0.0011306856069421467,0.0,5234.264789247569,0.0
1099,2020-01-05,0.009104859025374244,0.0010116510028193605,0.0,4683.219800935621,0.0
1100,2020-01-06,0.008169663787849064,0.0009077404208721184,0.0,4202.188206496564,0.0
1101,2020-01-07,0.007689760771676403,0.0008544178635196003,5.08e-05,3955.3429449054697,235.1676272
1102,2020-01-08,0.00686667484308019,0.0007629638714533545,0.0,3531.976442697071,0.0
1103,2020-01-09,0.006139518202853804,0.0006821686892059782,0.0,3157.952598242208,0.0
1104,2020-01-10,0.005395878889343934,0.0005995420988159927,0.0,2775.4506453752942,0.0
1105,2020-01-11,0.004807896350287092,0.0005342107055874547,0.0,2473.0130720047146,0.0
1106,2020-01-12,0.00613784115117675,0.00068198235013075,0.0002286,3157.0899817426794,1058.2543224
1107,2020-01-13,0.00842231297636928,0.00093581255292992,0.0003556,4332.142078277632,1646.1733904
1108,2020-01-14,0.007568268728658882,0.0008409187476287647,0.0,3892.8517036978787,0.0
1109,2020-01-15,0.007408825501964422,0.0008232028335516026,7.620000000000001e-05,3810.839706115097,352.75144080000007
1110,2020-01-16,0.006649334285514919,0.0007388149206127688,0.0,3420.184090953961,0.0
1111,2020-01-17,0.011717137032506285,0.0013019041147229208,0.0007112,6026.883887820982,3292.3467808
1112,2020-01-18,0.011572288117082595,0.0012858097907869552,0.00012700000000000002,5952.378691533399,587.9190680000002
1113,2020-01-19,0.010393974379855968,0.0011548860422062187,0.0,5346.295477008573,0.0
1114,2020-01-20,0.009561680392058125,0.0010624089324509029,2.54e-05,4918.192672452045,117.5838136
1115,2020-01-21,0.008594452087840068,0.0009549391208711187,0.0,4420.684393222736,0.0
1116,2020-01-22,0.012688040783905041,0.0014097823093227825,0.0006096000000000001,6526.282688031008,2822.0115264000005
1117,2020-01-23,0.011838441828257395,0.0013153824253619327,5.08e-05,6089.278815609189,235.1676272
1118,2020-01-24,0.012301310787910021,0.0013668123097677802,0.0002032,6327.362356611029,940.6705088
1119,2020-01-25,0.01106250981824555,0.001229167757582839,0.0,5690.166633494116,0.0
1120,2020-01-26,0.009926476280339361,0.0011029418089265957,0.0,5105.830868994946,0.0
1121,2020-01-27,0.00892573818451767,0.00099174868716863,0.0,4591.086329530744,0.0
1122,2020-01-28,0.008026253184221004,0.0008918059093578894,0.0,4128.422827295928,0.0
1123,2020-01-29,0.007626330951774413,0.0008473701057527126,5.08e-05,3922.7168726393406,235.1676272
1124,2020-01-30,0.006850029108580646,0.0007611143453978496,0.0,3523.4144613207386,0.0
1125,2020-01-31,0.0065561459636654384,0.0007284606626294932,5.08e-05,3372.2512901401105,235.1676272
1126,2020-02-01,0.005867489080278487,0.0006519432311420542,0.0,3018.0303688342133,0.0
1127,2020-02-02,0.005258994096299618,0.0005843326773666243,0.0,2705.041914010476,0.0
1128,2020-02-03,0.0045903869955676154,0.0005100429995075128,0.0,2361.133896932137,0.0
1129,2020-02-04,0.004017286436745548,0.00044636515963839425,0.0,2066.3510916714645,0.0
1130,2020-02-05,0.0035503406397648708,0.0003944822933072079,0.0,1826.1705686903645,0.0
1131,2020-02-06,0.003082545688931241,0.0003425050765479157,0.0,1585.5532707820414,0.0
1132,2020-02-07,0.0027471647186013822,0.0003052405242890425,0.0,1413.0450752428758,0.0
1133,2020-02-08,0.0024344245589045096,0.0002704916176560566,0.0,1252.1825177493004,0.0
1134,2020-02-09,0.01740906255075284,0.001934340283416982,0.0018796000000000002,8954.6105245777,8701.202206400001
1135,2020-02-10,0.015651298435497965,0.0017390331594997737,0.0,8050.478380741751,0.0
1136,2020-02-11,0.014011221917009393,0.001556802435223266,0.0,7206.880604540102,0.0
1137,2020-02-12,0.013624194334288046,0.0015137993704764496,0.00012700000000000002,7007.8072049567,587.9190680000002
1138,2020-02-13,0.012195092368287813,0.0013550102631430905,0.0,6272.727331004098,0.0
1139,2020-02-14,0.010922540972438624,0.0012136156636042917,0.0,5618.17157367273,0.0
1140,2020-02-15,0.009782507005153946,0.0010869452227948828,0.0,5031.778128760786,0.0
1141,2020-02-16,0.008660818621699776,0.0009623131801888641,0.0,4454.821008037426,0.0
1142,2020-02-17,0.016010779605048167,0.0017789755116720187,0.0010160000000000002,8235.38287257509,4703.352544000001
1143,2020-02-18,0.014390098792886207,0.0015988998658762452,0.0,7401.761566703048,0.0
1144,2020-02-19,0.01291610833955677,0.001435123148839641,0.0,6643.592630952969,0.0
1145,2020-02-20,0.011578725430499053,0.0012865250478332282,0.0,5955.689819533598,0.0
1146,2020-02-21,0.010364970108020576,0.0011516633453356197,0.0,5331.376697948659,0.0
1147,2020-02-22,0.00929843453617362,0.0010331593929081802,0.0,4782.7882470395525,0.0
1148,2020-02-23,0.00828512794198483,0.0009205697713316478,0.0,4261.578913309256,0.0
1149,2020-02-24,0.007395525622235326,0.0008217250691372586,0.0,3803.9987149560047,0.0
1150,2020-02-25,0.006482208659685263,0.0007202454066316959,0.0,3334.2205369936037,0.0
1151,2020-02-26,0.005704084159431022,0.0006337871288256691,0.0,2933.980614878609,0.0
1152,2020-02-27,0.005002720920957307,0.0005558578801063675,0.0,2573.2239906503255,0.0
1153,2020-02-28,0.004582372514086067,0.0005091525015651185,2.54e-05,2357.0115290553777,117.5838136
1154,2020-02-29,0.00409813571472644,0.0004553484127473822,0.0,2107.937121556852,0.0
1155,2020-03-01,0.0036765445184374695,0.0004085049464930522,0.0,1891.0854127211426,0.0
1156,2020-03-02,0.0031967639552467836,0.0003551959950274205,0.0,1644.303136644517,0.0
1157,2020-03-03,0.002771996347967003,0.0003079995942185559,0.0,1425.8175935224533,0.0
1158,2020-03-04,0.0023302994005172414,0.00025892215561302683,0.0,1198.6241922248953,0.0
1159,2020-03-05,0.0026528295891185784,0.00029475884323539763,7.620000000000001e-05,1364.5223968481346,352.75144080000007
1160,2020-03-06,0.002226934461063863,0.0002474371623404293,0.0,1145.456896627952,0.0
1161,2020-03-07,0.0017341091227125788,0.00019267879141250877,0.0,891.9648462252643,0.0
1162,2020-03-08,0.0013922767155841779,0.00015469741284268644,0.0,716.1382581140429,0.0
1163,2020-03-09,0.0009745720755359641,0.00010828578617066269,0.0,501.28565734727005,0.0
1164,2020-03-10,0.005733365989615019,0.00063704066551278,0.0006604,2949.0421602076644,3057.1791536
1165,2020-03-11,0.005258022595551476,0.000584224732839053,2.54e-05,2704.5422081361025,117.5838136
1166,2020-03-12,0.005983212477710614,0.0006648013864122905,0.0001778,3077.554421296234,823.0866952
1167,2020-03-13,0.004503422913204859,0.0005003803236894288,0.0,2316.4026263702935,0.0
1168,2020-03-14,0.003480433764741516,0.00038671486274905733,0.0,1790.2129266864072,0.0
1169,2020-03-15,0.0025239263229612416,0.00028043625810680466,0.0,1298.219082673701,0.0
1170,2020-03-16,0.002328800333603893,0.0002587555926226548,2.54e-05,1197.8531248385739,117.5838136
1171,2020-03-17,0.0013545120259577895,0.00015050133621753218,0.0,696.7134277304423,0.0
1172,2020-03-18,0.001113420213402827,0.00012371335704475855,0.0,572.704264353588,0.0
1173,2020-03-19,0.014979317785727848,0.0016643686428586498,0.0017272,7704.8351284872615,7995.6993248
1174,2020-03-20,0.013675584465930573,0.0015195093851033971,0.00015240000000000002,7034.240484308994,705.5028816000001
1175,2020-03-21,0.011857182796480374,0.001317464755164486,2.54e-05,6098.9185116468725,117.5838136
1176,2020-03-22,0.010408340281730296,0.0011564822535255885,2.54e-05,5353.68479252995,117.5838136
1177,2020-03-23,0.009708488773067469,0.0010787209747852744,7.620000000000001e-05,4993.705749037875,352.75144080000007
1178,2020-03-24,0.00844321863600562,0.0009381354040006245,0.0,4342.895215573627,0.0
1179,2020-03-25,0.016841854692666282,0.0018713171880740316,0.001143,8662.858717676105,5291.271612
1180,2020-03-26,0.014678769187481285,0.0016309743541645873,0.0,7550.243482144458,0.0
1181,2020-03-27,0.017458444987100506,0.0019398272207889452,0.0006096000000000001,8980.01111596273,2822.0115264000005
1182,2020-03-28,0.02534727549834964,0.002816363944261071,0.0011938,13037.748545344668,5526.4392392
1183,2020-03-29,0.026345818571861614,0.002927313174651291,0.0004572,13551.364042402425,2116.5086448
1184,2020-03-30,0.022574804466512187,0.002508311607390243,0.0,11611.686791105934,0.0
1185,2020-03-31,0.019289371732514028,0.002143263525834892,0.0,9921.775547931053,0.0
1186,2020-04-01,0.01662418383599732,0.0018471315373330356,0.0,8550.896471671225,0.0
1187,2020-04-02,0.014505974154438404,0.0016117749060487116,2.54e-05,7461.363784172804,117.5838136
1188,2020-04-03,0.01815819556348436,0.0020175772848315954,0.000635,9339.938243434348,2939.5953400000003
1189,2020-04-04,0.01538871467162572,0.0017098571857361911,0.0,7915.414512213578,0.0
1190,2020-04-05,0.012472624735891719,0.0013858471928768577,0.0,6415.480236429751,0.0
1191,2020-04-06,0.010743472433731117,0.0011937191593034578,0.0,5526.065004656948,0.0
1192,2020-04-07,0.011907393627909026,0.0013230437364343363,0.000381,6124.745200375691,1763.757204
1193,2020-04-08,0.009692690748383428,0.00107696563870927,7.620000000000001e-05,4985.579799826604,352.75144080000007
1194,2020-04-09,0.008523403116810392,0.0009470447907567102,7.620000000000001e-05,4384.139297133386,352.75144080000007
1195,2020-04-10,0.006700595787986496,0.0007445106431096106,0.0,3446.5512079770306,0.0
1196,2020-04-11,0.004624191066330703,0.0005137990073700781,0.0,2378.5215240341845,0.0
1197,2020-04-12,0.02024126316165682,0.002249029240184091,0.0020066000000000003,10411.395077116369,9289.121274400002
1198,2020-04-13,0.017767830043858485,0.0019742033382064983,0.0,9139.147926305932,0.0
1199,2020-04-14,0.015510103026411412,0.0017233447807123792,0.0,7977.852419835325,0.0
1200,2020-04-15,0.012991485370300883,0.0014434983744778759,0.0,6682.363928996439,0.0
1201,2020-04-16,0.010284128624291202,0.001142680958254578,0.0,5289.794677152586,0.0
1202,2020-04-17,0.007501161339004939,0.0008334623710005488,0.0,3858.3340186749047,0.0
1203,2020-04-18,0.005325133107145261,0.0005916814563494736,0.0,2739.061498975316,0.0
1204,2020-04-19,0.0031348591172470613,0.00034831767969411794,0.0,1612.461461525105,0.0
1205,2020-04-20,0.0025553348218488856,0.00028392609131654286,7.620000000000001e-05,1314.3745117142107,352.75144080000007
1206,2020-04-21,0.001312684160888487,0.0001458537956542763,0.0,675.1986425616109,0.0
1207,2020-04-22,0.00028484611867718934,3.1649568741909926e-05,0.0,146.51484218382376,0.0
1208,2020-04-23,0.0,0.0,0.0,0.0,0.0
1209,2020-04-24,0.000831147546122449,9.234972734693879e-05,0.0002032,427.51311521154616,940.6705088
1210,2020-04-25,0.0,0.0,0.0,0.0,0.0
1211,2020-04-26,0.0,0.0,0.0,0.0,0.0
1212,2020-04-27,0.0003367298938775511,3.7414432653061236e-05,0.00025400000000000005,173.20203444989394,1175.8381360000003
1213,2020-04-28,0.00657788682710204,0.000730876314122449,0.0007874,3383.434026946027,3645.0982215999998
1214,2020-04-29,0.005655484567248979,0.0006283871741387756,0.0001016,2908.9826910458473,470.3352544
1215,2020-04-30,0.0031754690411363268,0.0003528298934595919,0.0,1633.3497805141933,0.0
1216,2020-05-01,0.0014651548423288167,0.00016279498248097964,0.0,753.6242076794794,0.0
1217,2020-05-02,0.0,0.0,0.0,0.0,0.0
1218,2020-05-03,0.0,0.0,0.0,0.0,0.0
1219,2020-05-04,0.0,0.0,0.0,0.0,0.0
1220,2020-05-05,0.0,0.0,0.0,0.0,0.0
1221,2020-05-06,0.0,0.0,0.0,0.0,0.0
1222,2020-05-07,0.0,0.0,0.0,0.0,0.0
1223,2020-05-08,0.0,0.0,0.0,0.0,0.0
1224,2020-05-09,0.004667135892244898,0.0005185706546938776,0.000635,2400.6108346438923,2939.5953400000003
1225,2020-05-10,0.008225422727510204,0.0009139358586122449,0.0006096000000000001,4230.868647299928,2822.0115264000005
1226,2020-05-11,0.005858623984555103,0.0006509582205061226,0.0,3013.470474857465,0.0
1227,2020-05-12,0.004225610513446531,0.00046951227927183683,0.0,2173.505682236646,0.0
1228,2020-05-13,0.004702162686591674,0.0005224625207324083,0.0001778,2418.627387826206,823.0866952
1229,2020-05-14,0.0037727072309937312,0.00041918969233263685,0.00012700000000000002,1940.5481356803984,587.9190680000002
1230,2020-05-15,0.0020236898042208886,0.00022485442269120986,0.0,1040.9149812936548,0.0
1231,2020-05-16,0.006628427625431452,0.0007364919583812725,0.0006604,3409.4304390630905,3057.1791536
1232,2020-05-17,0.05130744805701076,0.005700827561890085,0.005588,26390.749819016783,25868.438992
1233,2020-05-18,0.04540357736069744,0.0050448419289663825,0.0001016,23354.006024293212,470.3352544
1234,2020-05-19,0.038272815027076676,0.00425253500300852,0.0,19686.192248867294,0.0
1235,2020-05-20,0.03188102459375676,0.0035423360659729737,0.0,16398.479672831632,0.0
1236,2020-05-21,0.02785531363152394,0.003095034847947105,0.0,14327.795301043965,0.0
1237,2020-05-22,0.02426427118918787,0.002696030132131986,0.0,12480.689154196489,0.0
1238,2020-05-23,0.03223539525067725,0.0035817105834085833,0.001397,16580.75549640402,6467.109748
1239,2020-05-24,0.028251600172956463,0.003139066685884052,7.620000000000001e-05,14531.631183896068,352.75144080000007
1240,2020-05-25,0.043456717478109794,0.004828524164234422,0.0024892,22352.60965710378,11523.2137328
1241,2020-05-26,0.04009727078499269,0.004455252309443633,0.0003302,20624.62823207046,1528.5895768
1242,2020-05-27,0.03722495774077914,0.004136106415642127,0.0002032,19147.21125222945,940.6705088
1243,2020-05-28,0.03205718921568082,0.003561909912853425,0.00030480000000000004,16489.092569013756,1411.0057632000003
1244,2020-05-29,0.026572127913704575,0.002952458657078286,0.0,13667.769621873997,0.0
1245,2020-05-30,0.02145960979661983,0.0023844010885133147,0.0,11038.069808637272,0.0
1246,2020-05-31,0.017438296614508866,0.0019375885127232075,0.0,8969.647500533341,0.0
1247,2020-06-01,0.015118330417547773,0.0016798144908386416,0.00015240000000000002,7776.33834540747,705.5028816000001
1248,2020-06-02,0.01994418678967055,0.0022160207544078387,0.0010414,10258.589422048137,4820.9363576000005
1249,2020-06-03,0.013944905939274924,0.0015494339932527693,0.0,7172.769994021153,0.0
1250,2020-06-04,0.009448797464531106,0.0010498663849479006,0.0,4860.129657977157,0.0
1251,2020-06-05,0.00661669970991473,0.0007351888566571922,0.0001778,3403.3980111014334,823.0866952
1252,2020-06-06,0.006502704791984481,0.0007225227546649424,0.0002794,3344.763027806343,1293.4219496
1253,2020-06-07,0.0024593687780921553,0.00027326319756579504,0.0,1265.012948280174,0.0
1254,2020-06-08,0.0,0.0,0.0,0.0,0.0
1255,2020-06-09,0.03656687407346939,0.004062986008163265,0.004648200000000001,18808.716119814075,21517.837888800004
1256,2020-06-10,0.030838202434285714,0.0034264669371428576,7.620000000000001e-05,15862.088568644436,352.75144080000007
1257,2020-06-11,0.024539275970448977,0.0027265862189387756,0.0,12622.14195795377,0.0
1258,2020-06-12,0.01927401968115918,0.00214155774235102,0.0,9913.8789917417,0.0
1259,2020-06-13,0.016425551571002447,0.0018250612856669385,5.08e-05,8448.727008757387,235.1676272
1260,2020-06-14,0.012861245295534856,0.0014290272550594285,0.0,6615.3730074105315,0.0
1261,2020-06-15,0.00929731136843035,0.0010330345964922611,0.0,4782.210528988081,0.0
1262,2020-06-16,0.005129082533628131,0.0005698980592920145,0.0,2638.2199675115744,0.0
1263,2020-06-17,0.0014648725202653181,0.00016276361336281314,0.0,753.478991122657,0.0
1264,2020-06-18,0.00443924054987144,0.0004932489499857156,0.0005588,2283.389472185673,2586.8438992
1265,2020-06-19,0.0026486415724353164,0.0002942935080483685,0.0001778,1362.3682281121835,823.0866952
1266,2020-06-20,0.009490597601314234,0.0010545108445904705,0.0011684,4881.6301806891515,5408.8554256
1267,2020-06-21,0.014478664600366483,0.0016087405111518316,0.0010668,7447.316708426995,4938.5201712
1268,2020-06-22,0.010358834411350241,0.001150981601261138,0.0,5328.220711012566,0.0
1269,2020-06-23,0.005353921876337665,0.0005948802084819629,0.0,2753.869431042215,0.0
1270,2020-06-24,0.0026854816397243065,0.00029838684885825635,0.0002286,1381.3174652299444,1058.2543224
1271,2020-06-25,0.0,0.0,0.0,0.0,0.0
1272,2020-06-26,0.002171814582857143,0.00024131273142857145,0.0006096000000000001,1117.1051665985829,2822.0115264000005
1273,2020-06-27,0.0,0.0,0.0,0.0,0.0
1274,2020-06-28,0.0,0.0,5.08e-05,0.0,235.1676272
1275,2020-06-29,0.01205005046987755,0.001338894496653061,0.001524,6198.122871044069,7055.028816
1276,2020-06-30,0.007784046826971426,0.000864894091885714,0.0,4003.840381261066,0.0
1277,2020-07-01,0.0035871855891722437,0.00039857617657469376,0.0,1845.1223169984046,0.0
1278,2020-07-02,0.0,0.0,0.0,0.0,0.0
1279,2020-07-03,0.0,0.0,0.0,0.0,0.0
1280,2020-07-04,0.0,0.0,0.0,0.0,0.0
1281,2020-07-05,0.0,0.0,0.0,0.0,0.0
1282,2020-07-06,0.0,0.0,0.0,0.0,0.0
1283,2020-07-07,0.0,0.0,5.08e-05,0.0,235.1676272
1284,2020-07-08,0.0,0.0,0.0,0.0,0.0
1285,2020-07-09,0.021585890615510205,0.002398432290612245,0.0027178000000000003,11103.024228014616,12581.4680552
1286,2020-07-10,0.013660778647836734,0.0015178642942040817,0.0,7026.624891330248,0.0
1287,2020-07-11,0.0295727241626449,0.0032858582402938777,0.00254,15211.170978060603,11758.381360000001
1288,2020-07-12,0.02147415097903347,0.0023860167754481635,0.0,11045.549282313776,0.0
1289,2020-07-13,0.014600768730109714,0.0016223076366788571,0.0,7510.122785555246,0.0
1290,2020-07-14,0.02415306067669058,0.002683673408521176,0.0014478,12423.486371292543,6702.277375199999
1291,2020-07-15,0.017529986445756218,0.0019477762717506908,0.0,9016.809530395125,0.0
1292,2020-07-16,0.011120877695058146,0.001235653077228683,0.0,5720.189019965507,0.0
1293,2020-07-17,0.006242666823511515,0.0006936296470568351,0.0,3211.0086270458537,0.0
1294,2020-07-18,0.012884998877486892,0.0014316665419429882,0.0012446,6627.5910159520035,5761.6068664
1295,2020-07-19,0.006857042859125957,0.0007618936510139953,0.0,3527.0220883406723,0.0
1296,2020-07-20,0.0021374036834174433,0.0002374892981574937,0.0,1099.405408131715,0.0
1297,2020-07-21,0.0,0.0,0.0,0.0,0.0
1298,2020-07-22,0.0,0.0,0.0,0.0,0.0
1299,2020-07-23,0.0,0.0,0.0,0.0,0.0
1300,2020-07-24,0.0,0.0,0.0,0.0,0.0
1301,2020-07-25,0.0,0.0,0.0,0.0,0.0
1302,2020-07-26,0.009372858200816327,0.001041428688979592,0.0014224,4821.069167034201,6584.6935616
1303,2020-07-27,0.001991553572571429,0.00022128373028571435,0.0,1024.385232071973,0.0
1304,2020-07-28,0.0009127064765387763,0.0001014118307265307,0.000381,469.464165393037,1763.757204
1305,2020-07-29,0.0,0.0,0.0,0.0,0.0
1306,2020-07-30,0.0,0.0,0.0,0.0,0.0
1307,2020-07-31,0.0,0.0,0.0,0.0,0.0
1308,2020-08-01,0.0,0.0,0.0,0.0,0.0
1309,2020-08-02,0.0,0.0,0.0,0.0,0.0
1310,2020-08-03,0.0,0.0,0.0,0.0,0.0
1311,2020-08-04,0.0,0.0,0.0,0.0,0.0
1312,2020-08-05,0.0,0.0,0.0,0.0,0.0
1313,2020-08-06,0.0,0.0,0.0,0.0,0.0
1314,2020-08-07,0.0,0.0,0.0,0.0,0.0
1315,2020-08-08,0.0,0.0,7.620000000000001e-05,0.0,352.75144080000007
1316,2020-08-09,0.0,0.0,7.620000000000001e-05,0.0,352.75144080000007
1317,2020-08-10,0.0,0.0,0.00015240000000000002,0.0,705.5028816000001
1318,2020-08-11,0.0,0.0,0.0,0.0,0.0
1319,2020-08-12,0.0013684212734693876,0.00015204680816326531,0.0002286,703.8678562812735,1058.2543224
1320,2020-08-13,0.0,0.0,0.0,0.0,0.0
1321,2020-08-14,0.016568763575510206,0.001840973730612245,0.0022098,8522.390235543577,10229.7917832
1322,2020-08-15,0.01160181858122449,0.001289090953469388,0.0,5967.568125440583,0.0
1323,2020-08-16,0.006168899286367347,0.0006854332540408163,0.0,3173.0651959990864,0.0
1324,2020-08-17,0.002005486843444898,0.00022283187149387757,0.0,1031.5520173966636,0.0
1325,2020-08-18,0.0,0.0,0.0,0.0,0.0
1326,2020-08-19,0.0,0.0,0.0,0.0,0.0
1327,2020-08-20,0.0,0.0,0.0,0.0,0.0
1328,2020-08-21,0.0,0.0,0.00015240000000000002,0.0,705.5028816000001
1329,2020-08-22,0.004182574716734695,0.0004647305240816328,0.0008382000000000001,2151.3695794427176,3880.2658488000006
1330,2020-08-23,0.0008875368499591842,9.861520555102046e-05,0.0,456.5177932140502,0.0
1331,2020-08-24,0.0,0.0,0.0,0.0,0.0
1332,2020-08-25,0.0,0.0,0.0,0.0,0.0
1333,2020-08-26,0.0,0.0,0.0,0.0,0.0
1334,2020-08-27,0.0,0.0,0.0,0.0,0.0
1335,2020-08-28,0.014070877244081632,0.0015634308048979592,0.0019303999999999999,7237.565210221244,8936.3698336
1336,2020-08-29,0.00979320135967347,0.0010881334844081633,0.0,5037.27892923496,0.0
1337,2020-08-30,0.007161782742073469,0.0007957536380081633,0.0,3683.769584372982,0.0
1338,2020-08-31,0.04593878888256,0.00510430987584,0.0051053999999999995,23629.3000392681,23634.346533599997
1339,2020-09-01,0.04030136762042645,0.004477929735602939,0.0,20729.608478150916,0.0
1340,2020-09-02,0.033797186959608295,0.003755242995512033,0.0,17384.086315235927,0.0
1341,2020-09-03,0.028313349315076036,0.0031459277016751153,0.0,14563.392774521384,0.0
1342,2020-09-04,0.023000362700303128,0.0025555958555892365,0.0,11830.579004745563,0.0
1343,2020-09-05,0.022413307289048324,0.002490367476560925,0.0005080000000000001,11528.618313363866,2351.6762720000006
1344,2020-09-06,0.028752078702184304,0.003194675411353812,0.0011938,14789.05976697362,5526.4392392
1345,2020-09-07,0.025492079439312813,0.002832453271034757,0.0,13112.230608348864,0.0
1346,2020-09-08,0.0272928613232999,0.0030325401470333224,0.0005588,14038.489582019007,2586.8438992
1347,2020-09-09,0.03172291739048012,0.0035247685989422354,0.0008889999999999999,16317.154878785706,4115.433475999999
1348,2020-09-10,0.027954136626125982,0.003106015180680665,0.0,14378.626379682111,0.0
1349,2020-09-11,0.026803733700492972,0.0029781926333881086,0.0002286,13786.899506661437,1058.2543224
1350,2020-09-12,0.026155580743178367,0.00290617563813093,0.0002794,13453.512382789304,1293.4219496
1351,2020-09-13,0.022690477212533998,0.002521164134726,0.0,11671.184790260917,0.0
1352,2020-09-14,0.019878004524749984,0.0022086671694166653,0.0,10224.547588705858,0.0
1353,2020-09-15,0.017093411634723967,0.0018992679594137742,0.0,8792.250776226834,0.0
1354,2020-09-16,0.014789558771659734,0.0016432843079621927,0.0,7607.2297543004515,0.0
1355,2020-09-17,0.012649753980208046,0.0014055282200231163,0.0,6506.589300501492,0.0
1356,2020-09-18,0.010507322046677038,0.00116748022740856,0.0,5404.597537058808,0.0
1357,2020-09-19,0.008794985544866477,0.0009772206160962753,0.0,4523.83176256463,0.0
1358,2020-09-20,0.007143755489971665,0.0007937506099968517,0.0,3674.4969988486655,0.0
1359,2020-09-21,0.005736738295260213,0.0006374153661400237,0.0,2950.7767558261535,0.0
1360,2020-09-22,0.004396830121244396,0.0004885366801382663,0.0,2261.575036777194,0.0
1361,2020-09-23,0.0031055671972832215,0.00034506302192035794,0.0,1597.3947263675623,0.0
1362,2020-09-24,0.029468690020412046,0.003274298891156894,0.0033528000000000004,15157.659468050351,15521.063395200003
1363,2020-09-25,0.026060758174289208,0.0028956397971432457,0.0,13404.738982678473,0.0
1364,2020-09-26,0.023431208390231717,0.0026034675989146353,0.0,12052.190900173939,0.0
1365,2020-09-27,0.021122555596922832,0.002346950621880315,2.54e-05,10864.700962660592,117.5838136
1366,2020-09-28,0.01949696797976116,0.002166329775529018,7.620000000000001e-05,10028.555768580074,352.75144080000007
1367,2020-09-29,0.01733321186684627,0.0019259124296495856,0.0,8915.595595977951,0.0
1368,2020-09-30,0.015651090773549398,0.0017390100859499332,2.54e-05,8050.371566726651,117.5838136
1369,2020-10-01,0.013916095456847518,0.0015462328285386134,0.0,7157.950893428547,0.0
1370,2020-10-02,0.012303589111815828,0.0013670654568684255,0.0,6328.534246433692,0.0
1371,2020-10-03,0.010901090825613836,0.001211232313957093,0.0,5607.138371284547,0.0
1372,2020-10-04,0.009492638650807555,0.001054737627867506,0.0,4882.6800248849995,0.0
1373,2020-10-05,0.008305285726461494,0.0009228095251623882,0.0,4271.947369881841,0.0
1374,2020-10-06,0.0071165184207541195,0.0007907242689726801,0.0,3660.4872067669244,0.0
1375,2020-10-07,0.006051883786841973,0.0006724315318713303,0.0,3112.8765315874393,0.0
1376,2020-10-08,0.005214428509872061,0.0005793809455413401,0.0,2682.118941099397,0.0
1377,2020-10-09,0.0045452318198644474,0.0005050257577627164,0.0,2337.907659998819,0.0
1378,2020-10-10,0.0039057633017147374,0.0004339737001905264,0.0,2008.987506712801,0.0
1379,2020-10-11,0.003391222614318774,0.000376802512702086,0.0,1744.3258432115636,0.0
1380,2020-10-12,0.013257780267335876,0.001473086696370653,0.0012954000000000002,6819.336674121521,5996.774493600001
1381,2020-10-13,0.011643978883214534,0.0012937754314682817,0.0,5989.253904489213,0.0
1382,2020-10-14,0.010303244484199203,0.0011448049426888002,0.0,5299.62720431018,0.0
1383,2020-10-15,0.009120729750718058,0.001013414416746451,0.0,4691.383144813677,0.0
1384,2020-10-16,0.008119431142993192,0.0009021590158881324,0.0,4176.350297706677,0.0
1385,2020-10-17,0.008396629501346934,0.0009329588334829926,0.00015240000000000002,4318.931400501482,705.5028816000001
1386,2020-10-18,0.007518522324599996,0.0008353913693999996,0.0,3867.2639001015077,0.0
1387,2020-10-19,0.006759400611258364,0.0007510445123620405,0.0,3476.798344365396,0.0
1388,2020-10-20,0.013692448658932528,0.0015213831843258366,0.0009398000000000001,7042.914833068646,4350.601103200001
1389,2020-10-21,0.012320528518956009,0.0013689476132173345,0.0,6337.247282705195,0.0
1390,2020-10-22,0.017259244175285713,0.0019176937972539684,0.000762,8877.54921252704,3527.514408
1391,2020-10-23,0.016131597136108164,0.001792399681789796,7.620000000000001e-05,8297.527168514594,352.75144080000007
1392,2020-10-24,0.01449014160587694,0.0016100157339863268,0.0,7453.220077091159,0.0
1393,2020-10-25,0.015710555267264757,0.0017456172519183064,0.0003302,8080.958014429385,1528.5895768
1394,2020-10-26,0.014078321346415831,0.001564257927379537,0.0,7241.394195091252,0.0
1395,2020-10-27,0.012635957424019146,0.0014039952693354607,0.0,6499.492836410339,0.0
1396,2020-10-28,0.011328918597862128,0.0012587687330957921,0.0,5827.197955820621,0.0
1397,2020-10-29,0.010198732043388569,0.0011331924492653965,0.0,5245.869674305111,0.0
1398,2020-10-30,0.009086235570478284,0.0010095817300531426,0.0,4673.640549627332,0.0
1399,2020-10-31,0.008079994965920252,0.0008977772184355835,0.0,4156.0657128683515,0.0
1400,2020-11-01,0.007219830887450675,0.0008022034319389639,0.0,3713.6275122201346,0.0
1401,2020-11-02,0.006326386681317852,0.0007029318534797613,0.0,3254.0711824042032,0.0
1402,2020-11-03,0.0054872720438799445,0.0006096968937644383,0.0,2822.460075153414,0.0
1403,2020-11-04,0.00471086546381848,0.0005234294959798312,0.0,2423.1037908674966,0.0
1404,2020-11-05,0.003937272204620305,0.0004374746894022562,0.0,2025.1945800548342,0.0
1405,2020-11-06,0.003346745215341948,0.0003718605794824387,0.0,1721.4482308287818,0.0
1406,2020-11-07,0.00297078679895061,0.0003300874221056234,0.0,1528.0684217548087,0.0
1407,2020-11-08,0.0025857041118718753,0.00028730045687465285,0.0,1329.9954082025204,0.0
1408,2020-11-09,0.022884035197109173,0.002542670577456575,0.00254,11770.744221490484,11758.381360000001
1409,2020-11-10,0.0389064633877707,0.004322940376418967,0.0022606,20012.1187175103,10464.9594104
1410,2020-11-11,0.03500618156935281,0.0038895757299280903,0.0,18005.950693344428,0.0
1411,2020-11-12,0.031913210542670586,0.0035459122825189544,5.08e-05,16415.034994868474,235.1676272
1412,2020-11-13,0.028709468740779037,0.0031899409711976714,0.0,14767.142698909842,0.0
1413,2020-11-14,0.028292164017101135,0.003143573779677904,0.00030480000000000004,14552.495801082447,1411.0057632000003
1414,2020-11-15,0.02548774797718694,0.0028319719974652154,0.0,13110.002656313762,0.0
1415,2020-11-16,0.022940586064692736,0.002548954007188082,0.0,11799.832002211673,0.0
1416,2020-11-17,0.020612122942958156,0.0022902358825509063,0.0,10602.15232731879,0.0
1417,2020-11-18,0.018555239944597034,0.002061693327177448,0.0,9544.163932409327,0.0
1418,2020-11-19,0.016670717087900595,0.001852301898655622,0.0,8574.831542616092,0.0
1419,2020-11-20,0.014991795104237066,0.0016657550115818963,0.0,7711.253023035887,0.0
1420,2020-11-21,0.013471030274760296,0.001496781141640033,0.0,6929.024990495938,0.0
1421,2020-11-22,0.012137128007055695,0.001348569778561744,0.0,6242.912498779424,0.0
1422,2020-11-23,0.010905531612423594,0.0012117257347137329,0.0,5609.422556098528,0.0
1423,2020-11-24,0.019893054480699602,0.0022103393867444004,0.0012446,10232.288757625665,5761.6068664
1424,2020-11-25,0.017903832905835193,0.0019893147673150213,0.0,9209.10302329515,0.0
1425,2020-11-26,0.016127550042353715,0.0017919500047059685,0.0,8295.445485585265,0.0
1426,2020-11-27,0.014526300534673445,0.001614033392741494,0.0,7471.818960483914,0.0
1427,2020-11-28,0.012973552418185692,0.0014415058242428548,0.0,6673.13984807426,0.0
1428,2020-11-29,0.011661109038571205,0.0012956787820634673,0.0,5998.065054945896,0.0
1429,2020-11-30,0.010470399123710002,0.0011633776804122226,0.0,5385.605681889416,0.0
1430,2020-12-01,0.00936349258080839,0.0010403880645342655,0.0,4816.251820939443,0.0
1431,2020-12-02,0.008339702996196938,0.0009266336662441043,0.0,4289.650405005173,0.0
1432,2020-12-03,0.007481271177948673,0.0008312523531054082,0.0,3848.1032181932164,0.0
1433,2020-12-04,0.006685114405949724,0.0007427904895499694,0.0,3438.5881286258405,0.0
1434,2020-12-05,0.006202153898513935,0.0006891282109459929,2.54e-05,3190.1702008809098,117.5838136
1435,2020-12-06,0.0055775378956992765,0.0006197264328554752,0.0,2868.8896599949258,0.0
1436,2020-12-07,0.00501766690763139,0.0005575185452923766,0.0,2580.9116814252743,0.0
1437,2020-12-08,0.004500389953358047,0.0005000433281508941,0.0,2314.8425783156836,0.0
1438,2020-12-09,0.003997917231328365,0.00044421302570315157,0.0,2056.3882524791884,0.0
1439,2020-12-10,0.003580306566154712,0.0003978118406838569,0.0,1841.5839890883278,0.0
1440,2020-12-11,0.003226266235351486,0.0003584740261501651,0.0,1659.4780736725409,0.0
1441,2020-12-12,0.002898729813677562,0.000322081090408618,0.0,1491.0048385311686,0.0
1442,2020-12-13,0.002609406211470622,0.0002899340234967358,0.0,1342.1869360290632,0.0
1443,2020-12-14,0.0023317249731807026,0.00025908055257563365,0.0,1199.3574567495396,0.0
1444,2020-12-15,0.0020986573541072035,0.00023318415045635597,0.0,1079.4756567612014,0.0
1445,2020-12-16,0.001882312211153626,0.0002091458012392918,0.0,968.1953113442338,0.0
1446,2020-12-17,0.0016858462060382634,0.0001873162451153626,0.0,867.1400964526263,0.0
1447,2020-12-18,0.00171210540989158,0.0001902339344323978,2.54e-05,880.6469089249482,117.5838136
1448,2020-12-19,0.0015457492194003812,0.00017174991326670904,0.0,795.0791254869639,0.0
1449,2020-12-20,0.0013727939282195266,0.00015253265869105855,0.0,706.1169963559782,0.0
1450,2020-12-21,0.0012375237204947168,0.0001375026356105241,0.0,636.5387509896294,0.0
1451,2020-12-22,0.0011121176947636124,0.00012356863275151252,0.0,572.0342944984528,0.0
1452,2020-12-23,0.0022344014840660264,0.00024826683156289187,0.00015240000000000002,1149.2976710847904,705.5028816000001
1453,2020-12-24,0.0020101920893051384,0.00022335467658945982,0.0,1033.972230660761,0.0
1454,2020-12-25,0.001781196038448094,0.00019791067093867713,0.0,916.184702405683,0.0
1455,2020-12-26,0.0015647036202359377,0.0001738559578039931,0.0,804.8286037667003,0.0
1456,2020-12-27,0.0013406287142123437,0.00014895874602359376,0.0,689.5723396270862,0.0
1457,2020-12-28,0.001110158042627844,0.00012335089362531601,0.0,571.0263182453774,0.0
1458,2020-12-29,0.0034547450833609782,0.00038386056481788645,0.00030480000000000004,1776.9995709424047,1411.0057632000003
1459,2020-12-30,0.003032888037882023,0.00033698755976466926,0.0,1560.011118617627,0.0
1460,2020-12-31,0.0027026018190407595,0.00030028909100452886,0.0,1390.1234843618095,0.0
