from_id,to_id,y_0,y_1,x_0,x_1,z_0,z_1
0,1,4867230.0,4867233.9645384755,558515.0,558513.9900447575,395.32000732421875,394.96604935991354
1,2,4867233.9645384755,4867235.475756131,558513.9900447575,558513.478581667,394.96604935991354,394.949166666757
2,3,4867235.475756131,4867238.606267191,558513.478581667,558512.4238859273,394.949166666757,394.91807864365893
3,4,4867238.606267191,4867245.224195892,558512.4238859273,558510.2016995671,394.91807864365893,394.8493706952324
4,5,4867245.224195892,4867248.996091914,558510.2016995671,558508.9411817284,394.8493706952324,394.8107306036787
5,6,4867248.996091914,4867250.333050499,558508.9411817284,558508.491518492,394.8107306036787,394.79731004689165
6,7,4867250.333050499,4867254.879505838,558508.491518492,558507.0089516891,394.79731004689165,394.75518684572273
7,8,4867254.879505838,4867259.381186547,558507.0089516891,558505.5155771393,394.75518684572273,394.7110239635301
8,9,4867259.381186547,4867263.872666634,558505.5155771393,558504.0108448972,394.7110239635301,394.6658996019206
9,10,4867263.872666634,4867265.417034023,558504.0108448972,558503.4961226372,394.6658996019206,394.6520731994199
10,11,4867265.417034023,4867269.924706143,558503.4961226372,558502.0279414733,394.6520731994199,394.61103848227157
11,12,4867269.924706143,4867274.394206251,558502.0279414733,558500.5349845991,394.61103848227157,394.5675191430621
12,13,4867274.394206251,4867278.878565567,558500.5349845991,558499.040485658,394.5675191430621,394.5261215685498
13,14,4867278.878565567,4867281.967335825,558499.040485658,558498.0533458705,394.5261215685498,394.50135200121093
14,15,4867281.967335825,4867284.947898563,558498.0533458705,558497.0643048818,394.50135200121093,394.47271564950836
15,16,4867284.947898563,4867289.406761811,558497.0643048818,558495.5808936652,394.47271564950836,394.4330360338545
16,17,4867289.406761811,4867293.896613286,558495.5808936652,558494.1291656048,394.4330360338545,394.3960681374293
17,18,4867293.896613286,4867296.82276806,558494.1291656048,558493.1647636235,394.3960681374293,394.37083569727145
18,19,4867296.82276806,4867299.819323177,558493.1647636235,558492.1563189467,394.37083569727145,394.34569429654755
19,20,4867299.819323177,4867304.419677381,558492.1563189467,558490.6532003818,394.34569429654755,394.3107686774709
20,21,4867304.419677381,4867308.900793449,558490.6532003818,558489.1625271394,394.3107686774709,394.27306588927934
21,22,4867308.900793449,4867311.843557922,558489.1625271394,558488.2387069656,394.27306588927934,394.2507023068021
22,23,4867311.843557922,4867314.85473251,558488.2387069656,558487.2274637352,394.2507023068021,394.22555334960975
23,24,4867314.85473251,4867319.434303218,558487.2274637352,558485.7157430808,394.22555334960975,394.18743618056396
24,25,4867319.434303218,4867323.926464724,558485.7157430808,558484.255049645,394.18743618056396,394.15312000482913
25,26,4867323.926464724,4867326.849017269,558484.255049645,558483.2656431643,394.15312000482913,394.1278662498034
26,27,4867326.849017269,4867329.755462283,558483.2656431643,558482.2578470194,394.1278662498034,394.10856175274023
27,28,4867329.755462283,4867334.240259882,558482.2578470194,558480.7975631319,394.10856175274023,394.075202791736
28,29,4867334.240259882,4867338.927699791,558480.7975631319,558479.2379494391,394.075202791736,394.0383959279244
29,30,4867338.927699791,4867341.85054999,558479.2379494391,558478.2853154168,394.0383959279244,394.014361696441
30,31,4867341.85054999,4867344.780499204,558478.2853154168,558477.3234787072,394.014361696441,393.9947053636871
31,32,4867344.780499204,4867349.248763642,558477.3234787072,558475.8360961619,393.9947053636871,393.9605534499931
32,33,4867349.248763642,4867353.93886028,558475.8360961619,558474.2749039844,393.9605534499931,393.93032580434186
33,34,4867353.93886028,4867356.842871353,558474.2749039844,558473.2710615227,393.93032580434186,393.9068099245613
34,35,4867356.842871353,4867359.760751589,558473.2710615227,558472.3313828913,393.9068099245613,393.8849918466186
35,36,4867359.760751589,4867364.458708381,558472.3313828913,558470.7863012553,393.8849918466186,393.85202424279515
36,37,4867364.458708381,4867368.809603845,558470.7863012553,558469.3536304253,393.85202424279515,393.8191496355846
37,38,4867368.809603845,4867371.706874977,558469.3536304253,558468.4192985842,393.8191496355846,393.80282790703285
38,39,4867371.706874977,4867373.740744191,558468.4192985842,558467.7510930808,393.80282790703285,393.7876669432933
39,40,4867373.740744191,4867379.321537646,558467.7510930808,558465.8857855983,393.7876669432933,393.7540428446968
40,41,4867379.321537646,4867383.664264009,558465.8857855983,558464.4568919049,393.7540428446968,393.72124566324436
41,42,4867383.664264009,4867386.960555261,558464.4568919049,558463.3595781932,393.72124566324436,393.6990601347051
42,43,4867386.960555261,4867389.869862386,558463.3595781932,558462.4194563542,393.6990601347051,393.68136687553084
43,44,4867389.869862386,4867394.183165841,558462.4194563542,558461.0023501056,393.68136687553084,393.65028266070385
44,45,4867394.183165841,4867398.987432505,558461.0023501056,558459.4112097903,393.65028266070385,393.61814167322524
45,46,4867398.987432505,4867401.895401012,558459.4112097903,558458.4249677046,393.61814167322524,393.60292091480056
46,47,4867401.895401012,4867404.71350907,558458.4249677046,558457.4560552386,393.60292091480056,393.58251420382203
47,48,4867404.71350907,4867409.509647152,558457.4560552386,558455.9420261355,393.58251420382203,393.553372168469
48,49,4867409.509647152,4867413.808379401,558455.9420261355,558454.5185704677,393.553372168469,393.52554784901895
49,50,4867413.808379401,4867417.257974601,558454.5185704677,558453.4091843291,393.52554784901895,393.50555680343723
50,51,4867417.257974601,4867418.558272559,558453.4091843291,558452.9892626246,393.50555680343723,393.4970668078487
51,52,4867418.558272559,4867424.136189645,558452.9892626246,558451.0934117477,393.4970668078487,393.46196089014643
52,53,4867424.136189645,4867429.015982859,558451.0934117477,558449.49253771,393.46196089014643,393.4326332512964
53,54,4867429.015982859,4867433.356366292,558449.49253771,558448.0793031047,393.4326332512964,393.40547492458
54,55,4867433.356366292,4867434.736007511,558448.0793031047,558447.6111504234,393.40547492458,393.3967778279521
55,56,4867434.736007511,4867439.53213931,558447.6111504234,558446.0046019427,393.3967778279521,393.37021919864435
56,57,4867439.53213931,4867443.829481178,558446.0046019427,558444.5726218262,393.37021919864435,393.3465805150143
57,58,4867443.829481178,4867447.272163513,558444.5726218262,558443.4184627528,393.3465805150143,393.32682671061394
58,59,4867447.272163513,4867448.567473544,558443.4184627528,558443.0035783738,393.32682671061394,393.31887312876984
59,60,4867448.567473544,4867454.258615434,558443.0035783738,558441.1686050355,393.31887312876984,393.2858429838669
60,61,4867454.258615434,4867459.0454700235,558441.1686050355,558439.5702424212,393.2858429838669,393.2585649518149
61,62,4867459.0454700235,4867463.329086882,558439.5702424212,558438.1069376805,393.2585649518149,393.2350088342156
62,63,4867463.329086882,4867464.69917939,558438.1069376805,558437.6870131495,393.2350088342156,393.22578046100335
63,64,4867464.69917939,4867469.5701505635,558437.6870131495,558436.1065350998,393.22578046100335,393.20050107383884
64,65,4867469.5701505635,4867473.880518644,558436.1065350998,558434.7078485575,393.20050107383884,393.1757411331647
65,66,4867473.880518644,4867478.564477717,558434.7078485575,558433.1514017711,393.1757411331647,393.1529814569373
66,67,4867478.564477717,4867484.628318187,558433.1514017711,558431.111627108,393.1529814569373,393.11717558622354
67,68,4867484.628318187,4867488.939223911,558431.111627108,558429.7278202251,393.11717558622354,393.0949339195776
68,69,4867488.939223911,4867493.641640785,558429.7278202251,558428.192718849,393.0949339195776,393.0726662270192
69,70,4867493.641640785,4867499.208381341,558428.192718849,558426.2689939109,393.0726662270192,393.04279231024975
70,71,4867499.208381341,4867503.938441099,558426.2689939109,558424.7186086753,393.04279231024975,393.0197569812875
71,72,4867503.938441099,4867508.643011606,558424.7186086753,558423.1829892872,393.0197569812875,392.99427215614884
72,73,4867508.643011606,4867514.245828578,558423.1829892872,558421.3695123408,392.99427215614884,392.9650933492119
73,74,4867514.245828578,4867518.951644023,558421.3695123408,558419.7485417873,392.9650933492119,392.9445953385035
74,75,4867518.951644023,4867523.658179797,558419.7485417873,558418.218565303,392.9445953385035,392.9199773561949
75,76,4867523.658179797,4867529.261382386,558418.218565303,558416.4129324215,392.9199773561949,392.8919391869135
76,77,4867529.261382386,4867533.983633548,558416.4129324215,558414.8325298713,392.8919391869135,392.86944403238175
77,78,4867533.983633548,4867538.676580976,558414.8325298713,558413.2652135042,392.86944403238175,392.8480580333848
78,79,4867538.676580976,4867544.279895528,558413.2652135042,558411.4648007334,392.8480580333848,392.8210401301465
79,80,4867544.279895528,4867549.007979808,558411.4648007334,558409.8926094978,392.8210401301465,392.7986231126904
80,81,4867549.007979808,4867553.70693155,558409.8926094978,558408.3393187919,392.7986231126904,392.77446064289626
81,82,4867553.70693155,4867559.297489351,558408.3393187919,558406.5126931925,392.77446064289626,392.75117860867635
82,83,4867559.297489351,4867564.170877812,558406.5126931925,558404.8993149726,392.75117860867635,392.7283013744365
83,84,4867564.170877812,4867568.99597627,558404.8993149726,558403.2976622417,392.7283013744365,392.70395600018816
84,85,4867568.99597627,4867574.421198616,558403.2976622417,558401.5765516892,392.70395600018816,392.68135986360215
85,86,4867574.421198616,4867579.192269396,558401.5765516892,558399.9576175212,392.68135986360215,392.6614675148028
86,87,4867579.192269396,4867584.180715958,558399.9576175212,558398.3666861972,392.6614675148028,392.63951659071154
87,88,4867584.180715958,4867589.4340077685,558398.3666861972,558396.6022363331,392.63951659071154,392.61382520692496
88,89,4867589.4340077685,4867594.205288661,558396.6022363331,558394.9875903956,392.61382520692496,392.5958187424396
89,90,4867594.205288661,4867598.515587169,558394.9875903956,558393.5860775495,392.5958187424396,392.57630619182805
90,91,4867598.515587169,4867599.794000768,558393.5860775495,558393.178323571,392.57630619182805,392.57137471174076
91,92,4867599.794000768,4867604.541197387,558393.178323571,558391.6067132538,392.57137471174076,392.54908357540137
92,93,4867604.541197387,4867609.239851511,558391.6067132538,558390.0788668066,392.54908357540137,392.53023857140624
93,94,4867609.239851511,4867614.217705047,558390.0788668066,558388.4600885921,392.53023857140624,392.51237488891553
94,95,4867614.217705047,4867618.073406364,558388.4600885921,558387.1155318433,392.51237488891553,392.4940985093807
95,96,4867618.073406364,4867619.468227372,558387.1155318433,558386.6915159039,392.4940985093807,392.4877957420838
96,97,4867619.468227372,4867624.257454528,558386.6915159039,558385.1340254637,392.4877957420838,392.46885788803417
97,98,4867624.257454528,4867628.565220972,558385.1340254637,558383.719841146,392.46885788803417,392.44978649515656
98,99,4867628.565220972,4867629.808134753,558383.719841146,558383.2627303514,392.44978649515656,392.44446907774164
99,100,4867629.808134753,4867634.5700841155,558383.2627303514,558381.6824066887,392.44446907774164,392.42469171912694
100,101,4867634.5700841155,4867639.262207435,558381.6824066887,558380.1359616767,392.42469171912694,392.4060945635441
101,102,4867639.262207435,4867643.57951023,558380.1359616767,558378.755453258,392.4060945635441,392.38920786445044
102,103,4867643.57951023,4867644.84507144,558378.755453258,558378.3224870005,392.38920786445044,392.386050303471
103,104,4867644.84507144,4867649.587964418,558378.3224870005,558376.7322070504,392.386050303471,392.3663138635086
104,105,4867649.587964418,4867654.279360462,558376.7322070504,558375.1818678167,392.3663138635086,392.348095641319
105,106,4867654.279360462,4867658.597833411,558375.1818678167,558373.804351856,392.348095641319,392.3318488815635
106,107,4867658.597833411,4867659.952781862,558373.804351856,558373.3756575197,392.3318488815635,392.32689862411473
107,108,4867659.952781862,4867664.673045159,558373.3756575197,558371.7681590116,392.32689862411473,392.3090411828125
108,109,4867664.673045159,4867669.299516075,558371.7681590116,558370.2372978952,392.3090411828125,392.2914399119457
109,110,4867669.299516075,4867673.525843595,558370.2372978952,558368.8805765804,392.2914399119457,392.2764980477599
110,111,4867673.525843595,4867675.436805941,558368.8805765804,558368.2747284247,392.2764980477599,392.2691146168372
111,112,4867675.436805941,4867679.546367665,558368.2747284247,558366.8750283368,392.2691146168372,392.25436467047865
112,113,4867679.546367665,4867684.241671935,558366.8750283368,558365.2872339456,392.25436467047865,392.23663978554805
113,114,4867684.241671935,4867688.95663888,558365.2872339456,558363.7591758036,392.23663978554805,392.2187882630788
114,115,4867688.95663888,4867690.33212748,558363.7591758036,558363.3241184795,392.2187882630788,392.2139969747418
115,116,4867690.33212748,4867694.361928947,558363.3241184795,558361.9580424991,392.2139969747418,392.1964167490954
116,117,4867694.361928947,4867699.132722551,558361.9580424991,558360.3606907766,392.1964167490954,392.1818553700599
117,118,4867699.132722551,4867703.832741108,558360.3606907766,558358.8365115548,392.1818553700599,392.1646598772429
118,119,4867703.832741108,4867705.273060317,558358.8365115548,558358.3851115947,392.1646598772429,392.1606835258367
119,120,4867705.273060317,4867708.85448149,558358.3851115947,558357.2026076919,392.1606835258367,392.14637246218
120,121,4867708.85448149,4867714.049280513,558357.2026076919,558355.4001363519,392.14637246218,392.1306530226417
121,122,4867714.049280513,4867718.748182926,558355.4001363519,558353.8976169676,392.1306530226417,392.1131568196889
122,123,4867718.748182926,4867720.149709572,558353.8976169676,558353.4646496929,392.1131568196889,392.1091201440193
123,124,4867720.149709572,4867724.784680901,558353.4646496929,558351.9005416256,392.1091201440193,392.0905066417878
124,125,4867724.784680901,4867729.418395909,558351.9005416256,558350.3368226876,392.0905066417878,392.0779558302284
125,126,4867729.418395909,4867733.658191724,558350.3368226876,558348.9617915001,392.0779558302284,392.0629355473251
126,127,4867733.658191724,4867735.782053701,558348.9617915001,558348.2805462372,392.0629355473251,392.05697571797924
127,128,4867735.782053701,4867739.791962954,558348.2805462372,558346.9117197684,392.05697571797924,392.0399710898038
128,129,4867739.791962954,4867744.436494482,558346.9117197684,558345.3789730369,392.0399710898038,392.02485697498116
129,130,4867744.436494482,4867748.656892709,558345.3789730369,558343.9556676205,392.02485697498116,392.011490489212
130,131,4867748.656892709,4867750.727622526,558343.9556676205,558343.3169564102,392.011490489212,392.00649228332645
131,132,4867750.727622526,4867754.597640972,558343.3169564102,558341.9932898923,392.00649228332645,391.9905872698436
132,133,4867754.597640972,4867759.310004028,558341.9932898923,558340.439637783,391.9905872698436,391.97601411314685
133,134,4867759.310004028,4867763.9974212255,558340.439637783,558338.8533593904,391.97601411314685,391.96209288748184
134,135,4867763.9974212255,4867765.30880252,558338.8533593904,558338.4455277774,391.96209288748184,391.95865755729227
135,136,4867765.30880252,4867768.893300986,558338.4455277774,558337.2996051176,391.95865755729227,391.94718481780797
136,137,4867768.893300986,4867774.246370124,558337.2996051176,558335.4768887942,391.94718481780797,391.928786502065
137,138,4867774.246370124,4867778.932856205,558335.4768887942,558333.8942573874,391.928786502065,391.91551053652915
138,139,4867778.932856205,4867780.316279057,558333.8942573874,558333.4610116073,391.91551053652915,391.9118969831344
139,140,4867780.316279057,4867783.900151411,558333.4610116073,558332.3165065254,391.9118969831344,391.90079400385804
140,141,4867783.900151411,4867789.263429673,558332.3165065254,558330.5271958157,391.90079400385804,391.8808867855478
141,142,4867789.263429673,4867794.032677054,558330.5271958157,558328.9416185434,391.8808867855478,391.8678782891147
142,143,4867794.032677054,4867796.759876606,558328.9416185434,558328.097970017,391.8678782891147,391.8621409555273
143,144,4867796.759876606,4867798.911451723,558328.097970017,558327.3482211335,391.8621409555273,391.8553441215509
144,145,4867798.911451723,4867804.220391056,558327.3482211335,558325.579223524,391.8553441215509,391.83567443539397
145,146,4867804.220391056,4867808.914900786,558325.579223524,558324.040417887,391.83567443539397,391.8221146262164
146,147,4867808.914900786,4867811.699958369,558324.040417887,558323.2065095735,391.8221146262164,391.814913687178
147,148,4867811.699958369,4867813.801408993,558323.2065095735,558322.4464655527,391.814913687178,391.8098330282046
148,149,4867813.801408993,4867819.297058255,558322.4464655527,558320.6099482484,391.8098330282046,391.79061921945254
149,150,4867819.297058255,4867824.068772085,558320.6099482484,558319.0459753958,391.79061921945254,391.77709767843004
150,151,4867824.068772085,4867826.790671074,558319.0459753958,558318.1706956957,391.77709767843004,391.7686469829049
151,152,4867826.790671074,4867828.926194865,558318.1706956957,558317.397642352,391.7686469829049,391.76337074427374
152,153,4867828.926194865,4867834.292668308,558317.397642352,558315.5927917828,391.76337074427374,391.7454082693097
153,154,4867834.292668308,4867839.07290911,558315.5927917828,558314.0549918325,391.7454082693097,391.73321779478334
154,155,4867839.07290911,4867841.795898237,558314.0549918325,558313.1799955288,391.73321779478334,391.7251224547886
155,156,4867841.795898237,4867843.92917142,558313.1799955288,558312.4031045019,391.7251224547886,391.7201214462525
156,157,4867843.92917142,4867849.29740713,558312.4031045019,558310.6002634336,391.7201214462525,391.70272990223754
157,158,4867849.29740713,4867854.077905484,558310.6002634336,558309.0659079538,391.70272990223754,391.69104835792467
158,159,4867854.077905484,4867856.801270589,558309.0659079538,558308.190675627,391.69104835792467,391.68322900890087
159,160,4867856.801270589,4867858.955530534,558308.190675627,558307.4712862021,391.68322900890087,391.6767248664786
160,161,4867858.955530534,4867864.243836183,558307.4712862021,558305.6482200177,391.6767248664786,391.6608643267107
161,162,4867864.243836183,4867868.960714362,558305.6482200177,558304.1656835558,391.6608643267107,391.6481301781863
162,163,4867868.960714362,4867871.719992662,558304.1656835558,558303.2462958558,391.6481301781863,391.6424770611052
163,164,4867871.719992662,4867873.974153493,558303.2462958558,558302.5300340527,391.6424770611052,391.63180286635117
164,165,4867873.974153493,4867879.262105788,558302.5300340527,558300.7023948428,391.63180286635117,391.61815563056086
165,166,4867879.262105788,4867883.976896754,558300.7023948428,558299.2114637734,391.61815563056086,391.60645172351593
166,167,4867883.976896754,4867886.737294419,558299.2114637734,558298.2922833859,391.60645172351593,391.6009716019522
167,168,4867886.737294419,4867888.990969891,558298.2922833859,558297.5647007573,391.6009716019522,391.5909624694096
168,169,4867888.990969891,4867894.221377139,558297.5647007573,558295.7562330886,391.5909624694096,391.5784370925125
169,170,4867894.221377139,4867898.849184008,558295.7562330886,558294.2892042223,391.5784370925125,391.56746280355935
170,171,4867898.849184008,4867901.574821633,558294.2892042223,558293.3940407819,391.56746280355935,391.5616905935847
171,172,4867901.574821633,4867903.609889622,558293.3940407819,558292.7154446281,391.5616905935847,391.5556320399562
172,173,4867903.609889622,4867908.520775117,558292.7154446281,558291.0206917184,391.5556320399562,391.54117053630233
173,174,4867908.520775117,4867913.665791129,558291.0206917184,558289.385104473,391.54117053630233,391.5295630827026
174,175,4867913.665791129,4867917.0164003465,558289.385104473,558288.264240604,391.5295630827026,391.5225702493622
175,176,4867917.0164003465,4867919.729050089,558288.264240604,558287.3445143924,391.5225702493622,391.5105491187758
176,177,4867919.729050089,4867924.360157833,558287.3445143924,558285.7613047,391.5105491187758,391.5020721333787
177,178,4867924.360157833,4867929.064578447,558285.7613047,558284.2140708163,391.5020721333787,391.4901463484498
178,179,4867929.064578447,4867931.8559443075,558284.2140708163,558283.3148159127,391.4901463484498,391.4842713495124
179,180,4867931.8559443075,4867934.019947658,558283.3148159127,558282.5899792172,391.4842713495124,391.4759293454343
180,181,4867934.019947658,4867939.239055873,558282.5899792172,558280.9142200084,391.4759293454343,391.46030286908695
181,182,4867939.239055873,4867943.864397481,558280.9142200084,558279.3228784319,391.46030286908695,391.45086127531215
182,183,4867943.864397481,4867946.592208929,558279.3228784319,558278.4476975536,391.45086127531215,391.44601903154694
183,184,4867946.592208929,4867948.512466373,558278.4476975536,558277.8123775455,391.44601903154694,391.4385056055403
184,185,4867948.512466373,4867953.573195893,558277.8123775455,558276.1681746551,391.4385056055403,391.42397803811116
185,186,4867953.573195893,4867958.649152452,558276.1681746551,558274.4241655205,391.42397803811116,391.41420754927464
186,187,4867958.649152452,4867962.013491693,558274.4241655205,558273.3328639214,391.41420754927464,391.40767675753006
187,188,4867962.013491693,4867964.73431904,558273.3328639214,558272.3836151877,391.40767675753006,391.3977756938194
188,189,4867964.73431904,4867969.414738955,558272.3836151877,558270.9057971444,391.3977756938194,391.3864633987262
189,190,4867969.414738955,4867974.155268257,558270.9057971444,558269.267186157,391.3864633987262,391.3776420441496
190,191,4867974.155268257,4867976.889065662,558269.267186157,558268.394043663,391.3776420441496,391.3727743912151
191,192,4867976.889065662,4867979.047358428,558268.394043663,558267.6552760644,391.3727743912151,391.3653722669046
192,193,4867979.047358428,4867984.217639038,558267.6552760644,558265.9948655401,391.3653722669046,391.35221019985374
193,194,4867984.217639038,4867988.899752715,558265.9948655401,558264.4168230235,391.35221019985374,391.3403248102609
194,195,4867988.899752715,4867992.375733563,558264.4168230235,558263.2904396675,391.3403248102609,391.33399395598474
195,196,4867992.375733563,4867993.664200574,558263.2904396675,558262.8465243101,391.33399395598474,391.3301353296241
196,197,4867993.664200574,4867998.618505549,558262.8465243101,558261.2351760168,391.3301353296241,391.3177167833461
197,198,4867998.618505549,4868003.655388205,558261.2351760168,558259.5324382626,391.3177167833461,391.30614692998137
198,199,4868003.655388205,4868007.052088039,558259.5324382626,558258.4277169337,391.30614692998137,391.3005024426177
199,200,4868007.052088039,4868009.74649581,558258.4277169337,558257.4777229646,391.3005024426177,391.29198513166193
200,201,4868009.74649581,4868014.446051246,558257.4777229646,558255.9817886784,391.29198513166193,391.2825825901542
201,202,4868014.446051246,4868019.18966363,558255.9817886784,558254.3514637405,391.2825825901542,391.2709628101202
202,203,4868019.18966363,4868021.908833565,558254.3514637405,558253.44017557,391.2709628101202,391.2641046192603
203,204,4868021.908833565,4868024.070060628,558253.44017557,558252.7106664786,391.2641046192603,391.25933561774593
204,205,4868024.070060628,4868029.213917217,558252.7106664786,558251.068399403,391.25933561774593,391.2495482265398
205,206,4868029.213917217,4868033.942280565,558251.068399403,558249.5246512458,391.2495482265398,391.2382238863302
206,207,4868033.942280565,4868037.150197275,558249.5246512458,558248.4044730859,391.2382238863302,391.229445650686
207,208,4868037.150197275,4868038.571229728,558248.4044730859,558247.9559086782,391.229445650686,391.22369101765236
208,209,4868038.571229728,4868043.648666615,558247.9559086782,558246.3149782644,391.22369101765236,391.2154376101719
209,210,4868043.648666615,4868048.796659101,558246.3149782644,558244.6265905323,391.2154376101719,391.2044655011747
210,211,4868048.796659101,4868052.069987583,558244.6265905323,558243.4680342134,391.2044655011747,391.19641190397044
211,212,4868052.069987583,4868054.765547771,558243.4680342134,558242.5831319594,391.19641190397044,391.1891960563245
212,213,4868054.765547771,4868059.6125842305,558242.5831319594,558241.0249863679,391.1891960563245,391.1810888000971
213,214,4868059.6125842305,4868063.672343529,558241.0249863679,558239.6959136567,391.1810888000971,391.172726096027
214,215,4868063.672343529,4868067.080659834,558239.6959136567,558238.4928108436,391.172726096027,391.16481008183325
215,216,4868067.080659834,4868069.764574559,558238.4928108436,558237.6087792403,391.16481008183325,391.15793910780815
216,217,4868069.764574559,4868074.604048374,558237.6087792403,558236.0509714695,391.15793910780815,391.15054238695217
217,218,4868074.604048374,4868079.246604559,558236.0509714695,558234.5055422066,391.15054238695217,391.14022976955874
218,219,4868079.246604559,4868083.274189333,558234.5055422066,558233.1419177608,391.14022976955874,391.13017277593207
219,220,4868083.274189333,4868084.1206630645,558233.1419177608,558232.8449459219,391.13017277593207,391.12883785982893
220,221,4868084.1206630645,4868089.233405847,558232.8449459219,558231.2395711842,391.12883785982893,391.1175636226505
221,222,4868089.233405847,4868093.993395889,558231.2395711842,558229.6566069121,391.1175636226505,391.1092320541721
222,223,4868093.993395889,4868098.619785738,558229.6566069121,558228.0592049636,391.1092320541721,391.09814653558675
223,224,4868098.619785738,4868104.789776612,558228.0592049636,558226.0599237619,391.09814653558675,391.0852523174212
224,225,4868104.789776612,4868108.921746917,558226.0599237619,558224.6566590741,391.0852523174212,391.07524526361414
225,226,4868108.921746917,4868113.470001438,558224.6566590741,558223.1194835121,391.07524526361414,391.0681348939589
226,227,4868113.470001438,4868114.759391423,558223.1194835121,558222.6787142057,391.0681348939589,391.066224487398
227,228,4868114.759391423,4868119.585461348,558222.6787142057,558221.0842208053,391.066224487398,391.05485007088294
228,229,4868119.585461348,4868124.26224371,558221.0842208053,558219.5446786465,391.05485007088294,391.04117886407
229,230,4868124.26224371,4868128.198028657,558219.5446786465,558218.2217194882,391.04117886407,391.036089389326
230,231,4868128.198028657,4868129.140741477,558218.2217194882,558217.8931875495,391.036089389326,391.0346953657575
231,232,4868129.140741477,4868134.506390293,558217.8931875495,558216.1172392578,391.0346953657575,391.0245181313409
232,233,4868134.506390293,4868139.26132651,558216.1172392578,558214.5400291327,391.0245181313409,391.0111842509186
233,234,4868139.26132651,4868143.195195888,558214.5400291327,558213.218541495,391.0111842509186,391.00644393987443
234,235,4868143.195195888,4868144.140795269,558213.218541495,558212.8889654225,391.00644393987443,391.0050970692972
235,236,4868144.140795269,4868149.505653772,558212.8889654225,558211.110654353,391.0050970692972,390.99542721963013
236,237,4868149.505653772,4868154.259758109,558211.110654353,558209.5339852938,390.99542721963013,390.98280182998093
237,238,4868154.259758109,4868158.203519024,558209.5339852938,558208.2500916348,390.98280182998093,390.97431534928256
238,239,4868158.203519024,4868159.152976745,558208.2500916348,558207.9191862121,390.97431534928256,390.9729983122353
239,240,4868159.152976745,4868164.498308967,558207.9191862121,558206.079852864,390.9729983122353,390.9606508685152
240,241,4868164.498308967,4868169.259933978,558206.079852864,558204.5331108563,390.9606508685152,390.9522332345057
241,242,4868169.259933978,4868173.199045859,558204.5331108563,558203.2422814654,390.9522332345057,390.9447136388629
242,243,4868173.199045859,4868174.15102842,558203.2422814654,558202.9103595831,390.9447136388629,390.94344384613197
243,244,4868174.15102842,4868179.498056089,558202.9103595831,558201.0763092121,390.94344384613197,390.9320448743296
244,245,4868179.498056089,4868184.262302647,558201.0763092121,558199.5390465632,390.9320448743296,390.9228454737801
245,246,4868184.262302647,4868188.194010639,558199.5390465632,558198.2341690877,390.9228454737801,390.9170843839896
246,247,4868188.194010639,4868189.148768832,558198.2341690877,558197.9011402876,390.9170843839896,390.9158532328087
247,248,4868189.148768832,4868194.5101021435,558197.9011402876,558196.1039680437,390.9158532328087,390.9009111352305
248,249,4868194.5101021435,4868199.267794693,558196.1039680437,558194.55354574,390.9009111352305,390.89337738822684
249,250,4868199.267794693,4868203.195368391,558194.55354574,558193.2431007829,390.89337738822684,390.88840477038104
250,251,4868203.195368391,4868204.152515105,558193.2431007829,558192.9091104469,390.88840477038104,390.8872222982737
251,252,4868204.152515105,4868209.511577533,558192.9091104469,558191.1062453466,390.8872222982737,390.87351529641535
252,253,4868209.511577533,4868214.267745427,558191.1062453466,558189.5534701635,390.87351529641535,390.8664246845806
253,254,4868214.267745427,4868218.174837246,558189.5534701635,558188.1946513326,390.8664246845806,390.8576784593301
254,255,4868218.174837246,4868219.142367744,558188.1946513326,558187.8771759782,390.8576784593301,390.8544797183775
255,256,4868219.142367744,4868224.506544742,558187.8771759782,558186.089470027,390.8544797183775,390.84650395201754
256,257,4868224.506544742,4868229.272331806,558186.089470027,558184.5660686799,390.84650395201754,390.8359425053326
257,258,4868229.272331806,4868233.177352378,558184.5660686799,558183.2074411554,390.8359425053326,390.8286791451964
258,259,4868233.177352378,4868234.131458072,558183.2074411554,558182.8890683505,390.8286791451964,390.82608085184324
259,260,4868234.131458072,4868239.516633289,558182.8890683505,558181.086966153,390.82608085184324,390.81879909287505
260,261,4868239.516633289,4868244.269198927,558181.086966153,558179.5599970701,390.81879909287505,390.8078554490847
261,262,4868244.269198927,4868248.173532039,558179.5599970701,558178.2048338967,390.8078554490847,390.80252193431204
262,263,4868248.173532039,4868249.117028405,558178.2048338967,558177.8880612634,390.80252193431204,390.79998905638973
263,264,4868249.117028405,4868254.528813503,558177.8880612634,558176.1141008283,390.79998905638973,390.78897554051144
264,265,4868254.528813503,4868259.268386748,558176.1141008283,558174.5598049103,390.78897554051144,390.78152407668824
265,266,4868259.268386748,4868263.179755534,558174.5598049103,558173.2285307873,390.78152407668824,390.7736048418095
266,267,4868263.179755534,4868264.111848367,558173.2285307873,558172.9098803008,390.7736048418095,390.77179112992803
267,268,4868264.111848367,4868269.530569249,558172.9098803008,558171.117462003,390.77179112992803,390.76259673377905
268,269,4868269.530569249,4868274.252446315,558171.117462003,558169.5163738097,390.76259673377905,390.7514348978853
269,270,4868274.252446315,4868278.171639919,558169.5163738097,558168.2155885261,390.7514348978853,390.74735443778474
270,271,4868278.171639919,4868279.095536768,558168.2155885261,558167.8986587953,390.74735443778474,390.74569006592316
271,272,4868279.095536768,4868284.525019113,558167.8986587953,558166.0977765287,390.74569006592316,390.7370693767019
272,273,4868284.525019113,4868289.256459414,558166.0977765287,558164.5253418077,390.7370693767019,390.72389226527486
273,274,4868289.256459414,4868293.163088238,558164.5253418077,558163.2007754568,390.72389226527486,390.7229884612373
274,275,4868293.163088238,4868294.083696261,558163.2007754568,558162.8994976601,390.7229884612373,390.7196489825185
275,276,4868294.083696261,4868299.331876663,558162.8994976601,558161.1759324779,390.7196489825185,390.71034218467037
276,277,4868299.331876663,4868304.005785388,558161.1759324779,558159.6066831555,390.71034218467037,390.7000384381843
277,278,4868304.005785388,4868307.459651705,558159.6066831555,558158.4288229289,390.7000384381843,390.6967873056659
278,279,4868307.459651705,4868308.725254285,558158.4288229289,558158.013016232,390.6967873056659,390.6943845814259
279,280,4868308.725254285,4868313.518005742,558158.013016232,558156.3768486044,390.6943845814259,390.68349857792157
280,281,4868313.518005742,4868318.801587014,558156.3768486044,558154.6576044026,390.68349857792157,390.675560571237
281,282,4868318.801587014,4868322.116912698,558154.6576044026,558153.4933875742,390.675560571237,390.6721911908
282,283,4868322.116912698,4868324.832238404,558153.4933875742,558152.6343071632,390.6721911908,390.66752432813973
283,284,4868324.832238404,4868329.5096111195,558152.6343071632,558151.0513380078,390.66752432813973,390.6530649258179
284,285,4868329.5096111195,4868334.240644388,558151.0513380078,558149.4970628009,390.6530649258179,390.6478044297775
285,286,4868334.240644388,4868338.265691791,558149.4970628009,558148.1580425202,390.6478044297775,390.64413038038896
286,287,4868338.265691791,4868339.048696491,558148.1580425202,558147.8824739436,390.64413038038896,390.6433253274594
287,288,4868339.048696491,4868344.305252093,558147.8824739436,558146.1111119338,390.6433253274594,390.6311607919491
288,289,4868344.305252093,4868348.992692272,558146.1111119338,558144.5626053328,390.6311607919491,390.62492794616765
289,290,4868348.992692272,4868352.3564903345,558144.5626053328,558143.3985457474,390.62492794616765,390.6224846222263
290,291,4868352.3564903345,4868353.70250578,558143.3985457474,558142.93289847,390.6224846222263,390.6150453062302
291,292,4868353.70250578,4868359.731921004,558142.93289847,558140.9215157614,390.6150453062302,390.6061663302428
292,293,4868359.731921004,4868363.8542628,558140.9215157614,558139.6015363339,390.6061663302428,390.59950770029286
293,294,4868363.8542628,4868367.115224563,558139.6015363339,558138.4624896842,390.59950770029286,390.59617515000105
294,295,4868367.115224563,4868369.678967721,558138.4624896842,558137.5859637178,390.59617515000105,390.5907389469385
295,296,4868369.678967721,4868374.566353161,558137.5859637178,558135.9589182496,390.5907389469385,390.58414104202365
296,297,4868374.566353161,4868379.229555065,558135.9589182496,558134.44413906,390.58414104202365,390.57478111726397
297,298,4868379.229555065,4868383.232813768,558134.44413906,558133.0911858116,390.57478111726397,390.56590141240645
298,299,4868383.232813768,4868383.9971319055,558133.0911858116,558132.816304107,390.56590141240645,390.56318847274406
299,300,4868383.9971319055,4868389.349503707,558132.816304107,558131.0310377941,390.56318847274406,390.55921384095575
300,301,4868389.349503707,4868393.967548109,558131.0310377941,558129.4719831409,390.55921384095575,390.54728328910966
301,302,4868393.967548109,4868397.408224473,558129.4719831409,558128.2944495131,390.54728328910966,390.5439455779359
302,303,4868397.408224473,4868398.733104404,558128.2944495131,558127.8808709743,390.5439455779359,390.541330550422
303,304,4868398.733104404,4868404.722975812,558127.8808709743,558125.8587248992,390.541330550422,390.534174180615
304,305,4868404.722975812,4868408.745640105,558125.8587248992,558124.5231459158,390.534174180615,390.5269896978249
305,306,4868408.745640105,4868412.09312564,558124.5231459158,558123.376068467,390.5269896978249,390.51925764863347
306,307,4868412.09312564,4868414.650453508,558123.376068467,558122.5275241937,390.51925764863347,390.5194440619165
307,308,4868414.650453508,4868419.479851595,558122.5275241937,558120.9288932608,390.5194440619165,390.50922226732035
308,309,4868419.479851595,4868424.226823585,558120.9288932608,558119.3309521707,390.50922226732035,390.50277968379106
309,310,4868424.226823585,4868426.864871226,558119.3309521707,558118.4180649903,390.50277968379106,390.4990854056631
310,311,4868426.864871226,4868428.950000411,558118.4180649903,558117.735204403,390.4990854056631,390.4960089721052
311,312,4868428.950000411,4868434.084956296,558117.735204403,558116.0005183263,390.4960089721052,390.4865535545578
312,313,4868434.084956296,4868438.951197913,558116.0005183263,558114.4034447467,390.4865535545578,390.4752943414837
313,314,4868438.951197913,4868442.25298046,558114.4034447467,558113.2742797106,390.4752943414837,390.4739439487976
314,315,4868442.25298046,4868443.579052608,558113.2742797106,558112.840486954,390.4739439487976,390.47292758110507
315,316,4868443.579052608,4868449.704727746,558112.840486954,558110.7427675241,390.47292758110507,390.4604158162296
316,317,4868449.704727746,4868453.71960656,558110.7427675241,558109.4519174228,390.4604158162296,390.45539187353165
317,318,4868453.71960656,4868457.09151858,558109.4519174228,558108.3020476107,390.45539187353165,390.44633189929635
318,319,4868457.09151858,4868458.520793632,558108.3020476107,558107.843779948,390.44633189929635,390.4475803495807
319,320,4868458.520793632,4868464.702411045,558107.843779948,558105.7258876618,390.4475803495807,390.4358965303187
320,321,4868464.702411045,4868468.706256861,558105.7258876618,558104.4193867974,390.4358965303187,390.42586921427966
321,322,4868468.706256861,4868472.081040505,558104.4193867974,558103.262242702,390.42586921427966,390.4142980500775
322,323,4868472.081040505,4868473.505322386,558103.262242702,558102.804468723,390.4142980500775,390.4136675946685
323,324,4868473.505322386,4868479.665296079,558102.804468723,558100.6728666378,390.4136675946685,390.38532118429356
324,325,4868479.665296079,4868483.71624325,558100.6728666378,558099.3565320686,390.38532118429356,390.37073142771635
325,326,4868483.71624325,4868487.05842812,558099.3565320686,558098.2035064438,390.37073142771635,390.350093031737
326,327,4868487.05842812,4868489.846639222,558098.2035064438,558097.2392996526,390.350093031737,390.33228166841116
327,328,4868489.846639222,4868494.647968044,558097.2392996526,558095.6318521317,390.33228166841116,390.29396186162467
328,329,4868494.647968044,4868498.754760049,558095.6318521317,558094.2631017495,390.29396186162467,390.25974223791417
329,330,4868498.754760049,4868502.016694914,558094.2631017495,558093.0911824995,390.25974223791417,390.22464387797754
330,331,4868502.016694914,4868504.888068788,558093.0911824995,558092.1283538786,390.22464387797754,390.1932964945955
331,332,4868504.888068788,4868508.523547586,558092.1283538786,558090.8889003535,390.1932964945955,390.15831330308094
332,333,4868508.523547586,4868513.704055981,558090.8889003535,558089.1493441837,390.15831330308094,390.0969112533794
333,334,4868513.704055981,4868515.573531707,558089.1493441837,558088.4024116108,390.0969112533794,390.06645442672
334,335,4868515.573531707,4868519.832474674,558088.4024116108,558086.9913243136,390.06645442672,390.0138197720695
335,336,4868519.832474674,4868524.582451055,558086.9913243136,558085.3596848671,390.0138197720695,389.95061316117886
336,337,4868524.582451055,4868529.323273681,558085.3596848671,558083.6486571544,389.95061316117886,389.88104101019724
337,338,4868529.323273681,4868530.578096144,558083.6486571544,558083.1923932411,389.88104101019724,389.8606286188257
338,339,4868530.578096144,4868534.8394747535,558083.1923932411,558081.7827355217,389.8606286188257,389.80701827197873
339,340,4868534.8394747535,4868539.510861064,558081.7827355217,558080.1670420095,389.80701827197873,389.74039686566323
340,341,4868539.510861064,4868543.556264536,558080.1670420095,558078.7545340111,389.74039686566323,389.67518185157184
341,342,4868543.556264536,4868544.354124011,558078.7545340111,558078.4305301335,389.67518185157184,389.6628417366123
342,343,4868544.354124011,4868549.771592589,558078.4305301335,558076.6164271678,389.6628417366123,389.5843830021459
343,344,4868549.771592589,4868554.442931097,558076.6164271678,558074.9758582587,389.5843830021459,389.5057253693328
344,345,4868554.442931097,4868559.318704719,558074.9758582587,558073.2781333536,389.5057253693328,389.4353323849563
345,346,4868559.318704719,4868564.651030445,558073.2781333536,558071.4887492731,389.4353323849563,389.35773421995816
346,347,4868564.651030445,4868569.273487561,558071.4887492731,558069.8724295794,389.35773421995816,389.28516715362747
347,348,4868569.273487561,4868573.865493911,558069.8724295794,558068.3066670356,389.28516715362747,389.2163145508548
348,349,4868573.865493911,4868578.746527142,558068.3066670356,558066.6486243447,389.2163145508548,389.13531510584096
349,350,4868578.746527142,4868584.065613442,558066.6486243447,558064.8556289373,389.13531510584096,389.0637489359722
350,351,4868584.065613442,4868588.77092678,558064.8556289373,558063.1833606139,389.0637489359722,388.9888501897499
351,352,4868588.77092678,4868593.511967846,558063.1833606139,558061.641098063,388.9888501897499,388.92214122380136
352,353,4868593.511967846,4868598.761473652,558061.641098063,558059.8761594158,388.92214122380136,388.8495030333223
353,354,4868598.761473652,4868603.51406061,558059.8761594158,558058.2049112017,388.8495030333223,388.7778347805179
354,355,4868603.51406061,4868609.600748896,558058.2049112017,558056.1282050838,388.7778347805179,388.6911330984883
355,356,4868609.600748896,4868614.285150833,558056.1282050838,558054.5256768815,388.6911330984883,388.6243331398098
356,357,4868614.285150833,4868618.199133759,558054.5256768815,558053.1948621784,388.6243331398098,388.57310542655705
357,358,4868618.199133759,4868619.15656974,558053.1948621784,558052.8608087384,388.57310542655705,388.55808423685517
358,359,4868619.15656974,4868624.262243611,558052.8608087384,558051.0945871626,388.55808423685517,388.48690913073125
359,360,4868624.262243611,4868629.021179782,558051.0945871626,558049.4393893133,388.48690913073125,388.4276998192029
360,361,4868629.021179782,4868632.537621731,558049.4393893133,558048.255523466,388.4276998192029,388.3799599312405
361,362,4868632.537621731,4868633.680395735,558048.255523466,558047.8439483783,388.3799599312405,388.3603172989612
362,363,4868633.680395735,4868638.535208629,558047.8439483783,558046.2374164279,388.3603172989612,388.29716539677213
363,364,4868638.535208629,4868644.379849506,558046.2374164279,558044.1920960475,388.29716539677213,388.21065406707146
364,365,4868644.379849506,4868647.053103599,558044.1920960475,558043.3096287079,388.21065406707146,388.1801055016876
365,366,4868647.053103599,4868649.700122365,558043.3096287079,558042.420947387,388.1801055016876,388.1477392440422
366,367,4868649.700122365,4868654.44675452,558042.420947387,558040.7200981692,388.1477392440422,388.0817301576715
367,368,4868654.44675452,4868659.120006043,558040.7200981692,558039.12627917,388.0817301576715,388.0231165785591
368,369,4868659.120006043,4868661.853470378,558039.12627917,558038.2302811609,388.0231165785591,387.9860319600173
369,370,4868661.853470378,4868663.92793264,558038.2302811609,558037.5605047405,387.9860319600173,387.9674325490552
370,371,4868663.92793264,4868668.893154785,558037.5605047405,558035.7244023021,387.9674325490552,387.89795701363323
371,372,4868668.893154785,4868673.8327258015,558035.7244023021,558034.0940021569,387.89795701363323,387.8443661272795
372,373,4868673.8327258015,4868676.181401609,558034.0940021569,558033.2851071989,387.8443661272795,387.8132459878621
373,374,4868676.181401609,4868678.549376743,558033.2851071989,558032.449933169,387.8132459878621,387.785450877475
374,375,4868678.549376743,4868684.536804445,558032.449933169,558030.3497325849,387.785450877475,387.72605429126537
375,376,4868684.536804445,4868689.279917642,558030.3497325849,558028.7735699579,387.72605429126537,387.6739175233247
376,377,4868689.279917642,4868690.541174149,558028.7735699579,558028.3166832498,387.6739175233247,387.66245711863894
377,378,4868690.541174149,4868694.487704039,558028.3166832498,558026.9403259807,387.66245711863894,387.6255060396978
378,379,4868694.487704039,4868699.271097617,558026.9403259807,558025.3254183958,387.6255060396978,387.5846773741491
379,380,4868699.271097617,4868703.987888685,558025.3254183958,558023.7394373406,387.5846773741491,387.5440068321999
380,381,4868703.987888685,4868705.358321485,558023.7394373406,558023.2813731938,387.5440068321999,387.53308892908433
381,382,4868705.358321485,4868708.740477928,558023.2813731938,558022.0816716057,387.53308892908433,387.50301346392746
382,383,4868708.740477928,4868710.000657392,558022.0816716057,558021.6915968069,387.50301346392746,387.49013389530785
383,384,4868710.000657392,4868713.833930833,558021.6915968069,558020.4116739362,387.49013389530785,387.4609883445437
384,385,4868713.833930833,4868718.813644171,558020.4116739362,558018.6168034221,387.4609883445437,387.41774161154734
385,386,4868718.813644171,4868720.166817625,558018.6168034221,558018.1616720228,387.41774161154734,387.40593653322463
386,387,4868720.166817625,4868723.540288715,558018.1616720228,558017.0401984242,387.40593653322463,387.37918550886917
387,388,4868723.540288715,4868728.736682909,558017.0401984242,558015.2540875068,387.37918550886917,387.33803974022777
388,389,4868728.736682909,4868733.647126887,558015.2540875068,558013.5856563443,387.33803974022777,387.2989345968759
389,390,4868733.647126887,4868734.902863349,558013.5856563443,558013.1620296672,387.2989345968759,387.28939357897394
390,391,4868734.902863349,4868739.744631603,558013.1620296672,558011.548141008,387.28939357897394,387.2528696921566
391,392,4868739.744631603,4868744.449028854,558011.548141008,558009.92251911,387.2528696921566,387.21323113712276
392,393,4868744.449028854,4868749.173489054,558009.92251911,558008.2878048911,387.21323113712276,387.18218894100454
393,394,4868749.173489054,4868754.561394919,558008.2878048911,558006.4817134195,387.18218894100454,387.14286031099806
394,395,4868754.561394919,4868759.221002976,558006.4817134195,558004.8958141627,387.14286031099806,387.10789775926594
395,396,4868759.221002976,4868763.967744551,558004.8958141627,558003.2645085865,387.10789775926594,387.0741356782734
396,397,4868763.967744551,4868768.835769488,558003.2645085865,558001.6423867424,387.0741356782734,387.0429363790077
397,398,4868768.835769488,4868774.083375229,558001.6423867424,557999.8452625433,387.0429363790077,387.00594713160285
398,399,4868774.083375229,4868778.702889134,557999.8452625433,557998.2473636585,387.00594713160285,386.9773252160201
399,400,4868778.702889134,4868784.7093596645,557998.2473636585,557996.176807292,386.9773252160201,386.93608058369813
400,401,4868784.7093596645,4868789.409808345,557996.176807292,557994.617936709,386.93608058369813,386.9041060246862
401,402,4868789.409808345,4868793.514446756,557994.617936709,557993.2045429734,386.9041060246862,386.88120113261436
402,403,4868793.514446756,4868799.598959592,557993.2045429734,557991.153363071,386.88120113261436,386.83859936421544
403,404,4868799.598959592,4868804.385254093,557991.153363071,557989.5430741427,386.83859936421544,386.81012297234366
404,405,4868804.385254093,4868808.419465242,557989.5430741427,557988.0861710797,386.81012297234366,386.78598805492226
405,406,4868808.419465242,4868809.339318331,557988.0861710797,557987.7671329288,386.78598805492226,386.7811093798467
406,407,4868809.339318331,4868814.483692793,557987.7671329288,557986.0761300325,386.7811093798467,386.7498670799974
407,408,4868814.483692793,4868819.085124839,557986.0761300325,557984.5213711403,386.7498670799974,386.7254411828072
408,409,4868819.085124839,4868822.606209964,557984.5213711403,557983.2669195704,386.7254411828072,386.7018686646756
409,410,4868822.606209964,4868823.773570222,557983.2669195704,557982.8468536701,386.7018686646756,386.69589832132965
410,411,4868823.773570222,4868828.66105614,557982.8468536701,557981.2261297472,386.69589832132965,386.6676232454975
411,412,4868828.66105614,4868833.88054228,557981.2261297472,557979.4201888364,386.6676232454975,386.62552130209116
412,413,4868833.88054228,4868837.183670953,557979.4201888364,557978.249947542,386.62552130209116,386.5960297364541
413,414,4868837.183670953,4868839.919166796,557978.249947542,557977.3003125153,386.5960297364541,386.57324031466493
414,415,4868839.919166796,4868844.512530562,557977.3003125153,557975.7737138445,386.57324031466493,386.534600599645
415,416,4868844.512530562,4868849.240772755,557975.7737138445,557974.1268217674,386.534600599645,386.477129327673
416,417,4868849.240772755,4868851.978317925,557974.1268217674,557973.1357351389,386.477129327673,386.44535424242264
417,418,4868851.978317925,4868854.088648392,557973.1357351389,557972.3954255548,386.44535424242264,386.41807458286115
418,419,4868854.088648392,4868858.94515343,557972.3954255548,557970.6824795317,386.41807458286115,386.3473502122158
419,420,4868858.94515343,4868863.899803296,557970.6824795317,557969.0017688463,386.3473502122158,386.272155622293
420,421,4868863.899803296,4868865.333494911,557969.0017688463,557968.49616637,386.272155622293,386.25009137427196
421,422,4868865.333494911,4868868.603958856,557968.49616637,557967.3534032563,386.25009137427196,386.1945290855418
422,423,4868868.603958856,4868874.582961124,557967.3534032563,557965.2382436888,386.1945290855418,386.0865315664503
423,424,4868874.582961124,4868878.556551423,557965.2382436888,557963.8541848982,386.0865315664503,386.0124774680528
424,425,4868878.556551423,4868880.57176436,557963.8541848982,557963.1515221148,386.0124774680528,385.9706760038219
425,426,4868880.57176436,4868884.570499871,557963.1515221148,557961.6642174261,385.9706760038219,385.8892340242013
426,427,4868884.570499871,4868889.254452623,557961.6642174261,557960.0951808416,385.8892340242013,385.7998214201009
427,428,4868889.254452623,4868893.971329092,557960.0951808416,557958.4010307833,385.7998214201009,385.70366419316707
428,429,4868893.971329092,4868898.769764067,557958.4010307833,557956.6438466128,385.70366419316707,385.6017221889321
429,430,4868898.769764067,4868903.625719334,557956.6438466128,557955.0149384455,385.6017221889321,385.5037990010909
430,431,4868903.625719334,4868908.619771161,557955.0149384455,557953.265286735,385.5037990010909,385.3979394512811
431,432,4868908.619771161,4868914.624921468,557953.265286735,557951.1305534284,385.3979394512811,385.27400909181426
432,433,4868914.624921468,4868919.426355805,557951.1305534284,557949.4835279596,385.27400909181426,385.1692069320662
433,434,4868919.426355805,4868922.088097952,557949.4835279596,557948.4916989729,385.1692069320662,385.11304096310954
434,435,4868922.088097952,4868924.519636242,557948.4916989729,557947.6961162079,385.11304096310954,385.06621510722596
435,436,4868924.519636242,4868929.566677099,557947.6961162079,557945.9757378378,385.06621510722596,384.9588998442604
436,437,4868929.566677099,4868934.247244951,557945.9757378378,557944.3424920547,384.9588998442604,384.85897233849624
437,438,4868934.247244951,4868936.962705762,557944.3424920547,557943.3840334096,384.85897233849624,384.80609132472637
438,439,4868936.962705762,4868939.146539391,557943.3840334096,557942.67012994,384.80609132472637,384.75844941288585
439,440,4868939.146539391,4868944.181418149,557942.67012994,557940.8857975056,384.75844941288585,384.652960923019
440,441,4868944.181418149,4868949.135559718,557940.8857975056,557939.2357679049,384.652960923019,384.55423115194174
441,442,4868949.135559718,4868951.691224651,557939.2357679049,557938.3174849242,384.55423115194174,384.50082757032885
442,443,4868951.691224651,4868953.837267518,557938.3174849242,557937.528435197,384.50082757032885,384.4586860815869
443,444,4868953.837267518,4868959.072456104,557937.528435197,557935.7628493857,384.4586860815869,384.35935075393877
444,445,4868959.072456104,4868963.834918704,557935.7628493857,557934.0718016643,384.35935075393877,384.26835520803456
445,446,4868963.834918704,4868965.92916883,557934.0718016643,557933.3692114386,384.26835520803456,384.2265611477415
446,447,4868965.92916883,4868968.582070264,557933.3692114386,557932.4619911079,384.2265611477415,384.1746727043712
447,448,4868968.582070264,4868974.627308132,557932.4619911079,557930.4205217508,384.1746727043712,384.07196349771124
448,449,4868974.627308132,4868978.581718502,557930.4205217508,557928.9965629965,384.07196349771124,383.9937983098845
449,450,4868978.581718502,4868980.672947179,557928.9965629965,557928.2761150298,383.9937983098845,383.95980617946003
450,451,4868980.672947179,4868984.464081151,557928.2761150298,557927.0218264109,383.95980617946003,383.89029121949613
451,452,4868984.464081151,4868989.423724418,557927.0218264109,557925.2695907471,383.89029121949613,383.7926746649831
452,453,4868989.423724418,4868994.052056567,557925.2695907471,557923.646417811,383.7926746649831,383.718050260222
453,454,4868994.052056567,4868995.40746099,557923.646417811,557923.1625946544,383.718050260222,383.6983220988832
454,455,4868995.40746099,4868998.627233301,557923.1625946544,557922.0874734055,383.6983220988832,383.6397557887327
455,456,4868998.627233301,4869003.871897954,557922.0874734055,557920.2823562266,383.6397557887327,383.5516008362793
456,457,4869003.871897954,4869008.669882278,557920.2823562266,557918.641201688,383.5516008362793,383.4678118497574
457,458,4869008.669882278,4869009.664225046,557918.641201688,557918.2758931878,383.4678118497574,383.4516202847849
458,459,4869009.664225046,4869014.765279821,557918.2758931878,557916.4926190446,383.4516202847849,383.3707623977682
459,460,4869014.765279821,4869019.434394682,557916.4926190446,557914.8862099746,383.3707623977682,383.29468312356437
460,461,4869019.434394682,4869023.508035643,557914.8862099746,557913.5486186604,383.29468312356437,383.23044927087466
461,462,4869023.508035643,4869024.301627344,557913.5486186604,557913.2670228477,383.23044927087466,383.2172101320053
462,463,4869024.301627344,4869029.4511411255,557913.2670228477,557911.3994288511,383.2172101320053,383.1399958461591
463,464,4869029.4511411255,4869034.102470148,557911.3994288511,557909.8163121522,383.1399958461591,383.0636434133492
464,465,4869034.102470148,4869038.784953796,557909.8163121522,557908.2431709996,383.0636434133492,382.9908268547074
465,466,4869038.784953796,4869044.822624148,557908.2431709996,557906.0845692145,382.9908268547074,382.90291014963697
466,467,4869044.822624148,4869049.475083668,557906.0845692145,557904.5037708689,382.90291014963697,382.8368151445141
467,468,4869049.475083668,4869053.520249645,557904.5037708689,557903.10854708,382.8368151445141,382.77634037856643
468,469,4869053.520249645,4869059.553800015,557903.10854708,557901.0405628924,382.77634037856643,382.69115636066084
469,470,4869059.553800015,4869064.180441312,557901.0405628924,557899.3835917101,382.69115636066084,382.61844679552826
470,471,4869064.180441312,4869067.769614607,557899.3835917101,557898.1801309319,382.61844679552826,382.5563316336377
471,472,4869067.769614607,4869068.8692899225,557898.1801309319,557897.8027544254,382.5563316336377,382.53940607878997
472,473,4869068.8692899225,4869071.724088523,557897.8027544254,557896.8410761408,382.53940607878997,382.4852152250746
473,474,4869071.724088523,4869074.479636266,557896.8410761408,557895.8382402973,382.4852152250746,382.43181196982636
474,475,4869074.479636266,4869079.179627593,557895.8382402973,557894.1615717296,382.43181196982636,382.3449784688799
475,476,4869079.179627593,4869081.801852419,557894.1615717296,557893.2908198663,382.3449784688799,382.288219535408
476,477,4869081.801852419,4869083.783669683,557893.2908198663,557892.5804992677,382.288219535408,382.2359103883964
477,478,4869083.783669683,4869089.429780551,557892.5804992677,557890.563130229,382.2359103883964,382.09624764115273
478,479,4869089.429780551,4869094.07386049,557890.563130229,557888.926661181,382.09624764115273,381.9767611661292
479,480,4869094.07386049,4869095.437631865,557888.926661181,557888.433261983,381.9767611661292,381.94423903827067
480,481,4869095.437631865,4869098.842804178,557888.433261983,557887.2833897457,381.94423903827067,381.8568968501206
481,482,4869098.842804178,4869104.216166541,557887.2833897457,557885.278670952,381.8568968501206,381.69784542239057
482,483,4869104.216166541,4869108.944551809,557885.278670952,557883.6135126759,381.69784542239057,381.558893684985
483,484,4869108.944551809,4869110.306759376,557883.6135126759,557883.1035739153,381.558893684985,381.51443602125096
484,485,4869110.306759376,4869113.511282011,557883.1035739153,557882.0172943169,381.51443602125096,381.4208452582876
485,486,4869113.511282011,4869119.545486486,557882.0172943169,557879.8237307695,381.4208452582876,381.2338358630446
486,487,4869119.545486486,4869123.814300339,557879.8237307695,557878.3283991831,381.2338358630446,381.09771277819675
487,488,4869123.814300339,4869129.886122447,557878.3283991831,557876.1290027134,381.09771277819675,380.89776835200087
488,489,4869129.886122447,4869134.011534821,557876.1290027134,557874.650978466,380.89776835200087,380.7661147175706
489,490,4869134.011534821,4869137.311749438,557874.650978466,557873.4377085302,380.7661147175706,380.64722975505447
490,491,4869137.311749438,4869138.688713258,557873.4377085302,557872.9789439009,380.64722975505447,380.60420649194884
491,492,4869138.688713258,4869144.849368525,557872.9789439009,557870.7792257181,380.60420649194884,380.38812843001165
492,493,4869144.849368525,4869148.907239372,557870.7792257181,557869.3241583394,380.38812843001165,380.25305076935746
493,494,4869148.907239372,4869152.213835054,557869.3241583394,557868.140411036,380.25305076935746,380.1366664679949
494,495,4869152.213835054,4869153.546109195,557868.140411036,557867.6608569091,380.1366664679949,380.09430374134587
495,496,4869153.546109195,4869159.722614066,557867.6608569091,557865.4487826789,380.09430374134587,379.8942543430692
496,497,4869159.722614066,4869163.773936528,557865.4487826789,557864.0074646132,379.8942543430692,379.75810053268486
497,498,4869163.773936528,4869165.733989292,557864.0074646132,557863.2878686761,379.75810053268486,379.7003763080104
498,499,4869165.733989292,4869169.734390422,557863.2878686761,557861.8269547872,379.7003763080104,379.5617557305298
499,500,4869169.734390422,4869174.505754502,557861.8269547872,557860.1481823063,379.5617557305298,379.423285489144
500,501,4869174.505754502,4869179.327303274,557860.1481823063,557858.4047672702,379.423285489144,379.2762035092845
501,502,4869179.327303274,4869184.713362735,557858.4047672702,557856.5393216666,379.2762035092845,379.12379848280887
502,503,4869184.713362735,4869189.317494657,557856.5393216666,557854.8955391305,379.12379848280887,378.98660294998564
503,504,4869189.317494657,4869194.247006919,557854.8955391305,557853.1429630647,378.98660294998564,378.84219505569683
504,505,4869194.247006919,4869199.5089155035,557853.1429630647,557851.250852489,378.84219505569683,378.6915088651313
505,506,4869199.5089155035,4869204.295847336,557851.250852489,557849.5759239534,378.6915088651313,378.5604552179196
506,507,4869204.295847336,4869207.770406755,557849.5759239534,557848.2980429195,378.5604552179196,378.46539946938753
507,508,4869207.770406755,4869209.099958979,557848.2980429195,557847.8436383067,378.46539946938753,378.42571735752
508,509,4869209.099958979,4869214.47224034,557847.8436383067,557845.9636704164,378.42571735752,378.2791911726254
509,510,4869214.47224034,4869219.164306296,557845.9636704164,557844.2936303508,378.2791911726254,378.1475922257747
510,511,4869219.164306296,4869222.0931498455,557844.2936303508,557843.1778131826,378.1475922257747,378.0678653706323
511,512,4869222.0931498455,4869224.186197036,557843.1778131826,557842.4805861689,378.0678653706323,378.01790030311037
512,513,4869224.186197036,4869229.504782153,557842.4805861689,557840.6415879192,378.01790030311037,377.8806377898483
513,514,4869229.504782153,4869234.469409027,557840.6415879192,557838.8329274306,377.8806377898483,377.74840509756393
514,515,4869234.469409027,4869235.693002872,557838.8329274306,557838.4046589952,377.74840509756393,377.71684134165486
515,516,4869235.693002872,4869239.715844189,557838.4046589952,557836.9917901586,377.71684134165486,377.61808486734367
516,517,4869239.715844189,4869244.488248417,557836.9917901586,557835.2761651878,377.61808486734367,377.4941449791838
517,518,4869244.488248417,4869248.612739572,557835.2761651878,557833.8629138228,377.4941449791838,377.3971549648079
518,519,4869248.612739572,4869250.899374148,557833.8629138228,557832.9636540356,377.3971549648079,377.3396654804245
519,520,4869250.899374148,4869253.665904943,557832.9636540356,557831.9736655288,377.3396654804245,377.27200672963903
520,521,4869253.665904943,4869258.630799174,557831.9736655288,557830.2411852102,377.27200672963903,377.15816097910823
521,522,4869258.630799174,4869263.85352057,557830.2411852102,557828.3510986642,377.15816097910823,377.0341975640926
522,523,4869263.85352057,4869269.081850575,557828.3510986642,557826.4971134582,377.0341975640926,376.9060658781334
523,524,4869269.081850575,4869273.951854859,557826.4971134582,557824.737636939,376.9060658781334,376.7936321865444
524,525,4869273.951854859,4869277.513390717,557824.737636939,557823.4761743699,376.7936321865444,376.71990034651964
525,526,4869277.513390717,4869279.05367691,557823.4761743699,557822.9081847126,376.71990034651964,376.6794267493264
526,527,4869279.05367691,4869284.463142732,557822.9081847126,557820.9579975909,376.6794267493264,376.5706392432982
527,528,4869284.463142732,4869289.500402836,557820.9579975909,557819.1354154941,376.5706392432982,376.467983172224
528,529,4869289.500402836,4869292.233515096,557819.1354154941,557818.1308939029,376.467983172224,376.40974562974793
529,530,4869292.233515096,4869293.599230674,557818.1308939029,557817.6099952093,376.40974562974793,376.3864013929114
530,531,4869293.599230674,4869299.938437997,557817.6099952093,557815.3401533919,376.3864013929114,376.26074934305296
531,532,4869299.938437997,4869304.508461443,557815.3401533919,557813.6498423495,376.26074934305296,376.17314755323224
532,533,4869304.508461443,4869305.794463718,557813.6498423495,557813.2119770292,376.17314755323224,376.14012034858143
533,534,4869305.794463718,4869309.790988033,557813.2119770292,557811.7795101798,376.14012034858143,376.0683439342712
534,535,4869309.790988033,4869313.796913673,557811.7795101798,557810.3077968189,376.0683439342712,375.99138839872796
535,536,4869313.796913673,4869319.276788514,557810.3077968189,557808.2727480439,375.99138839872796,375.90397145686916
536,537,4869319.276788514,4869323.696456762,557808.2727480439,557806.6631558042,375.90397145686916,375.82796102129396
537,538,4869323.696456762,4869329.752515674,557806.6631558042,557804.4462042336,375.82796102129396,375.7327623263423
538,539,4869329.752515674,4869332.757164345,557804.4462042336,557803.4095811169,375.7327623263423,375.6862621224359
539,540,4869332.757164345,4869334.201029127,557803.4095811169,557802.8423063838,375.6862621224359,375.66898606475127
540,541,4869334.201029127,4869338.535842585,557802.8423063838,557801.2354934728,375.66898606475127,375.6072490141153
541,542,4869338.535842585,4869344.70701947,557801.2354934728,557798.9902861776,375.6072490141153,375.5359316703289
542,543,4869344.70701947,4869347.437251665,557798.9902861776,557797.998135096,375.5359316703289,375.50649928155076
543,544,4869347.437251665,4869349.044774217,557797.998135096,557797.4093630081,375.50649928155076,375.4888710544975
544,545,4869349.044774217,4869355.036496055,557797.4093630081,557795.220556989,375.4888710544975,375.42342093331104
545,546,4869355.036496055,4869359.494082443,557795.220556989,557793.5871398512,375.42342093331104,375.37890644971986
546,547,4869359.494082443,4869360.892757928,557793.5871398512,557793.0403596672,375.37890644971986,375.3656616193474
547,548,4869360.892757928,4869363.901626718,557793.0403596672,557791.942764373,375.3656616193474,375.3379690308997
548,549,4869363.901626718,4869369.841311343,557791.942764373,557789.6845148815,375.3379690308997,375.28558853705044
549,550,4869369.841311343,4869374.314679887,557789.6845148815,557788.0609926936,375.28558853705044,375.2516051842018
550,551,4869374.314679887,4869378.791984291,557788.0609926936,557786.3989746564,375.2516051842018,375.2163313012399
551,552,4869378.791984291,4869384.63247095,557786.3989746564,557784.1935290874,375.2163313012399,375.1739347270698
552,553,4869384.63247095,4869387.650108907,557784.1935290874,557783.0996400841,375.1739347270698,375.14993489856073
553,554,4869387.650108907,4869389.068703329,557783.0996400841,557782.5708413662,375.14993489856073,375.14413392567815
554,555,4869389.068703329,4869393.509161804,557782.5708413662,557781.0154006486,375.14413392567815,375.11725862733323
555,556,4869393.509161804,4869399.56607545,557781.0154006486,557778.6704017719,375.11725862733323,375.0830837164266
556,557,4869399.56607545,4869400.943701268,557778.6704017719,557778.11533257,375.0830837164266,375.0753228291284
557,558,4869400.943701268,4869403.8540652525,557778.11533257,557777.0965351332,375.0753228291284,375.0565328715234
558,559,4869403.8540652525,4869410.182536018,557777.0965351332,557774.7637230322,375.0565328715234,375.0293966005419
559,560,4869410.182536018,4869414.153776835,557774.7637230322,557773.2022416805,375.0293966005419,375.01531041690737
560,561,4869414.153776835,4869419.580486567,557773.2022416805,557771.214118061,375.01531041690737,375.005256587727
561,562,4869419.580486567,4869424.896885164,557771.214118061,557769.2435358856,375.005256587727,374.9999999999971
562,563,4869424.896885164,4869428.129181161,557769.2435358856,557768.0494901356,374.9999999999971,374.9999999999971
563,564,4869428.129181161,4869431.5052207215,557768.0494901356,557767.6239604389,374.9999999999971,374.9999999999971
564,565,4869431.5052207215,4869436.0,557767.6239604389,557766.245118,374.9999999999971,375.464
566,567,4868494.0,4868496.588191405,559567.0,559562.030014587,394.6700134277344,394.6113845823471
567,568,4868496.588191405,4868498.582121626,559562.030014587,559558.1800917939,394.6113845823471,394.565263097165
568,569,4868498.582121626,4868501.505314997,559558.1800917939,559552.5217890806,394.565263097165,394.5051831511717
569,570,4868501.505314997,4868504.121128474,559552.5217890806,559547.3655654809,394.5051831511717,394.45185868299234
570,571,4868504.121128474,4868506.730529936,559547.3655654809,559542.2583793277,394.45185868299234,394.39922702252613
571,572,4868506.730529936,4868508.572878367,559542.2583793277,559538.6288769927,394.39922702252613,394.3630135040124
572,573,4868508.572878367,4868509.190824508,559538.6288769927,559537.4404247901,394.3630135040124,394.35054480895434
573,574,4868509.190824508,4868511.695474002,559537.4404247901,559532.5273631638,394.35054480895434,394.3012634041159
574,575,4868511.695474002,4868513.86252193,559532.5273631638,559528.407950244,394.3012634041159,394.2602902172337
575,576,4868513.86252193,4868516.8420907715,559528.407950244,559522.5961018654,394.2602902172337,394.20321646200716
576,577,4868516.8420907715,4868518.82874613,559522.5961018654,559518.6933472137,394.20321646200716,394.1650755455855
577,578,4868518.82874613,4868519.418715451,559518.6933472137,559517.5741520806,394.1650755455855,394.1540753197721
578,579,4868519.418715451,4868521.9280269025,559517.5741520806,559512.6807848087,394.1540753197721,394.1064649445152
579,580,4868521.9280269025,4868523.810323107,559512.6807848087,559508.9395202468,394.1064649445152,394.07586431825024
580,581,4868523.810323107,4868524.183057946,559508.9395202468,559508.2257235658,394.07586431825024,394.06928714612945
581,582,4868524.183057946,4868526.989855402,559508.2257235658,559502.7071313161,394.06928714612945,394.0187101771454
582,583,4868526.989855402,4868528.996619522,559502.7071313161,559498.7646836445,394.0187101771454,393.98290923124665
583,584,4868528.996619522,4868529.625041216,559498.7646836445,559497.5642850825,393.98290923124665,393.9719319934621
584,585,4868529.625041216,4868532.031409308,559497.5642850825,559492.910958162,393.9719319934621,393.93093096743723
585,586,4868532.031409308,4868534.01590944,559492.910958162,559489.0303489756,393.93093096743723,393.8942156113381
586,587,4868534.01590944,4868534.418401108,559489.0303489756,559488.2644173094,393.8942156113381,393.8871441194602
587,588,4868534.418401108,4868537.052036403,559488.2644173094,559482.9930726017,393.8871441194602,393.84625589401037
588,589,4868537.052036403,4868538.853324292,559482.9930726017,559479.6075325976,393.84625589401037,393.8191593634842
589,590,4868538.853324292,4868540.157906726,559479.6075325976,559476.9937809929,393.8191593634842,393.7957088625578
590,591,4868540.157906726,4868542.387824111,559476.9937809929,559472.6271852154,393.7957088625578,393.75644207361887
591,592,4868542.387824111,4868543.769673831,559472.6271852154,559469.877407481,393.75644207361887,393.73806951478616
592,593,4868543.769673831,4868545.214515312,559469.877407481,559467.0162051149,393.73806951478616,393.71702496957454
593,594,4868545.214515312,4868547.301506479,559467.0162051149,559463.1107703245,393.71702496957454,393.68437254557506
594,595,4868547.301506479,4868549.272872138,559463.1107703245,559459.1468207656,393.68437254557506,393.6517680144651
595,596,4868549.272872138,4868549.781586876,559459.1468207656,559458.1935539444,393.6517680144651,393.6435846201554
596,597,4868549.781586876,4868552.362079998,559458.1935539444,559453.0712622773,393.6435846201554,393.6072123363857
597,598,4868552.362079998,4868553.511875615,559453.0712622773,559450.844068347,393.6072123363857,393.5909700522228
598,599,4868553.511875615,4868554.780675801,559450.844068347,559448.4412814411,393.5909700522228,393.5719194824694
599,600,4868554.780675801,4868557.427779122,559448.4412814411,559443.165638954,393.5719194824694,393.5298208874611
600,601,4868557.427779122,4868558.586986695,559443.165638954,559440.8783431408,393.5298208874611,393.51053765526575
601,602,4868558.586986695,4868560.5264761485,559440.8783431408,559437.1614341411,393.51053765526575,393.4879213237842
602,603,4868560.5264761485,4868562.705579997,559437.1614341411,559432.7872669699,393.4879213237842,393.4542785739545
603,604,4868562.705579997,4868563.537418034,559432.7872669699,559431.1104769999,393.4542785739545,393.4405002417671
604,605,4868563.537418034,4868565.538218116,559431.1104769999,559427.2866115625,393.4405002417671,393.41237841777746
605,606,4868565.538218116,4868567.747355339,559427.2866115625,559422.9813620609,393.41237841777746,393.3851901063186
606,607,4868567.747355339,4868568.575282443,559422.9813620609,559421.3826415126,393.3851901063186,393.3732396004808
607,608,4868568.575282443,4868570.1848678505,559421.3826415126,559418.1304380147,393.3732396004808,393.3497092115467
608,609,4868570.1848678505,4868572.742344873,559418.1304380147,559413.2440088826,393.3497092115467,393.31602635482074
609,610,4868572.742344873,4868573.906204662,559413.2440088826,559411.0352834286,393.31602635482074,393.2997471908302
610,611,4868573.906204662,4868575.761321558,559411.0352834286,559407.2075408223,393.2997471908302,393.2741026861899
611,612,4868575.761321558,4868577.906773021,559407.2075408223,559403.0475177704,393.2741026861899,393.24453522467064
612,613,4868577.906773021,4868578.697335571,559403.0475177704,559401.5511402396,393.24453522467064,393.23443422936765
613,614,4868578.697335571,4868580.38139208,559401.5511402396,559398.2496963392,393.23443422936765,393.21042028334415
614,615,4868580.38139208,4868582.806757891,559398.2496963392,559393.2659196326,393.21042028334415,393.1815881912157
615,616,4868582.806757891,4868583.929585002,559393.2659196326,559391.195339716,393.1815881912157,393.17027633722444
616,617,4868583.929585002,4868585.870769092,559391.195339716,559387.4655612268,393.17027633722444,393.1445568676633
617,618,4868585.870769092,4868588.069608027,559387.4655612268,559383.1241883633,393.1445568676633,393.11383746861213
618,619,4868588.069608027,4868588.71273139,559383.1241883633,559381.8500333653,393.11383746861213,393.1067601338961
619,620,4868588.71273139,4868590.527489498,559381.8500333653,559378.3394627024,393.1067601338961,393.08320891201623
620,621,4868590.527489498,4868592.98614903,559378.3394627024,559373.4570806896,393.08320891201623,393.0534127238241
621,622,4868592.98614903,4868594.103286778,559373.4570806896,559371.2703156781,393.0534127238241,393.04061715684895
622,623,4868594.103286778,4868596.0882817935,559371.2703156781,559367.5743952353,393.04061715684895,393.0152403861979
623,624,4868596.0882817935,4868598.242877933,559367.5743952353,559363.2043424152,393.0152403861979,392.9894684561854
624,625,4868598.242877933,4868598.885933515,559363.2043424152,559361.9544910148,392.9894684561854,392.98218563599755
625,626,4868598.885933515,4868600.72691899,559361.9544910148,559358.316367313,392.98218563599755,392.95899715484035
626,627,4868600.72691899,4868603.177402139,559358.316367313,559353.4349736746,392.95899715484035,392.9303603786203
627,628,4868603.177402139,4868603.663093569,559353.4349736746,559352.5458875527,392.9303603786203,392.92545336006646
628,629,4868603.663093569,4868606.235612658,559352.5458875527,559347.4231104605,392.92545336006646,392.894567224838
629,630,4868606.235612658,4868608.577321358,559347.4231104605,559343.0504695232,392.894567224838,392.8697721843981
630,631,4868608.577321358,4868611.03825982,559343.0504695232,559338.1398688812,392.8697721843981,392.84253444541275
631,632,4868611.03825982,4868613.468662454,559338.1398688812,559333.3857902917,392.84253444541275,392.8120759675716
632,633,4868613.468662454,4868614.027015761,559333.3857902917,559332.3367087741,392.8120759675716,392.8064572439872
633,634,4868614.027015761,4868616.373630892,559332.3367087741,559327.5975464707,392.8064572439872,392.78234117902497
634,635,4868616.373630892,4868618.638647639,559327.5975464707,559323.2423652837,392.78234117902497,392.75545762646607
635,636,4868618.638647639,4868621.630418595,559323.2423652837,559317.4019867834,392.75545762646607,392.7234427951025
636,637,4868621.630418595,4868623.502619561,559317.4019867834,559313.7270957739,392.7234427951025,392.7025976812093
637,638,4868623.502619561,4868623.929818374,559313.7270957739,559312.9417176002,392.7025976812093,392.6981050661225
638,639,4868623.929818374,4868626.490693677,559312.9417176002,559307.9059097229,392.6981050661225,392.6725010879134
639,640,4868626.490693677,4868628.713129531,559307.9059097229,559303.415923301,392.6725010879134,392.65012845838817
640,641,4868628.713129531,4868631.7449942045,559303.415923301,559297.4548529822,392.65012845838817,392.6150365295864
641,642,4868631.7449942045,4868633.58321611,559297.4548529822,559293.7638202154,392.6150365295864,392.5997967636087
642,643,4868633.58321611,4868634.0236267205,559293.7638202154,559292.9932936138,392.5997967636087,392.59488251218886
643,644,4868634.0236267205,4868636.55272231,559292.9932936138,559287.9412424642,392.59488251218886,392.5670952920024
644,645,4868636.55272231,4868638.833035518,559287.9412424642,559283.5292712972,392.5670952920024,392.5454323706302
645,646,4868638.833035518,4868639.399219244,559283.5292712972,559282.5507138524,392.5454323706302,392.5393023745536
646,647,4868639.399219244,4868641.783893447,559282.5507138524,559277.6819675671,392.5393023745536,392.51351686105323
647,648,4868641.783893447,4868644.010975877,559277.6819675671,559273.4220208991,392.51351686105323,392.4937107668906
648,649,4868644.010975877,4868646.9489006,559273.4220208991,559267.5514609953,392.4937107668906,392.46320585549336
649,650,4868646.9489006,4868648.835318643,559267.5514609953,559263.8865801761,392.46320585549336,392.4480164935839
650,651,4868648.835318643,4868649.277846074,559263.8865801761,559263.1284708935,392.4480164935839,392.4431250404692
651,652,4868649.277846074,4868651.653855608,559263.1284708935,559258.4327955008,392.4431250404692,392.41960712946894
652,653,4868651.653855608,4868653.941661079,559258.4327955008,559253.7206039235,392.41960712946894,392.39766513667496
653,654,4868653.941661079,4868654.539268757,559253.7206039235,559252.7778350686,392.39766513667496,392.3923082570355
654,655,4868654.539268757,4868656.961699666,559252.7778350686,559247.9089863705,392.3923082570355,392.36702519491485
655,656,4868656.961699666,4868658.587437947,559247.9089863705,559244.8174885598,392.36702519491485,392.3522957262585
656,657,4868658.587437947,4868659.753901625,559244.8174885598,559242.6748501874,392.3522957262585,392.3420465083401
657,658,4868659.753901625,4868662.059353459,559242.6748501874,559237.9207018133,392.3420465083401,392.31971675949086
658,659,4868662.059353459,4868663.772020142,559237.9207018133,559234.6425966538,392.31971675949086,392.3040040718594
659,660,4868663.772020142,4868664.908357398,559234.6425966538,559232.5456316547,392.3040040718594,392.29513862449875
660,661,4868664.908357398,4868667.206980027,559232.5456316547,559227.8283867446,392.29513862449875,392.27334929255477
661,662,4868667.206980027,4868668.885849534,559227.8283867446,559224.5930536067,392.27334929255477,392.25814476980963
662,663,4868668.885849534,4868670.229540537,559224.5930536067,559222.0279510767,392.25814476980963,392.24868584986496
663,664,4868670.229540537,4868672.373493336,559222.0279510767,559217.6885795224,392.24868584986496,392.2281790139275
664,665,4868672.373493336,4868673.568524571,559217.6885795224,559215.4264989916,392.2281790139275,392.2180177511275
665,666,4868673.568524571,4868674.735701339,559215.4264989916,559213.1336062517,392.2180177511275,392.2063416868335
666,667,4868674.735701339,4868677.507866931,559213.1336062517,559207.5550591224,392.2063416868335,392.1835589852979
667,668,4868677.507866931,4868678.833184193,559207.5550591224,559205.0238256495,392.1835589852979,392.17193200848504
668,669,4868678.833184193,4868679.995008337,559205.0238256495,559202.816348807,392.17193200848504,392.1596771139636
669,670,4868679.995008337,4868682.474546331,559202.816348807,559197.9579881632,392.1596771139636,392.13843128057414
670,671,4868682.474546331,4868683.55358777,559197.9579881632,559195.7607801186,392.13843128057414,392.1315754099254
671,672,4868683.55358777,4868685.4419352515,559195.7607801186,559192.0877284672,392.1315754099254,392.1141022700284
672,673,4868685.4419352515,4868687.655773258,559192.0877284672,559187.8253045483,392.1141022700284,392.0949082723581
673,674,4868687.655773258,4868688.72524185,559187.8253045483,559185.628895865,392.0949082723581,392.08855934932063
674,675,4868688.72524185,4868689.930170358,559185.628895865,559183.3150960115,392.08855934932063,392.07626680988955
675,676,4868689.930170358,4868692.789831019,559183.3150960115,559177.7651061448,392.07626680988955,392.05263035945455
676,677,4868692.789831019,4868693.880555845,559177.7651061448,559175.518156893,392.05263035945455,392.0473601164019
677,678,4868693.880555845,4868695.152892373,559175.518156893,559173.0849963771,392.0473601164019,392.0341798755148
678,679,4868695.152892373,4868697.620438085,559173.0849963771,559168.2351394624,392.0341798755148,392.01429695211965
679,680,4868697.620438085,4868698.689522023,559168.2351394624,559166.0238220756,392.01429695211965,392.0088916741873
680,681,4868698.689522023,4868700.300766269,559166.0238220756,559162.9505967217,392.0088916741873,391.9938827717434
681,682,4868700.300766269,4868702.786069029,559162.9505967217,559158.1094893621,391.9938827717434,391.9747627088511
682,683,4868702.786069029,4868703.897745259,559158.1094893621,559155.9284480243,391.9747627088511,391.9673526561332
683,684,4868703.897745259,4868705.817843104,559155.9284480243,559152.2737717816,391.9673526561332,391.94998882124935
684,685,4868705.817843104,4868707.994001064,559152.2737717816,559147.9716871561,391.94998882124935,391.93457978037077
685,686,4868707.994001064,4868709.086974752,559147.9716871561,559145.8135611333,391.93457978037077,391.92758087280924
686,687,4868709.086974752,4868710.330267806,559145.8135611333,559143.4581638038,391.92758087280924,391.91585417891724
687,688,4868710.330267806,4868713.145502501,559143.4581638038,559137.7790135116,391.91585417891724,391.89373080162216
688,689,4868713.145502501,4868713.867096069,559137.7790135116,559136.2827206276,391.89373080162216,391.8898586563603
689,690,4868713.867096069,4868715.573144906,559136.2827206276,559133.1870584522,391.8898586563603,391.87561900060007
690,691,4868715.573144906,4868717.916440567,559133.1870584522,559128.3370630994,391.87561900060007,391.85781630822584
691,692,4868717.916440567,4868719.049040398,559128.3370630994,559126.1362269744,391.85781630822584,391.85209894840466
692,693,4868719.049040398,4868720.933664573,559126.1362269744,559122.6198618574,391.85209894840466,391.83644707869564
693,694,4868720.933664573,4868723.125675571,559122.6198618574,559118.1197323404,391.83644707869564,391.81988711941
694,695,4868723.125675571,4868723.629157102,559118.1197323404,559117.1306467057,391.81988711941,391.8174332040601
695,696,4868723.629157102,4868726.188689413,559117.1306467057,559112.314411474,391.8174332040601,391.7990913034273
696,697,4868726.188689413,4868728.279271593,559112.314411474,559108.0011958026,391.7990913034273,391.78373105331434
697,698,4868728.279271593,4868728.963206751,559108.0011958026,559106.5617671345,391.78373105331434,391.78070302835937
698,699,4868728.963206751,4868730.7258379655,559106.5617671345,559103.4076179579,391.78070302835937,391.7671638911248
699,700,4868730.7258379655,4868733.173335931,559103.4076179579,559098.4652066538,391.7671638911248,391.748998708785
700,701,4868733.173335931,4868733.675787171,559098.4652066538,559097.5654474454,391.748998708785,391.74598352350745
701,702,4868733.675787171,4868736.004438618,559097.5654474454,559093.1045517472,391.74598352350745,391.7308943850485
702,703,4868736.004438618,4868738.417360974,559093.1045517472,559088.25809337,391.7308943850485,391.71283434504824
703,704,4868738.417360974,4868738.936805895,559088.25809337,559087.2917328898,391.71283434504824,391.7099192456466
704,705,4868738.936805895,4868741.391235531,559087.2917328898,559082.5578798857,391.7099192456466,391.69505741525757
705,706,4868741.391235531,4868743.540696171,559082.5578798857,559078.2458700733,391.69505741525757,391.6791874291873
706,707,4868743.540696171,4868746.541402251,559078.2458700733,559072.4881726721,391.6791874291873,391.6610530527362
707,708,4868746.541402251,4868748.741495939,559072.4881726721,559068.0877822422,391.6610530527362,391.6455699666018
708,709,4868748.741495939,4868751.748093604,559068.0877822422,559062.3128669764,391.6455699666018,391.62822572552
709,710,4868751.748093604,4868753.5323423,559062.3128669764,559058.6471570851,391.62822572552,391.6150276908972
710,711,4868753.5323423,4868754.032974507,559058.6471570851,559057.7545687509,391.6150276908972,391.612275571029
711,712,4868754.032974507,4868756.352183112,559057.7545687509,559053.278492584,391.612275571029,391.5989861947036
712,713,4868756.352183112,4868758.761727672,559053.278492584,559048.4283036626,391.5989861947036,391.58251163416196
713,714,4868758.761727672,4868761.724218479,559048.4283036626,559042.7257455379,391.58251163416196,391.5666746319078
714,715,4868761.724218479,4868763.984843228,559042.7257455379,559038.2147711624,391.5666746319078,391.5515310859909
715,716,4868763.984843228,4868767.097133792,559038.2147711624,559032.368340533,391.5515310859909,391.53330377717845
716,717,4868767.097133792,4868768.885859705,559032.368340533,559028.6518645295,391.53330377717845,391.5216828440671
717,718,4868768.885859705,4868769.392939229,559028.6518645295,559027.7289985314,391.5216828440671,391.5186603134029
718,719,4868769.392939229,4868771.967591162,559027.7289985314,559022.8497225071,391.5186603134029,391.5044571791993
719,720,4868771.967591162,4868773.601128155,559022.8497225071,559019.5501214861,391.5044571791993,391.4952914915866
720,721,4868773.601128155,4868774.143614541,559019.5501214861,559018.4318676268,391.4952914915866,391.4904984007146
721,722,4868774.143614541,4868777.228192494,559018.4318676268,559012.6208089204,391.4904984007146,391.47373289222105
722,723,4868777.228192494,4868778.868538324,559012.6208089204,559009.1931768138,391.47373289222105,391.4641750371738
723,724,4868778.868538324,4868779.401680387,559009.1931768138,559008.2773053959,391.4641750371738,391.45901817106187
724,725,4868779.401680387,4868782.342596484,559008.2773053959,559002.598395377,391.45901817106187,391.4429758011336
725,726,4868782.342596484,4868783.511044374,559002.598395377,559000.3696178575,391.4429758011336,391.43797912242565
726,727,4868783.511044374,4868784.637204678,559000.3696178575,558998.0772036779,391.43797912242565,391.42759568993483
727,728,4868784.637204678,4868787.188550558,558998.0772036779,558993.0326145764,391.42759568993483,391.4141661381908
728,729,4868787.188550558,4868788.789369042,558993.0326145764,558989.9673814705,391.4141661381908,391.4067574063643
729,730,4868788.789369042,4868789.905242759,558989.9673814705,558987.7788067275,391.4067574063643,391.39740939985796
730,731,4868789.905242759,4868792.32360286,558987.7788067275,558982.9859682192,391.39740939985796,391.3858494990451
731,732,4868792.32360286,4868793.570129081,558982.9859682192,558980.7211110116,391.3858494990451,391.3806651943707
732,733,4868793.570129081,4868795.099709077,558980.7211110116,558977.5932127968,391.3806651943707,391.3691559980254
733,734,4868795.099709077,4868797.603700913,558977.5932127968,558972.7281233591,391.3691559980254,391.35781095036975
734,735,4868797.603700913,4868798.769536009,558972.7281233591,558970.5057698209,391.35781095036975,391.35325992872276
735,736,4868798.769536009,4868799.902868769,558970.5057698209,558968.193376274,391.35325992872276,391.3435693870094
736,737,4868799.902868769,4868802.40430094,558968.193376274,558963.2278676996,391.3435693870094,391.3315992288911
737,738,4868802.40430094,4868803.60428851,558963.2278676996,558961.0393174819,391.3315992288911,391.3273764134177
738,739,4868803.60428851,4868805.211749222,558961.0393174819,558957.9351155204,391.3273764134177,391.3144881706865
739,740,4868805.211749222,4868807.7102957945,558957.9351155204,558952.9890909905,391.3144881706865,391.30407021100103
740,741,4868807.7102957945,4868808.8235790655,558952.9890909905,558950.8294199884,391.30407021100103,391.29567327122345
741,742,4868808.8235790655,4868810.705301355,558950.8294199884,558947.21848218,391.29567327122345,391.28649064843967
742,743,4868810.705301355,4868812.938843419,558947.21848218,558942.8947212541,391.28649064843967,391.27620424711245
743,744,4868812.938843419,4868813.534384119,558942.8947212541,558941.825233629,391.27620424711245,391.26949451542595
744,745,4868813.534384119,4868815.3430119,558941.825233629,558938.271899022,391.26949451542595,391.2609834819772
745,746,4868815.3430119,4868817.75744886,558938.271899022,558933.3055230668,391.2609834819772,391.24720772966873
746,747,4868817.75744886,4868818.926151195,558933.3055230668,558931.2023918643,391.24720772966873,391.2381570955049
747,748,4868818.926151195,4868820.640630611,558931.2023918643,558927.8856746843,391.2381570955049,391.2317196105597
748,749,4868820.640630611,4868823.029711318,558927.8856746843,558923.098607616,391.2317196105597,391.21906683620676
749,750,4868823.029711318,4868823.582429656,558923.098607616,558922.1907712189,391.21906683620676,391.21418114767823
750,751,4868823.582429656,4868826.004576158,558922.1907712189,558917.3741819024,391.21418114767823,391.2042384016538
751,752,4868826.004576158,4868828.203505225,558917.3741819024,558913.0250748512,391.2042384016538,391.19244612053984
752,753,4868828.203505225,4868828.800609368,558913.0250748512,558911.9527166848,391.19244612053984,391.18746785660716
753,754,4868828.800609368,4868830.600367382,558911.9527166848,558908.4259488924,391.18746785660716,391.18024825484076
754,755,4868830.600367382,4868833.034124479,558908.4259488924,558903.4529399725,391.18024825484076,391.16859969003974
755,756,4868833.034124479,4868833.529674065,558903.4529399725,558902.7275066536,391.16859969003974,391.16595817002695
756,757,4868833.529674065,4868835.916360894,558902.7275066536,558898.0218260332,391.16595817002695,391.154669531523
757,758,4868835.916360894,4868838.350972537,558898.0218260332,558893.1816419043,391.154669531523,391.142630932419
758,759,4868838.350972537,4868838.890153976,558893.1816419043,558892.2499554127,391.142630932419,391.13864249087857
759,760,4868838.890153976,4868841.35962806,558892.2499554127,558887.3556223183,391.13864249087857,391.1292119720779
760,761,4868841.35962806,4868843.554505641,558887.3556223183,558883.1208026203,391.1292119720779,391.11617552984706
761,762,4868843.554505641,4868845.9273688495,558883.1208026203,558878.4811146772,391.11617552984706,391.10537154107766
762,763,4868845.9273688495,4868848.877665532,558878.4811146772,558872.9058303596,391.10537154107766,391.0892647257094
763,764,4868848.877665532,4868851.106273742,558872.9058303596,558868.3577633632,391.0892647257094,391.07666272525074
764,765,4868851.106273742,4868853.680006755,558868.3577633632,558863.4697889903,391.07666272525074,391.06515402238654
765,766,4868853.680006755,4868856.557218114,558863.4697889903,558857.6692834045,391.06515402238654,391.04960254222993
766,767,4868856.557218114,4868858.922478498,558857.6692834045,558853.3019780046,391.04960254222993,391.04034778392656
767,768,4868858.922478498,4868861.864149047,558853.3019780046,558847.3956350893,391.04034778392656,391.02364561860725
768,769,4868861.864149047,4868863.732902095,558847.3956350893,558843.8232011546,391.02364561860725,391.01730076789084
769,770,4868863.732902095,4868864.192370399,558843.8232011546,558843.0695339993,391.01730076789084,391.0153429302055
770,771,4868864.192370399,4868867.090717039,558843.0695339993,558837.3160534767,391.0153429302055,390.9975674544334
771,772,4868867.090717039,4868869.0125819845,558837.3160534767,558833.6374307962,390.9975674544334,390.993184461708
772,773,4868869.0125819845,4868869.518485562,558833.6374307962,558832.7423862106,390.993184461708,390.99027179989
773,774,4868869.518485562,4868871.926733628,558832.7423862106,558827.8670000636,390.99027179989,390.97611397572854
774,775,4868871.926733628,4868873.588974739,558827.8670000636,558824.6758228715,390.97611397572854,390.97111299192545
775,776,4868873.588974739,4868874.263666335,558824.6758228715,558823.4675346761,390.97111299192545,390.970053749482
776,777,4868874.263666335,4868877.261700379,558823.4675346761,558817.5181705183,390.970053749482,390.95312308488985
777,778,4868877.261700379,4868879.0846331585,558817.5181705183,558813.8977432876,390.95312308488985,390.9450034202732
778,779,4868879.0846331585,4868879.609983172,558813.8977432876,558813.020145104,390.9450034202732,390.94345086618165
779,780,4868879.609983172,4868882.104668864,558813.020145104,558807.9655376514,390.94345086618165,390.9291762247873
780,781,4868882.104668864,4868883.748918042,558807.9655376514,558804.7793740018,390.9291762247873,390.92309629069047
781,782,4868883.748918042,4868884.961839972,558804.7793740018,558802.5249852294,390.92309629069047,390.9187308406952
782,783,4868884.961839972,4868887.325300364,558802.5249852294,558797.7578675435,390.9187308406952,390.90565795171364
783,784,4868887.325300364,4868888.506872975,558797.7578675435,558795.5478668357,390.90565795171364,390.90096140819213
784,785,4868888.506872975,4868889.6834723195,558795.5478668357,558793.411321731,390.90096140819213,390.89406738364846
785,786,4868889.6834723195,4868892.5816610465,558793.411321731,558787.560512776,390.89406738364846,390.8820346712986
786,787,4868892.5816610465,4868893.765139193,558787.560512776,558785.3352548567,390.8820346712986,390.87753069036586
787,788,4868893.765139193,4868895.068888974,558785.3352548567,558782.9353537614,390.87753069036586,390.870978716858
788,789,4868895.068888974,4868897.435106732,558782.9353537614,558778.0397895619,390.870978716858,390.86178530375867
789,790,4868897.435106732,4868898.614015229,558778.0397895619,558775.8248558576,390.86178530375867,390.85845758918674
790,791,4868898.614015229,4868900.299024828,558775.8248558576,558772.7055920971,390.85845758918674,390.8500749031811
791,792,4868900.299024828,4868902.640794505,558772.7055920971,558767.917331436,390.8500749031811,390.840869506587
792,793,4868902.640794505,4868903.819223991,558767.917331436,558765.7035963052,390.840869506587,390.8367671309599
793,794,4868903.819223991,4868905.629904582,558765.7035963052,558762.189961377,390.8367671309599,390.82525704472687
794,795,4868905.629904582,4868907.973394745,558762.189961377,558757.7609494228,390.82525704472687,390.8128519687538
795,796,4868907.973394745,4868908.654479639,558757.7609494228,558756.4145371219,390.8128519687538,390.81085046678425
796,797,4868908.654479639,4868910.326980564,558756.4145371219,558753.1886784225,390.81085046678425,390.8027601570073
797,798,4868910.326980564,4868912.793936434,558753.1886784225,558748.3698104392,390.8027601570073,390.79150204660897
798,799,4868912.793936434,4868914.037652958,558748.3698104392,558746.0276460316,390.79150204660897,390.78853485952413
799,800,4868914.037652958,4868915.752245214,558746.0276460316,558742.6051634564,390.78853485952413,390.7806948474733
800,801,4868915.752245214,4868918.174893753,558742.6051634564,558737.9753676084,390.7806948474733,390.7702141050868
801,802,4868918.174893753,4868918.7198734265,558737.9753676084,558736.9544938116,390.7702141050868,390.76851515395435
802,803,4868918.7198734265,4868921.119433403,558736.9544938116,558732.2069188375,390.76851515395435,390.75984439944875
803,804,4868921.119433403,4868923.40207638,558732.2069188375,558727.8501554064,390.75984439944875,390.74856109921683
804,805,4868923.40207638,4868924.147994881,558727.8501554064,558726.3826726931,390.74856109921683,390.7484361070126
805,806,4868924.147994881,4868925.750230528,558726.3826726931,558723.3819204007,390.7484361070126,390.73630662203414
806,807,4868925.750230528,4868928.18735772,558723.3819204007,558718.4320928187,390.73630662203414,390.7258960117803
807,808,4868928.18735772,4868928.657351349,558718.4320928187,558717.6356172949,390.7258960117803,390.7244213279332
808,809,4868928.657351349,4868931.021366832,558717.6356172949,558713.0668176593,390.7244213279332,390.71416861283376
809,810,4868931.021366832,4868933.506007108,558713.0668176593,558708.1425336981,390.71416861283376,390.70302926849297
810,811,4868933.506007108,4868936.494651007,558708.1425336981,558702.4006969652,390.70302926849297,390.69370707359604
811,812,4868936.494651007,4868938.728597873,558702.4006969652,558698.0125186092,390.69370707359604,390.68296909172153
812,813,4868938.728597873,4868941.109309221,558698.0125186092,558693.4728498465,390.68296909172153,390.6749533301596
813,814,4868941.109309221,4868943.520919964,558693.4728498465,558688.6077274162,390.6749533301596,390.66649089273653
814,815,4868943.520919964,4868943.979748732,558688.6077274162,558687.8823859779,390.66649089273653,390.66345246155316
815,816,4868943.979748732,4868946.276901875,558687.8823859779,558683.4024901675,390.66345246155316,390.6541433368117
816,817,4868946.276901875,4868948.850793669,558683.4024901675,558678.3364907802,390.6541433368117,390.64509797241465
817,818,4868948.850793669,4868951.798926954,558678.3364907802,558672.5547507892,390.64509797241465,390.62940983597
818,819,4868951.798926954,4868954.043790691,558672.5547507892,558668.2617904609,390.62940983597,390.62400868078277
819,820,4868954.043790691,4868956.906674229,558668.2617904609,558662.6091226791,390.62400868078277,390.61033282853253
820,821,4868956.906674229,4868958.568736428,558662.6091226791,558659.4264181162,390.61033282853253,390.60525690895577
821,822,4868958.568736428,4868959.151550241,558659.4264181162,558658.3153967172,390.60525690895577,390.60511712905776
822,823,4868959.151550241,4868962.016163247,558658.3153967172,558652.6644607045,390.60511712905776,390.59235639063314
823,824,4868962.016163247,4868963.721711744,558652.6644607045,558649.5031840446,390.59235639063314,390.58303673120895
824,825,4868963.721711744,4868964.331585917,558649.5031840446,558648.3147587725,390.58303673120895,390.5824998122782
825,826,4868964.331585917,4868967.256185009,558648.3147587725,558642.4725002762,390.5824998122782,390.5673079259566
826,827,4868967.256185009,4868969.064454037,558642.4725002762,558638.9263404126,390.5673079259566,390.5601100560026
827,828,4868969.064454037,4868969.516417669,558638.9263404126,558638.1464011371,390.5601100560026,390.5586140939763
828,829,4868969.516417669,4868971.90631305,558638.1464011371,558633.4802338108,390.5586140939763,390.55201698801125
829,830,4868971.90631305,4868973.704134618,558633.4802338108,558630.0580966348,390.55201698801125,390.54262044107287
830,831,4868973.704134618,4868974.855869182,558630.0580966348,558627.7650668303,390.54262044107287,390.5396783299481
831,832,4868974.855869182,4868977.272466351,558627.7650668303,558623.0900632766,390.5396783299481,390.53302889117026
832,833,4868977.272466351,4868978.974004792,558623.0900632766,558620.0115852394,390.53302889117026,390.5257745019079
833,834,4868978.974004792,4868980.057931764,558620.0115852394,558617.7309977335,390.5257745019079,390.52088536321196
834,835,4868980.057931764,4868982.58416087,558617.7309977335,558612.937941247,390.52088536321196,390.5105006423196
835,836,4868982.58416087,4868983.767368944,558612.937941247,558610.7321020169,390.5105006423196,390.5083106909866
836,837,4868983.767368944,4868985.263339329,558610.7321020169,558607.631366201,390.5083106909866,390.497624572541
837,838,4868985.263339329,4868987.745004887,558607.631366201,558602.9440416199,390.497624572541,390.48905731140076
838,839,4868987.745004887,4868988.897454505,558602.9440416199,558600.7970196602,390.48905731140076,390.4884811330089
839,840,4868988.897454505,4868990.39954908,558600.7970196602,558597.6967293205,390.4884811330089,390.47904626286294
840,841,4868990.39954908,4868992.870897837,558597.6967293205,558593.0236735384,390.47904626286294,390.4714109559226
841,842,4868992.870897837,4868994.030594093,558593.0236735384,558590.8630553355,390.4714109559226,390.4709132225643
842,843,4868994.030594093,4868995.595814763,558590.8630553355,558587.7586980525,390.4709132225643,390.4575578971794
843,844,4868995.595814763,4868998.134415182,558587.7586980525,558582.915965502,390.4575578971794,390.45282749071276
844,845,4868998.134415182,4868998.646098565,558582.915965502,558581.965506316,390.45282749071276,390.4518817018428
845,846,4868998.646098565,4869001.074359626,558581.965506316,558577.1618959663,390.4518817018428,390.44294409187466
846,847,4869001.074359626,4869003.268289901,558577.1618959663,558572.9350053831,390.44294409187466,390.431832090062
847,848,4869003.268289901,4869003.758949837,558572.9350053831,558572.0189120173,390.431832090062,390.4302035247952
848,849,4869003.758949837,4869006.192406273,558572.0189120173,558567.2289932292,390.4302035247952,390.42431369236334
849,850,4869006.192406273,4869008.397322379,558567.2289932292,558562.9995004685,390.42431369236334,390.4145946274018
850,851,4869008.397322379,4869008.887312201,558562.9995004685,558562.0860583102,390.4145946274018,390.4130810195403
851,852,4869008.887312201,4869011.261713338,558562.0860583102,558557.530124592,390.4130810195403,390.40812407553744
852,853,4869011.261713338,4869013.569816135,558557.530124592,558553.1399622927,390.40812407553744,390.3945511726736
853,854,4869013.569816135,4869016.511605196,558553.1399622927,558547.3912860515,390.3945511726736,390.38685788172705
854,855,4869016.511605196,4869018.738458132,558547.3912860515,558543.1753525827,390.38685788172705,390.3789451550691
855,856,4869018.738458132,4869021.641034461,558543.1753525827,558537.4753794108,390.3789451550691,390.36882686268234
856,857,4869021.641034461,4869023.87287361,558537.4753794108,558533.2428833678,390.36882686268234,390.36142742452375
857,858,4869023.87287361,4869026.866540364,558533.2428833678,558527.4683969324,390.36142742452375,390.34690695799304
858,859,4869026.866540364,4869028.553776385,558527.4683969324,558524.247066577,390.34690695799304,390.34419373441006
859,860,4869028.553776385,4869029.124593587,558524.247066577,558523.1567328228,390.34419373441006,390.3439913577829
860,861,4869029.124593587,4869032.115161114,558523.1567328228,558517.3479009517,390.3439913577829,390.32664648114786
861,862,4869032.115161114,4869033.820170928,558517.3479009517,558513.9678899334,390.32664648114786,390.3246288214494
862,863,4869033.820170928,4869034.376456723,558513.9678899334,558512.9918959684,390.3246288214494,390.3227922492116
863,864,4869034.376456723,4869037.259726714,558512.9918959684,558507.4054227453,390.3227922492116,390.3105981995875
864,865,4869037.259726714,4869039.054940473,558507.4054227453,558503.8607113408,390.3105981995875,390.30051148042435
865,866,4869039.054940473,4869039.566606069,558503.8607113408,558503.003692042,390.30051148042435,390.29512656667504
866,867,4869039.566606069,4869042.415235189,558503.003692042,558497.50207846,390.29512656667504,390.2634376346853
867,868,4869042.415235189,4869043.514717424,558497.50207846,558495.4044462718,390.2634376346853,390.2511420682275
868,869,4869043.514717424,4869044.677090039,558495.4044462718,558493.1569103284,390.2511420682275,390.22504789103624
869,870,4869044.677090039,4869047.588576915,558493.1569103284,558487.5991398321,390.22504789103624,390.1692664447179
870,871,4869047.588576915,4869048.70614099,558487.5991398321,558485.4948178233,390.1692664447179,390.14375358974246
871,872,4869048.70614099,4869049.896558339,558485.4948178233,558483.2200592178,390.14375358974246,390.11108710076076
872,873,4869049.896558339,4869052.90482619,558483.2200592178,558477.4973051994,390.11108710076076,390.03194693188914
873,874,4869052.90482619,4869053.648319703,558477.4973051994,558476.0852595239,390.03194693188914,390.0041459273624
874,875,4869053.648319703,4869055.447860728,558476.0852595239,558472.8719600886,390.0041459273624,389.954389411987
875,876,4869055.447860728,4869058.0325215245,558472.8719600886,558467.8527712285,389.954389411987,389.8675102505354
876,877,4869058.0325215245,4869058.565085399,558467.8527712285,558466.8769520397,389.8675102505354,389.8479466844279
877,878,4869058.565085399,4869060.501983405,558466.8769520397,558463.3647742607,389.8479466844279,389.7840291306173
878,879,4869060.501983405,4869063.098094373,558463.3647742607,558458.3607858492,389.7840291306173,389.6907177558955
879,880,4869063.098094373,4869063.598331437,558458.3607858492,558457.4570842773,389.6907177558955,389.67518784830395
880,881,4869063.598331437,4869066.213043676,558457.4570842773,558452.5237689727,389.67518784830395,389.5784789867007
881,882,4869066.213043676,4869068.524014599,558452.5237689727,558448.1242163446,389.5784789867007,389.49264693807754
882,883,4869068.524014599,4869071.717686595,558448.1242163446,558442.1815665364,389.49264693807754,389.36631806596733
883,884,4869071.717686595,4869074.051051326,558442.1815665364,558437.7666604604,389.36631806596733,389.2829289458216
884,885,4869074.051051326,4869076.43566583,558437.7666604604,558433.1753440171,389.2829289458216,389.18896503334616
885,886,4869076.43566583,4869079.0172456335,558433.1753440171,558428.4036028556,389.18896503334616,389.0922380428065
886,887,4869079.0172456335,4869082.169880721,558428.4036028556,558422.423658166,389.0922380428065,388.9764721737604
887,888,4869082.169880721,4869083.911658897,558422.423658166,558419.1077731953,388.9764721737604,388.91187487938885
888,889,4869083.911658897,4869084.411913438,558419.1077731953,558418.2286231953,388.91187487938885,388.8925853556266
889,890,4869084.411913438,4869086.934483556,558418.2286231953,558413.404681961,388.8925853556266,388.80405157061927
890,891,4869086.934483556,4869088.686069639,558413.404681961,558410.1386208647,388.80405157061927,388.7403086654354
891,892,4869088.686069639,4869089.9416227415,558410.1386208647,558407.7371638701,388.7403086654354,388.69705248005636
892,893,4869089.9416227415,4869092.512576887,558407.7371638701,558402.9903211705,388.69705248005636,388.6014688839704
893,894,4869092.512576887,4869093.644282097,558402.9903211705,558400.7906977892,388.6014688839704,388.5657567908226
894,895,4869093.644282097,4869095.654837429,558400.7906977892,558397.0608715793,388.5657567908226,388.49495403734437
895,896,4869095.654837429,4869097.9441638915,558397.0608715793,558392.7844193204,388.49495403734437,388.4163527104532
896,897,4869097.9441638915,4869099.013414201,558392.7844193204,558390.6931198812,388.4163527104532,388.37429710124866
897,898,4869099.013414201,4869100.200722323,558390.6931198812,558388.4636153453,388.37429710124866,388.33268559619427
898,899,4869100.200722323,4869103.300971365,558388.4636153453,558382.7659765735,388.33268559619427,388.2257591381748
899,900,4869103.300971365,4869104.050008908,558382.7659765735,558381.2956434652,388.2257591381748,388.20209864356525
900,901,4869104.050008908,4869105.672319719,558381.2956434652,558378.3417995431,388.20209864356525,388.15607680700066
901,902,4869105.672319719,4869108.264292442,558378.3417995431,558373.3801169336,388.15607680700066,388.0808822807016
902,903,4869108.264292442,4869108.688026704,558373.3801169336,558372.5149994006,388.0808822807016,388.0677644485246
903,904,4869108.688026704,4869111.335257421,558372.5149994006,558367.6517225544,388.0677644485246,388.0020934459282
904,905,4869111.335257421,4869113.633998029,558367.6517225544,558363.147527951,388.0020934459282,387.9446357201612
905,906,4869113.633998029,4869116.684235144,558363.147527951,558357.4446104631,387.9446357201612,387.87026821902987
906,907,4869116.684235144,4869118.886640536,558357.4446104631,558353.1271194379,387.87026821902987,387.8159814775819
907,908,4869118.886640536,4869121.36018794,558353.1271194379,558348.4951154363,387.8159814775819,387.75937923823625
908,909,4869121.36018794,4869123.899858938,558348.4951154363,558343.5829929251,387.75937923823625,387.69905927772663
909,910,4869123.899858938,4869124.322910059,558343.5829929251,558342.8661127277,387.69905927772663,387.6885184275451
910,911,4869124.322910059,4869126.698838035,558342.8661127277,558338.3317567307,387.6885184275451,387.63885281048397
911,912,4869126.698838035,4869128.556500236,558338.3317567307,558334.7357234327,387.63885281048397,387.5969649586761
912,913,4869128.556500236,4869129.23139624,558334.7357234327,558333.4627093564,387.5969649586761,387.58216171928655
913,914,4869129.23139624,4869132.261696496,558333.4627093564,558327.737172186,387.58216171928655,387.51992687877896
914,915,4869132.261696496,4869133.405632764,558327.737172186,558325.6307526688,387.51992687877896,387.493767409442
915,916,4869133.405632764,4869133.854122587,558325.6307526688,558324.7561832396,387.493767409442,387.4850354447042
916,917,4869133.854122587,4869134.523100757,558324.7561832396,558323.4600746817,387.4850354447042,387.47164565882423
917,918,4869134.523100757,4869137.458381725,558323.4600746817,558317.7907849563,387.47164565882423,387.4135557490837
918,919,4869137.458381725,4869138.680886247,558317.7907849563,558315.5762430858,387.4135557490837,387.3887578038375
919,920,4869138.680886247,4869139.799917237,558315.5762430858,558313.4148497508,387.3887578038375,387.36597404301637
920,921,4869139.799917237,4869142.840271793,558313.4148497508,558307.6978919377,387.36597404301637,387.3074848329903
921,922,4869142.840271793,4869143.983984771,558307.6978919377,558305.6106454843,387.3074848329903,387.2877407203012
922,923,4869143.983984771,4869145.069221397,558305.6106454843,558303.3639745472,387.2877407203012,387.26272515927735
923,924,4869145.069221397,4869148.05832365,558303.3639745472,558297.8135748523,387.26272515927735,387.2084522608158
924,925,4869148.05832365,4869148.584645115,558297.8135748523,558296.8600680947,387.2084522608158,387.1986010971885
925,926,4869148.584645115,4869150.315775667,558296.8600680947,558293.3714966633,387.1986010971885,387.16781856628575
926,927,4869150.315775667,4869153.366462974,558293.3714966633,558287.7346550592,387.16781856628575,387.1162243084284
927,928,4869153.366462974,4869154.080400564,558287.7346550592,558286.3522177169,387.1162243084284,387.10344197888605
928,929,4869154.080400564,4869155.697012544,558286.3522177169,558283.14380055,387.10344197888605,387.0728275517733
929,930,4869155.697012544,4869158.622568013,558283.14380055,558277.7380163141,387.0728275517733,387.02687931180463
930,931,4869158.622568013,4869160.975062553,558277.7380163141,558273.2182923434,387.02687931180463,386.98309824362696
931,932,4869160.975062553,4869163.458495689,558273.2182923434,558268.4959207543,386.98309824362696,386.9482788979589
932,933,4869163.458495689,4869163.9335994255,558268.4959207543,558267.68456295,386.9482788979589,386.9399085445119
933,934,4869163.9335994255,4869166.209845185,558267.68456295,558263.2401321055,386.9399085445119,386.90126635338703
934,935,4869166.209845185,4869168.740809984,558263.2401321055,558258.4766256938,386.90126635338703,386.8616340623214
935,936,4869168.740809984,4869171.388601308,558258.4766256938,558253.3656942787,386.8616340623214,386.8184902572198
936,937,4869171.388601308,4869173.931319911,558253.3656942787,558248.5493036179,386.8184902572198,386.78157607053134
937,938,4869173.931319911,4869174.37482031,558248.5493036179,558247.8033749701,386.78157607053134,386.7768250592188
938,939,4869174.37482031,4869176.721447651,558247.8033749701,558243.2807759045,386.7768250592188,386.7376262039645
939,940,4869176.721447651,4869179.058615988,558243.2807759045,558238.8377062896,386.7376262039645,386.7085903102612
940,941,4869179.058615988,4869179.540410111,558238.8377062896,558238.0196988384,386.7085903102612,386.7007161425281
941,942,4869179.540410111,4869182.496018244,558238.0196988384,558232.4333397591,386.7007161425281,386.65892926128697
942,943,4869182.496018244,4869183.6839258885,558232.4333397591,558230.258629328,386.65892926128697,386.6427141654318
943,944,4869183.6839258885,4869184.76656761,558230.258629328,558228.1435774233,386.6427141654318,386.6281220048909
944,945,4869184.76656761,4869187.681145287,558228.1435774233,558222.5301190896,386.6281220048909,386.56811808560633
945,946,4869187.681145287,4869188.878559944,558222.5301190896,558220.3707370465,386.56811808560633,386.537313270974
946,947,4869188.878559944,4869189.986131609,558220.3707370465,558218.2746614475,386.537313270974,386.50802467417316
947,948,4869189.986131609,4869192.935706588,558218.2746614475,558212.6211329317,386.50802467417316,386.4105588087148
948,949,4869192.935706588,4869193.575271295,558212.6211329317,558211.3285011954,386.4105588087148,386.38386724012173
949,950,4869193.575271295,4869195.189290468,558211.3285011954,558208.3672751471,386.38386724012173,386.3296229105057
950,951,4869195.189290468,4869198.18044139,558208.3672751471,558202.7541274976,386.3296229105057,386.2033017304488
951,952,4869198.18044139,4869198.811374114,558202.7541274976,558201.4931532886,386.2033017304488,386.17328922273487
952,953,4869198.811374114,4869201.167981014,558201.4931532886,558197.1145247173,386.17328922273487,386.0676748382478
953,954,4869201.167981014,4869203.438003778,558197.1145247173,558192.8568607065,386.0676748382478,385.95948479416563
954,955,4869203.438003778,4869204.136313119,558192.8568607065,558191.4861325657,385.95948479416563,385.9213154375052
955,956,4869204.136313119,4869205.738618706,558191.4861325657,558188.4821626907,385.9213154375052,385.84766442020657
956,957,4869205.738618706,4869208.69242217,558188.4821626907,558182.921852622,385.84766442020657,385.7049017284475
957,958,4869208.69242217,4869211.027200422,558182.921852622,558178.466573942,385.7049017284475,385.58492130726285
958,959,4869211.027200422,4869214.081791776,558178.466573942,558172.862107888,385.58492130726285,385.42809949947787
959,960,4869214.081791776,4869216.303597365,558172.862107888,558168.4586030341,385.42809949947787,385.30509488754876
960,961,4869216.303597365,4869218.88817109,558168.4586030341,558163.6893535587,385.30509488754876,385.17154944586423
961,962,4869218.88817109,4869219.319395485,558163.6893535587,558162.8964200072,385.17154944586423,385.1512057724651
962,963,4869219.319395485,4869222.260442407,558162.8964200072,558157.3623144104,385.1512057724651,384.9976475979339
963,964,4869222.260442407,4869224.085595658,558157.3623144104,558153.836089255,384.9976475979339,384.901328989221
964,965,4869224.085595658,4869224.568576503,558153.836089255,558152.9678048915,384.901328989221,384.87803250041486
965,966,4869224.568576503,4869226.933360115,558152.9678048915,558148.4527432293,384.87803250041486,384.7539984310226
966,967,4869226.933360115,4869228.673058561,558148.4527432293,558145.334264858,384.7539984310226,384.6753251537403
967,968,4869228.673058561,4869229.895179535,558145.334264858,558143.0733472058,384.6753251537403,384.6129380734019
968,969,4869229.895179535,4869232.870665564,558143.0733472058,558137.5283557213,384.6129380734019,384.470129368973
969,970,4869232.870665564,4869233.54514407,558137.5283557213,558136.1900510899,384.470129368973,384.4345544674139
970,971,4869233.54514407,4869235.213484055,558136.1900510899,558133.0497142174,384.4345544674139,384.35937084697696
971,972,4869235.213484055,4869238.118201576,558133.0497142174,558127.661835172,384.35937084697696,384.2240657803323
972,973,4869238.118201576,4869238.788572544,558127.661835172,558126.3502244971,384.2240657803323,384.19171412448594
973,974,4869238.788572544,4869240.349130893,558126.3502244971,558123.3200120989,384.19171412448594,384.12276585689347
974,975,4869240.349130893,4869243.3493540315,558123.3200120989,558117.7706025398,384.12276585689347,383.9895757638921
975,976,4869243.3493540315,4869244.017100841,558117.7706025398,558116.4260320369,383.9895757638921,383.95502031963827
976,977,4869244.017100841,4869245.6577457655,558116.4260320369,558113.4852381201,383.95502031963827,383.88605475147364
977,978,4869245.6577457655,4869248.321369905,558113.4852381201,558108.4744669872,383.88605475147364,383.7704004375104
978,979,4869248.321369905,4869248.734110761,558108.4744669872,558107.6512844012,383.7704004375104,383.75570438834217
979,980,4869248.734110761,4869251.070219872,558107.6512844012,558103.1963201901,383.75570438834217,383.6485880302924
980,981,4869251.070219872,4869253.688872341,558103.1963201901,558098.4532030806,383.6485880302924,383.5463556853088
981,982,4869253.688872341,4869256.7053347565,558098.4532030806,558092.5702631731,383.5463556853088,383.4255340462436
982,983,4869256.7053347565,4869259.040264492,558092.5702631731,558088.3214511547,383.4255340462436,383.3319489785401
983,984,4869259.040264492,4869262.053943385,558088.3214511547,558082.6145286637,383.3319489785401,383.2179758059518
984,985,4869262.053943385,4869263.78479233,558082.6145286637,558079.500325813,383.2179758059518,383.15333268794427
985,986,4869263.78479233,4869264.337221616,558079.500325813,558078.4508887996,383.15333268794427,383.13000921587997
986,987,4869264.337221616,4869267.422056664,558078.4508887996,558072.6375492573,383.13000921587997,383.0174615923604
987,988,4869267.422056664,4869268.5763367,558072.6375492573,558070.5278922265,383.0174615923604,382.97801534297315
988,989,4869268.5763367,4869269.6939221565,558070.5278922265,558068.4155167674,382.97801534297315,382.93646053636576
989,990,4869269.6939221565,4869272.750481866,558068.4155167674,558062.6117731354,382.93646053636576,382.8275519126914
990,991,4869272.750481866,4869273.863193073,558062.6117731354,558060.5426633504,382.8275519126914,382.7842644551726
991,992,4869273.863193073,4869274.998617347,558060.5426633504,558058.3809404016,382.7842644551726,382.7471968530453
992,993,4869274.998617347,4869277.988213224,558058.3809404016,558052.740825327,382.7471968530453,382.6405795542893
993,994,4869277.988213224,4869279.165285471,558052.740825327,558050.6213682954,382.6405795542893,382.608834777791
994,995,4869279.165285471,4869280.31503319,558050.6213682954,558048.4310250245,382.608834777791,382.5717803282476
995,996,4869280.31503319,4869282.236526836,558048.4310250245,558044.8675859357,382.5717803282476,382.48686543264046
996,997,4869282.236526836,4869283.315116005,558044.8675859357,558042.712193536,382.48686543264046,382.43305713420017
997,998,4869283.315116005,4869284.074810918,558042.712193536,558041.3472793628,382.43305713420017,382.3983316844504
998,999,4869284.074810918,4869286.4549820395,558041.3472793628,558037.0710769083,382.3983316844504,382.2748379395613
999,1000,4869286.4549820395,4869288.764975042,558037.0710769083,558032.7230870529,382.2748379395613,382.13562943061225
1000,1001,4869288.764975042,4869291.152992738,558032.7230870529,558028.3221600471,382.13562943061225,381.97475136030255
1001,1002,4869291.152992738,4869293.694366171,558028.3221600471,558023.6570867074,381.97475136030255,381.8071938350025
1002,1003,4869293.694366171,4869294.147925516,558023.6570867074,558022.8847944278,381.8071938350025,381.7818862951272
1003,1004,4869294.147925516,4869296.534534251,558022.8847944278,558018.4274517923,381.7818862951272,381.6084328223195
1004,1005,4869296.534534251,4869299.176445662,558018.4274517923,558013.5876743682,381.6084328223195,381.41486644630487
1005,1006,4869299.176445662,4869299.682479383,558013.5876743682,558012.7537247529,381.41486644630487,381.3787716199597
1006,1007,4869299.682479383,4869302.251736166,558012.7537247529,558007.9693062847,381.3787716199597,381.16731722973356
1007,1008,4869302.251736166,4869303.899625654,558007.9693062847,558004.9165724851,381.16731722973356,381.0312361597085
1008,1009,4869303.899625654,4869305.161457224,558004.9165724851,558002.61237396,381.0312361597085,380.93111758227536
1009,1010,4869305.161457224,4869307.660525815,558002.61237396,557997.9579291382,380.93111758227536,380.72311391494685
1010,1011,4869307.660525815,4869308.860200717,557997.9579291382,557995.8201335411,380.72311391494685,380.6208684692464
1011,1012,4869308.860200717,4869310.80051043,557995.8201335411,557992.3182615968,380.6208684692464,380.45603729030944
1012,1013,4869310.80051043,4869313.176942867,557992.3182615968,557987.9671872462,380.45603729030944,380.2665398815547
1013,1014,4869313.176942867,4869313.758534662,557987.9671872462,557986.964449438,380.2665398815547,380.2226028770708
1014,1015,4869313.758534662,4869315.701574034,557986.964449438,557983.4777027068,380.2226028770708,380.0701950613376
1015,1016,4869315.701574034,4869318.700229486,557983.4777027068,557977.9126911642,380.0701950613376,379.82878584457836
1016,1017,4869318.700229486,4869321.216051558,557977.9126911642,557973.3162286615,379.82878584457836,379.6327819732698
1017,1018,4869321.216051558,4869323.887410765,557973.3162286615,557968.4696606869,379.6327819732698,379.44088014979525
1018,1019,4869323.887410765,4869326.82417078,557968.4696606869,557962.87761023,379.44088014979525,379.2355671323513
1019,1020,4869326.82417078,4869329.206963368,557962.87761023,557958.561696454,379.2355671323513,379.06710776397597
1020,1021,4869329.206963368,4869329.780241332,557958.561696454,557957.5440645,379.06710776397597,379.02883512378094
1021,1022,4869329.780241332,4869332.430801627,557957.5440645,557952.6896896582,379.02883512378094,378.84753602461444
1022,1023,4869332.430801627,4869333.610264338,557952.6896896582,557950.5146505997,378.84753602461444,378.76579700188705
1023,1024,4869333.610264338,4869334.747403737,557950.5146505997,557948.4846197644,378.76579700188705,378.6901781706755
1024,1025,4869334.747403737,4869337.950100214,557948.4846197644,557942.6779022778,378.6901781706755,378.4757648410108
1025,1026,4869337.950100214,4869339.050620671,557942.6779022778,557940.5507460157,378.4757648410108,378.39765019792503
1026,1027,4869339.050620671,4869340.240783984,557940.5507460157,557938.4260533736,378.39765019792503,378.3220202221799
1027,1028,4869340.240783984,4869343.31184479,557938.4260533736,557932.7988861275,378.3220202221799,378.12942018830114
1028,1029,4869343.31184479,4869343.923978266,557932.7988861275,557931.4365747783,378.12942018830114,378.08350287754394
1029,1030,4869343.923978266,4869345.74494833,557931.4365747783,557928.2325870087,378.08350287754394,377.9730328563472
1030,1031,4869345.74494833,4869348.4487209115,557928.2325870087,557923.271946984,377.9730328563472,377.80298675826594
1031,1032,4869348.4487209115,4869348.9497877015,557923.271946984,557922.3586671597,377.80298675826594,377.7663382782231
1032,1033,4869348.9497877015,4869351.42094288,557922.3586671597,557917.7421032863,377.7663382782231,377.61859804309694
1033,1034,4869351.42094288,4869353.904916717,557917.7421032863,557913.3343314184,377.61859804309694,377.47480512791435
1034,1035,4869353.904916717,4869357.034283924,557913.3343314184,557907.5071401093,377.47480512791435,377.2791791293724
1035,1036,4869357.034283924,4869358.83186503,557907.5071401093,557904.2549664527,377.2791791293724,377.1803667601558
1036,1037,4869358.83186503,4869359.572270725,557904.2549664527,557903.033956084,377.1803667601558,377.1372240210254
1037,1038,4869359.572270725,4869362.64580071,557903.033956084,557897.4426607653,377.1372240210254,376.9750416466684
1038,1039,4869362.64580071,4869363.870896906,557897.4426607653,557895.2076864145,376.9750416466684,376.9065350976837
1039,1040,4869363.870896906,4869365.203251976,557895.2076864145,557892.8031933839,376.9065350976837,376.83710497238985
1040,1041,4869365.203251976,4869367.953409113,557892.8031933839,557887.7684946668,376.83710497238985,376.6891495455094
1041,1042,4869367.953409113,4869368.560288602,557887.7684946668,557886.7641243298,376.6891495455094,376.6595534583684
1042,1043,4869368.560288602,4869370.4811026985,557886.7641243298,557883.1957586309,376.6595534583684,376.5564535485656
1043,1044,4869370.4811026985,4869373.678258593,557883.1957586309,557877.549874508,376.5564535485656,376.41003465236275
1044,1045,4869373.678258593,4869376.228194585,557877.549874508,557872.9147498241,376.41003465236275,376.28443978446285
1045,1046,4869376.228194585,4869378.890433974,557872.9147498241,557868.0848684267,376.28443978446285,376.1653379098844
1046,1047,4869378.890433974,4869382.241488401,557868.0848684267,557862.121656905,376.1653379098844,376.0205590894785
1047,1048,4869382.241488401,4869383.537518542,557862.121656905,557859.7862249115,376.0205590894785,375.95964859585445
1048,1049,4869383.537518542,4869384.371971826,557859.7862249115,557858.4265464996,375.95964859585445,375.9317801717908
1049,1050,4869384.371971826,4869387.753981858,557858.4265464996,557852.2858872842,375.9317801717908,375.7871028450075
1050,1051,4869387.753981858,4869388.60375999,557852.2858872842,557850.7140252694,375.7871028450075,375.75674642993255
1051,1052,4869388.60375999,4869389.929529012,557850.7140252694,557848.3374969496,375.75674642993255,375.71000750133794
1052,1053,4869389.929529012,4869392.736875373,557848.3374969496,557843.4424375073,375.71000750133794,375.61702700194377
1053,1054,4869392.736875373,4869394.437016055,557843.4424375073,557840.4174926789,375.61702700194377,375.5772437153983
1054,1055,4869394.437016055,4869395.78157802,557840.4174926789,557837.9961387456,375.5772437153983,375.54144863965314
1055,1056,4869395.78157802,4869398.742689546,557837.9961387456,557832.5469210845,375.54144863965314,375.4667233270213
1056,1057,4869398.742689546,4869401.39518607,557832.5469210845,557827.9933107065,375.4667233270213,375.4044207975896
1057,1058,4869401.39518607,4869403.95395575,557827.9933107065,557823.3295111973,375.4044207975896,375.3496751331862
1058,1059,4869403.95395575,4869406.747276341,557823.3295111973,557818.4667474958,375.3496751331862,375.2924458699294
1059,1060,4869406.747276341,4869408.7838718165,557818.4667474958,557814.8190425033,375.2924458699294,375.25110233474135
1060,1061,4869408.7838718165,4869409.537458915,557814.8190425033,557813.4299307812,375.25110233474135,375.23809461641036
1061,1062,4869409.537458915,4869412.621696997,557813.4299307812,557807.9613184334,375.23809461641036,375.18453534784004
1062,1063,4869412.621696997,4869414.036698531,557807.9613184334,557805.4471716337,375.18453534784004,375.164920292914
1063,1064,4869414.036698531,4869415.646738041,557805.4471716337,557802.8519595583,375.164920292914,375.14181355607565
1064,1065,4869415.646738041,4869418.403864119,557802.8519595583,557797.8612255636,375.14181355607565,375.1074244592427
1065,1066,4869418.403864119,4869419.330570978,557797.8612255636,557796.2209275776,375.1074244592427,375.0962153921584
1066,1067,4869419.330570978,4869421.066491085,557796.2209275776,557793.0681863951,375.0962153921584,375.07790405270265
1067,1068,4869421.066491085,4869424.317321741,557793.0681863951,557787.3963069834,375.07790405270265,375.0473891938498
1068,1069,4869424.317321741,4869426.426912435,557787.3963069834,557783.379895641,375.0473891938498,375.02915207150465
1069,1070,4869426.426912435,4869428.580525675,557783.379895641,557779.2463386725,375.02915207150465,375.00628904033334
1070,1071,4869428.580525675,4869430.381103741,557779.2463386725,557776.8446137006,375.00628904033334,375.00471678025184
1071,1072,4869430.381103741,4869432.780229968,557776.8446137006,557772.1741120975,375.00471678025184,375.0000000000072
1072,1073,4869432.780229968,4869433.665882358,557772.1741120975,557770.1143476116,375.0000000000072,375.0000000000072
1073,565,4869433.665882358,4869436.0,557770.1143476116,557766.245118,375.0000000000072,375.464
1074,1075,4868051.0,4868053.265490778,560322.0,560317.8150090962,393.7099914550781,393.684879099282
1075,1076,4868053.265490778,4868053.997003155,560317.8150090962,560316.4284545035,393.684879099282,393.67906278132494
1076,1077,4868053.997003155,4868056.119111061,560316.4284545035,560312.464846312,393.67906278132494,393.65642856546197
1077,1078,4868056.119111061,4868058.271796215,560312.464846312,560308.4564148783,393.65642856546197,393.6368803216682
1078,1079,4868058.271796215,4868059.179219323,560308.4564148783,560306.777723485,393.6368803216682,393.627596885597
1079,1080,4868059.179219323,4868061.198171207,560306.777723485,560303.0063186215,393.627596885597,393.6055834346005
1080,1081,4868061.198171207,4868063.512008334,560303.0063186215,560298.6109036986,393.6055834346005,393.58299847483187
1081,1082,4868063.512008334,4868063.982167054,560298.6109036986,560297.7511604275,393.58299847483187,393.5787984558028
1082,1083,4868063.982167054,4868066.72502801,560297.7511604275,560292.5516085367,393.5787984558028,393.55231084027696
1083,1084,4868066.72502801,4868068.9043491855,560292.5516085367,560288.4164400754,393.55231084027696,393.5311905811634
1084,1085,4868068.9043491855,4868071.884261653,560288.4164400754,560282.7980877568,393.5311905811634,393.502685378371
1085,1086,4868071.884261653,4868073.862202285,560282.7980877568,560279.0928901223,393.502685378371,393.48448001882036
1086,1087,4868073.862202285,4868074.401855678,560279.0928901223,560278.0854899357,393.48448001882036,393.47948377254676
1087,1088,4868074.401855678,4868077.054179076,560278.0854899357,560273.1160822463,393.47948377254676,393.455697480436
1088,1089,4868077.054179076,4868079.122750002,560273.1160822463,560269.2511079173,393.455697480436,393.43715623143476
1089,1090,4868079.122750002,4868079.587675855,560269.2511079173,560268.4003216067,393.43715623143476,393.43288134020844
1090,1091,4868079.587675855,4868082.293706276,560268.4003216067,560263.2688061765,393.43288134020844,393.4104211787061
1091,1092,4868082.293706276,4868083.571476702,560263.2688061765,560260.8800934493,393.4104211787061,393.39921163234817
1092,1093,4868083.571476702,4868085.597757111,560260.8800934493,560256.9721773248,393.39921163234817,393.37910210259076
1093,1094,4868085.597757111,4868087.519607059,560256.9721773248,560253.3876657237,393.37910210259076,393.36340549585873
1094,1095,4868087.519607059,4868088.798063457,560253.3876657237,560250.9929291897,393.36340549585873,393.35255424525815
1095,1096,4868088.798063457,4868090.885787457,560250.9929291897,560247.1196847536,393.35255424525815,393.3315140744266
1096,1097,4868090.885787457,4868093.24998611,560247.1196847536,560242.6052018502,393.3315140744266,393.31313456877285
1097,1098,4868093.24998611,4868093.953290164,560242.6052018502,560241.3090724691,393.31313456877285,393.31098605949404
1098,1099,4868093.953290164,4868095.956628367,560241.3090724691,560237.5403519671,393.31098605949404,393.2928422611448
1099,1100,4868095.956628367,4868098.3480867855,560237.5403519671,560233.0303992174,393.2928422611448,393.2691161983599
1100,1101,4868098.3480867855,4868099.136111596,560233.0303992174,560231.553845826,393.2691161983599,393.2618950465553
1101,1102,4868099.136111596,4868100.990775496,560231.553845826,560228.032182568,393.2618950465553,393.250542909641
1102,1103,4868100.990775496,4868103.41817158,560228.032182568,560223.4636523095,393.250542909641,393.2325010613231
1103,1104,4868103.41817158,4868104.077255429,560223.4636523095,560222.2511001737,393.2325010613231,393.2270760601613
1104,1105,4868104.077255429,4868106.578254937,560222.2511001737,560217.4648046802,393.2270760601613,393.2014991136356
1105,1106,4868106.578254937,4868108.553864247,560217.4648046802,560213.7809763369,393.2014991136356,393.1885288093898
1106,1107,4868108.553864247,4868109.0786818545,560213.7809763369,560212.7728847283,393.1885288093898,393.1864093156574
1107,1108,4868109.0786818545,4868111.714812144,560212.7728847283,560207.7516547715,393.1864093156574,393.1652789287658
1108,1109,4868111.714812144,4868113.617058501,560207.7516547715,560204.1847779708,393.1652789287658,393.1451412450228
1109,1110,4868113.617058501,4868114.109060734,560204.1847779708,560203.2212970331,393.1451412450228,393.1426052731662
1110,1111,4868114.109060734,4868116.818875863,560203.2212970331,560198.1972943486,393.1426052731662,393.12078272780707
1111,1112,4868116.818875863,4868118.5887469575,560198.1972943486,560194.7443701202,393.12078272780707,393.10847817099415
1112,1113,4868118.5887469575,4868119.836293048,560194.7443701202,560192.4262898342,393.10847817099415,393.0995780518351
1113,1114,4868119.836293048,4868122.317248993,560192.4262898342,560187.7646898293,393.0995780518351,393.08033210443296
1114,1115,4868122.317248993,4868124.231453175,560187.7646898293,560184.1271812997,393.08033210443296,393.0637307297705
1115,1116,4868124.231453175,4868124.783609101,560184.1271812997,560183.1647849557,393.0637307297705,393.05859117694706
1116,1117,4868124.783609101,4868127.402084222,560183.1647849557,560178.1437249334,393.05859117694706,393.0400373495711
1117,1118,4868127.402084222,4868128.660785839,560178.1437249334,560175.8658881631,393.0400373495711,393.03341153315387
1118,1119,4868128.660785839,4868130.526713091,560175.8658881631,560172.2561332047,393.03341153315387,393.0166508088761
1119,1120,4868130.526713091,4868132.973079004,560172.2561332047,560167.7178656976,393.0166508088761,392.995252222301
1120,1121,4868132.973079004,4868133.6553456485,560167.7178656976,560166.5055561719,392.995252222301,392.9941063236204
1121,1122,4868133.6553456485,4868135.41861127,560166.5055561719,560163.0211364435,392.9941063236204,392.9795765729691
1122,1123,4868135.41861127,4868137.884324461,560163.0211364435,560158.3943607754,392.9795765729691,392.95882694518434
1123,1124,4868137.884324461,4868139.022339515,560158.3943607754,560156.2633065192,392.95882694518434,392.9510854314615
1124,1125,4868139.022339515,4868140.92279717,560156.2633065192,560152.7380346854,392.9510854314615,392.9379241541384
1125,1126,4868140.92279717,4868143.2818969805,560152.7380346854,560148.1730654117,392.9379241541384,392.92143038010596
1126,1127,4868143.2818969805,4868143.972925198,560148.1730654117,560146.8473978961,392.92143038010596,392.9150711459011
1127,1128,4868143.972925198,4868145.796856241,560146.8473978961,560143.4674631972,392.9150711459011,392.90197782732355
1128,1129,4868145.796856241,4868148.809556847,560143.4674631972,560137.6352304615,392.90197782732355,392.8807083131183
1129,1130,4868148.809556847,4868151.299390818,560137.6352304615,560132.9483276602,392.8807083131183,392.8609961361045
1130,1131,4868151.299390818,4868153.744139014,560132.9483276602,560128.4085496056,392.8609961361045,392.8459392451499
1131,1132,4868153.744139014,4868156.876256995,560128.4085496056,560122.4869039989,392.8459392451499,392.8219229435907
1132,1133,4868156.876256995,4868158.752028609,560122.4869039989,560118.9655362997,392.8219229435907,392.81162867635857
1133,1134,4868158.752028609,4868159.301485141,560118.9655362997,560117.9035106192,392.81162867635857,392.8061684026164
1134,1135,4868159.301485141,4868161.8005304765,560117.9035106192,560113.2383462475,392.8061684026164,392.79032430448785
1135,1136,4868161.8005304765,4868163.591397792,560113.2383462475,560109.7716371232,392.79032430448785,392.77818770075487
1136,1137,4868163.591397792,4868164.871692638,560109.7716371232,560107.3401647356,392.77818770075487,392.76821331459877
1137,1138,4868164.871692638,4868167.257046909,560107.3401647356,560102.7849208663,392.76821331459877,392.75037925095114
1138,1139,4868167.257046909,4868169.043462576,560102.7849208663,560099.4809952097,392.75037925095114,392.7352943378979
1139,1140,4868169.043462576,4868169.516146322,560099.4809952097,560098.4063599606,392.7352943378979,392.73299719090056
1140,1141,4868169.516146322,4868172.679558471,560098.4063599606,560092.5251699473,392.73299719090056,392.712832053926
1141,1142,4868172.679558471,4868173.884535745,560092.5251699473,560090.340117082,392.712832053926,392.7039416110582
1142,1143,4868173.884535745,4868175.093327012,560090.340117082,560087.9426350909,392.7039416110582,392.69920500893755
1143,1144,4868175.093327012,4868177.516514065,560087.9426350909,560083.2982181075,392.69920500893755,392.68363971190786
1144,1145,4868177.516514065,4868178.746650015,560083.2982181075,560081.0785693569,392.68363971190786,392.6723913215335
1145,1146,4868178.746650015,4868180.60842021,560081.0785693569,560077.5741857933,392.6723913215335,392.6610249487446
1146,1147,4868180.60842021,4868183.036178275,560077.5741857933,560072.9105608604,392.6610249487446,392.6442587343779
1147,1148,4868183.036178275,4868183.694283356,560072.9105608604,560071.7101894704,392.6442587343779,392.6389698058569
1148,1149,4868183.694283356,4868185.417541426,560071.7101894704,560068.4488415302,392.6389698058569,392.6293587548252
1149,1150,4868185.417541426,4868188.346449775,560068.4488415302,560062.8216822025,392.6293587548252,392.6088484497566
1150,1151,4868188.346449775,4868188.975145257,560062.8216822025,560061.671214455,392.6088484497566,392.6042711460236
1151,1152,4868188.975145257,4868190.758217549,560061.671214455,560058.3003651844,392.6042711460236,392.59477853405826
1152,1153,4868190.758217549,4868193.703967186,560058.3003651844,560052.8577789423,392.59477853405826,392.575540579854
1153,1154,4868193.703967186,4868196.249318161,560052.8577789423,560048.0916819328,392.575540579854,392.55613447636154
1154,1155,4868196.249318161,4868198.542724652,560048.0916819328,560043.587467317,392.55613447636154,392.54349651857177
1155,1156,4868198.542724652,4868199.142617813,560043.587467317,560042.6683072452,392.54349651857177,392.5408104070843
1156,1157,4868199.142617813,4868201.527481976,560042.6683072452,560038.1021390152,392.5408104070843,392.5221780084202
1157,1158,4868201.527481976,4868203.892721492,560038.1021390152,560033.5014536963,392.5221780084202,392.50985034896297
1158,1159,4868203.892721492,4868204.487741535,560033.5014536963,560032.5347242769,392.50985034896297,392.5071625019495
1159,1160,4868204.487741535,4868205.711099302,560032.5347242769,560030.0994516289,392.5071625019495,392.4958602549375
1160,1161,4868205.711099302,4868206.907093808,560030.0994516289,560027.8171167613,392.4958602549375,392.4879921922153
1161,1162,4868206.907093808,4868208.748375372,560027.8171167613,560024.3346075033,392.4879921922153,392.4764437321563
1162,1163,4868208.748375372,4868209.381226623,560024.3346075033,560023.3126636993,392.4764437321563,392.4729528847066
1163,1164,4868209.381226623,4868212.274995273,560023.3126636993,560017.62947337,392.4729528847066,392.45338594638054
1164,1165,4868212.274995273,4868214.094984606,560017.62947337,560014.2096305254,392.45338594638054,392.44260282875086
1165,1166,4868214.094984606,4868214.742918503,560014.2096305254,560013.2150366926,392.44260282875086,392.4387673138634
1166,1167,4868214.742918503,4868217.630307078,560013.2150366926,560007.4205391429,392.4387673138634,392.41986607756667
1167,1168,4868217.630307078,4868218.815785096,560007.4205391429,560005.2112624799,392.41986607756667,392.41308692689614
1168,1169,4868218.815785096,4868220.1142093735,560005.2112624799,560003.0789343591,392.41308692689614,392.4059141756836
1169,1170,4868220.1142093735,4868222.57303897,560003.0789343591,559998.3972971346,392.4059141756836,392.3912822371794
1170,1171,4868222.57303897,4868223.740930588,559998.3972971346,559996.1002418221,392.3912822371794,392.3838149285388
1171,1172,4868223.740930588,4868225.563612589,559996.1002418221,559992.7275449197,392.3838149285388,392.37077842265325
1172,1173,4868225.563612589,4868227.944211476,559992.7275449197,559988.2510669276,392.37077842265325,392.3585776316852
1173,1174,4868227.944211476,4868228.541847673,559988.2510669276,559987.1637197855,392.3585776316852,392.35523755416614
1174,1175,4868228.541847673,4868230.854806973,559987.1637197855,559982.6902147817,392.35523755416614,392.33893196762455
1175,1176,4868230.854806973,4868233.297234344,559982.6902147817,559978.1044058495,392.33893196762455,392.32674623564776
1176,1177,4868233.297234344,4868233.977016125,559978.1044058495,559976.8588965943,392.32674623564776,392.3228376679613
1177,1178,4868233.977016125,4868236.205898104,559976.8588965943,559972.42665484,392.3228376679613,392.30684870010066
1178,1179,4868236.205898104,4868238.618651299,559972.42665484,559967.9874387108,392.30684870010066,392.295406436161
1179,1180,4868238.618651299,4868241.624382524,559967.9874387108,559962.2625236381,392.295406436161,392.2721819537536
1180,1181,4868241.624382524,4868244.007893061,559962.2625236381,559957.8075316324,392.2721819537536,392.2632133397143
1181,1182,4868244.007893061,4868246.42132419,559957.8075316324,559953.2190871908,392.2632133397143,392.2450184112416
1182,1183,4868246.42132419,4868248.732442409,559953.2190871908,559948.7949475037,392.2450184112416,392.23536669641277
1183,1184,4868248.732442409,4868249.275751752,559948.7949475037,559947.8056180507,392.23536669641277,392.23277656304776
1184,1185,4868249.275751752,4868251.68866836,559947.8056180507,559943.1982243914,392.23277656304776,392.21448770930647
1185,1186,4868251.68866836,4868254.011781542,559943.1982243914,559938.7479231439,392.21448770930647,392.20544826494313
1186,1187,4868254.011781542,4868254.607509076,559938.7479231439,559937.6651985408,392.20544826494313,392.2023932208206
1187,1188,4868254.607509076,4868256.877124604,559937.6651985408,559933.3047106726,392.2023932208206,392.1850360955647
1188,1189,4868256.877124604,4868258.615441182,559933.3047106726,559930.0592883826,392.1850360955647,392.17725166458575
1189,1190,4868258.615441182,4868259.898502979,559930.0592883826,559927.6996738256,392.17725166458575,392.17075996910404
1190,1191,4868259.898502979,4868262.408811066,559927.6996738256,559922.9547601512,392.17075996910404,392.1563537765165
1191,1192,4868262.408811066,4868263.590252174,559922.9547601512,559920.7102291115,392.1563537765165,392.15035768884513
1192,1193,4868263.590252174,4868264.780574472,559920.7102291115,559918.4900553566,392.15035768884513,392.14450587542365
1193,1194,4868264.780574472,4868267.901628028,559918.4900553566,559912.5964428523,392.14450587542365,392.1270488955829
1194,1195,4868267.901628028,4868268.517473344,559912.5964428523,559911.4590342054,392.1270488955829,392.12426643889034
1195,1196,4868268.517473344,4868270.1771301,559911.4590342054,559908.2898608776,392.12426643889034,392.1159147106282
1196,1197,4868270.1771301,4868273.144580614,559908.2898608776,559902.6571082366,392.1159147106282,392.0995393577553
1197,1198,4868273.144580614,4868273.74814192,559902.6571082366,559901.5390760603,392.0995393577553,392.0966657366561
1198,1199,4868273.74814192,4868275.493181477,559901.5390760603,559898.2059470215,392.0966657366561,392.087861375508
1199,1200,4868275.493181477,4868278.056688673,559898.2059470215,559893.4193753965,392.087861375508,392.07206840866553
1200,1201,4868278.056688673,4868278.600452337,559893.4193753965,559892.4305076854,392.07206840866553,392.06972318373334
1201,1202,4868278.600452337,4868281.018236258,559892.4305076854,559887.7862703425,392.06972318373334,392.0583651074073
1202,1203,4868281.018236258,4868283.451792812,559887.7862703425,559883.2272455982,392.0583651074073,392.04330956777636
1203,1204,4868283.451792812,4868284.010751391,559883.2272455982,559882.2116067492,392.04330956777636,392.0409635827975
1204,1205,4868284.010751391,4868286.410560594,559882.2116067492,559877.5224672222,392.0409635827975,392.02884124116406
1205,1206,4868286.410560594,4868288.859958805,559877.5224672222,559872.9801954835,392.02884124116406,392.0154652476107
1206,1207,4868288.859958805,4868291.800659088,559872.9801954835,559867.269401843,392.0154652476107,392.0007980744061
1207,1208,4868291.800659088,4868293.688659594,559867.269401843,559863.7613423524,392.0007980744061,391.99027521316526
1208,1209,4868293.688659594,4868294.233215567,559863.7613423524,559862.7706591312,391.99027521316526,391.9880531067795
1209,1210,4868294.233215567,4868296.680264101,559862.7706591312,559858.1568790979,391.9880531067795,391.9755422664605
1210,1211,4868296.680264101,4868299.120591449,559858.1568790979,559853.5770826611,391.9755422664605,391.9609248988704
1211,1212,4868299.120591449,4868299.645683885,559853.5770826611,559852.5539102929,391.9609248988704,391.95973219638853
1212,1213,4868299.645683885,4868302.08421822,559852.5539102929,559847.8846961247,391.95973219638853,391.9463497838725
1213,1214,4868302.08421822,4868303.910793251,559847.8846961247,559844.5851600324,391.9463497838725,391.9349689732866
1214,1215,4868303.910793251,4868304.487343676,559844.5851600324,559843.3825362176,391.9349689732866,391.9338611918495
1215,1216,4868304.487343676,4868307.373893074,559843.3825362176,559837.7555213678,391.9338611918495,391.9182540593698
1216,1217,4868307.373893074,4868308.610387272,559837.7555213678,559835.5433143473,391.9182540593698,391.9106574022588
1217,1218,4868308.610387272,4868309.799436865,559835.5433143473,559833.2040863637,391.9106574022588,391.90691883876207
1218,1219,4868309.799436865,4868312.77665261,559833.2040863637,559827.453299431,391.90691883876207,391.89032718322477
1219,1220,4868312.77665261,4868313.972040903,559827.453299431,559825.3378802928,391.89032718322477,391.88306796459324
1220,1221,4868313.972040903,4868315.184108585,559825.3378802928,559823.0418351016,391.88306796459324,391.87848877892714
1221,1222,4868315.184108585,4868317.66103886,559823.0418351016,559818.3255534791,391.87848877892714,391.8636011819069
1222,1223,4868317.66103886,4868318.80272291,559818.3255534791,559816.0994783036,391.8636011819069,391.85838231616214
1223,1224,4868318.80272291,4868320.602000873,559816.0994783036,559812.755618241,391.85838231616214,391.8511056458949
1224,1225,4868320.602000873,4868322.91233149,559812.755618241,559808.2932923118,391.8511056458949,391.8372507545776
1225,1226,4868322.91233149,4868324.062810485,559808.2932923118,559806.1004740794,391.8372507545776,391.83207840395414
1226,1227,4868324.062810485,4868325.8777360665,559806.1004740794,559802.713036267,391.83207840395414,391.8248645706114
1227,1228,4868325.8777360665,4868328.19677166,559802.713036267,559798.2166339874,391.8248645706114,391.8115625847128
1228,1229,4868328.19677166,4868328.646812133,559798.2166339874,559797.2774916253,391.8115625847128,391.81023216069804
1229,1230,4868328.646812133,4868331.170272355,559797.2774916253,559792.6108478152,391.81023216069804,391.79909565912493
1230,1231,4868331.170272355,4868333.501906599,559792.6108478152,559788.059913815,391.79909565912493,391.786330269295
1231,1232,4868333.501906599,4868336.454284999,559788.059913815,559782.4346924223,391.786330269295,391.771788603197
1232,1233,4868336.454284999,4868338.835402825,559782.4346924223,559777.9494277003,391.771788603197,391.75995285869436
1233,1234,4868338.835402825,4868341.316993149,559777.9494277003,559773.4489226461,391.75995285869436,391.74804780537636
1234,1235,4868341.316993149,4868343.692687503,559773.4489226461,559768.7417184076,391.74804780537636,391.7359120517633
1235,1236,4868343.692687503,4868344.200697598,559768.7417184076,559767.7390632534,391.7359120517633,391.73388416577365
1236,1237,4868344.200697598,4868346.723396272,559767.7390632534,559763.1894445115,391.73388416577365,391.72222361622283
1237,1238,4868346.723396272,4868348.999436326,559763.1894445115,559758.6509925852,391.72222361622283,391.71122022085285
1238,1239,4868348.999436326,4868349.558693683,559758.6509925852,559757.5538916208,391.71122022085285,391.70847493856536
1239,1240,4868349.558693683,4868352.078757827,559757.5538916208,559752.843157927,391.70847493856536,391.6957434655036
1240,1241,4868352.078757827,4868353.820536057,559752.843157927,559749.5977435495,391.6957434655036,391.68519338408873
1241,1242,4868353.820536057,4868354.94919509,559749.5977435495,559747.4076057423,391.68519338408873,391.6808104278333
1242,1243,4868354.94919509,4868357.284873674,559747.4076057423,559742.9545483917,391.6808104278333,391.67079732300624
1243,1244,4868357.284873674,4868359.010439536,559742.9545483917,559739.7096324579,391.67079732300624,391.66098099585986
1244,1245,4868359.010439536,4868360.138115915,559739.7096324579,559737.5148226814,391.66098099585986,391.6566579463364
1245,1246,4868360.138115915,4868362.517652721,559737.5148226814,559733.0293479551,391.6566579463364,391.6463795489908
1246,1247,4868362.517652721,4868363.761527653,559733.0293479551,559730.6698337344,391.6463795489908,391.6373465169708
1247,1248,4868363.761527653,4868365.625989872,559730.6698337344,559727.3078276644,391.6373465169708,391.6293424379589
1248,1249,4868365.625989872,4868367.909245882,559727.3078276644,559722.7479898843,391.6293424379589,391.62002787606156
1249,1250,4868367.909245882,4868369.150304575,559722.7479898843,559720.490499412,391.62002787606156,391.61192439273503
1250,1251,4868369.150304575,4868370.317885597,559720.490499412,559718.384879751,391.61192439273503,391.60717987095455
1251,1252,4868370.317885597,4868373.246400267,559718.384879751,559712.5662579294,391.60717987095455,391.5951082346842
1252,1253,4868373.246400267,4868373.889435644,559712.5662579294,559711.3828050062,391.5951082346842,391.59166840740056
1253,1254,4868373.889435644,4868375.839479873,559711.3828050062,559707.9078343445,391.59166840740056,391.58251047989467
1254,1255,4868375.839479873,4868378.131991553,559707.9078343445,559703.3784678199,391.58251047989467,391.57509726547363
1255,1256,4868378.131991553,4868378.630567052,559703.3784678199,559702.299604735,391.57509726547363,391.57100495276444
1256,1257,4868378.630567052,4868381.239072327,559702.299604735,559697.6279539578,391.57100495276444,391.55887124886493
1257,1258,4868381.239072327,4868383.488179229,559697.6279539578,559693.0850034105,391.55887124886493,391.55072012882823
1258,1259,4868383.488179229,4868384.06832353,559693.0850034105,559691.9320060837,391.55072012882823,391.54746631909916
1259,1260,4868384.06832353,4868386.534679126,559691.9320060837,559687.4910969922,391.54746631909916,391.5364337715062
1260,1261,4868386.534679126,4868388.973258672,559687.4910969922,559682.946393648,391.5364337715062,391.5211414816407
1261,1262,4868388.973258672,4868391.906248639,559682.946393648,559677.3472370155,391.5211414816407,391.5118021135389
1262,1263,4868391.906248639,4868393.775876611,559677.3472370155,559673.9913444903,391.5118021135389,391.5035121748844
1263,1264,4868393.775876611,4868394.284532805,559673.9913444903,559672.8966224231,391.5035121748844,391.49674879513367
1264,1265,4868394.284532805,4868397.17600013,559672.8966224231,559667.3540504118,391.49674879513367,391.4889097074167
1265,1266,4868397.17600013,4868399.036521795,559667.3540504118,559663.9421166572,391.4889097074167,391.4788432371064
1266,1267,4868399.036521795,4868399.547013903,559663.9421166572,559662.9112991698,391.4788432371064,391.4741826183681
1267,1268,4868399.547013903,4868401.95438634,559662.9112991698,559658.3315977367,391.4741826183681,391.46716193239405
1268,1269,4868401.95438634,4868403.797646987,559658.3315977367,559654.9205261867,391.46716193239405,391.4601010471297
1269,1270,4868403.797646987,4868405.044797662,559654.9205261867,559652.4735133722,391.4601010471297,391.45111657229273
1270,1271,4868405.044797662,4868407.329882526,559652.4735133722,559648.0602810996,391.45111657229273,391.4450743618171
1271,1272,4868407.329882526,4868408.533240604,559648.0602810996,559645.821245853,391.4450743618171,391.44064152534145
1272,1273,4868408.533240604,4868409.752140052,559645.821245853,559643.4946895771,391.44064152534145,391.43194638877196
1273,1274,4868409.752140052,4868412.82596942,559643.4946895771,559637.770873402,391.43194638877196,391.42133988841755
1274,1275,4868412.82596942,4868414.0541956,559637.770873402,559635.4714797739,391.42133988841755,391.4166545271428
1275,1276,4868414.0541956,4868415.147713032,559635.4714797739,559633.2734653518,391.4166545271428,391.4085912661396
1276,1277,4868415.147713032,4868418.269420174,559633.2734653518,559627.6190827402,391.4085912661396,391.3955102928079
1277,1278,4868418.269420174,4868418.936833583,559627.6190827402,559626.390988478,391.3955102928079,391.3933912943406
1278,1279,4868418.936833583,4868420.483742457,559626.390988478,559623.2140273345,391.3933912943406,391.3853489286354
1279,1280,4868420.483742457,4868423.581827017,559623.2140273345,559617.5644330255,391.3853489286354,391.37314692602536
1280,1281,4868423.581827017,4868425.898820394,559617.5644330255,559612.9522810979,391.37314692602536,391.36326318854594
1281,1282,4868425.898820394,4868428.339505579,559612.9522810979,559608.4953143622,391.36326318854594,391.3533180564823
1282,1283,4868428.339505579,4868428.954391466,559608.4953143622,559607.3799554474,391.3533180564823,391.35145898874765
1283,1284,4868428.954391466,4868431.323003373,559607.3799554474,559602.6529535906,391.35145898874765,391.3415787236985
1284,1285,4868431.323003373,4868433.729196678,559602.6529535906,559598.2495011605,391.3415787236985,391.3321698737556
1285,1286,4868433.729196678,4868436.687090739,559598.2495011605,559592.5844196654,391.3321698737556,391.31956858923775
1286,1287,4868436.687090739,4868439.126071761,559592.5844196654,559588.076332738,391.31956858923775,391.3106019294203
1287,1288,4868439.126071761,4868442.154208953,559588.076332738,559582.3974411413,391.3106019294203,391.2945782097606
1288,1289,4868442.154208953,4868443.89135699,559582.3974411413,559579.0779050433,391.2945782097606,391.2898288705743
1289,1290,4868443.89135699,4868444.5135107385,559579.0779050433,559577.9263824862,391.2898288705743,391.28836002981166
1290,1291,4868444.5135107385,4868446.924854239,559577.9263824862,559573.3776166982,391.28836002981166,391.27453751454794
1291,1292,4868446.924854239,4868448.640976582,559573.3776166982,559570.0743342537,391.27453751454794,391.2703295831871
1292,1293,4868448.640976582,4868449.939009351,559570.0743342537,559567.6750463259,391.2703295831871,391.2669604055362
1293,1294,4868449.939009351,4868452.374503285,559567.6750463259,559563.0282166445,391.2669604055362,391.2536214793635
1294,1295,4868452.374503285,4868453.557722376,559563.0282166445,559560.8438719818,391.2536214793635,391.2511898018308
1295,1296,4868453.557722376,4868454.792077064,559560.8438719818,559558.429069046,391.2511898018308,391.2478692319382
1296,1297,4868454.792077064,4868457.796967013,559558.429069046,559552.7415061011,391.2478692319382,391.2335611264371
1297,1298,4868457.796967013,4868458.929905978,559552.7415061011,559550.5513979205,391.2335611264371,391.2308414024361
1298,1299,4868458.929905978,4868460.153251984,559550.5513979205,559548.2456358946,391.2308414024361,391.22771587662766
1299,1300,4868460.153251984,4868463.16274768,559548.2456358946,559542.5484567261,391.22771587662766,391.21381772851663
1300,1301,4868463.16274768,4868463.793763455,559542.5484567261,559541.505801329,391.21381772851663,391.21247431867704
1301,1302,4868463.793763455,4868465.563380807,559541.505801329,559538.2477333889,391.21247431867704,391.2031573816062
1302,1303,4868465.563380807,4868468.559483664,559538.2477333889,559532.4796390467,391.2031573816062,391.1925987040085
1303,1304,4868468.559483664,4868470.983435774,559532.4796390467,559528.0435796818,391.1925987040085,391.1823113151855
1304,1305,4868470.983435774,4868473.8334260285,559528.0435796818,559522.523716419,391.1823113151855,391.17278505819155
1305,1306,4868473.8334260285,4868476.307473546,559522.523716419,559517.9772200873,391.17278505819155,391.1627977918931
1306,1307,4868476.307473546,4868478.647440511,559517.9772200873,559513.3174879217,391.1627977918931,391.15380071405434
1307,1308,4868478.647440511,4868481.731718093,559513.3174879217,559507.6845542478,391.15380071405434,391.1434823244423
1308,1309,4868481.731718093,4868484.062484642,559507.6845542478,559503.0953018606,391.1434823244423,391.1348345341611
1309,1310,4868484.062484642,4868487.161379021,559503.0953018606,559497.3845778005,391.1348345341611,391.12451139132685
1310,1311,4868487.161379021,4868488.8727623215,559497.3845778005,559493.9248708914,391.12451139132685,391.1162290010811
1311,1312,4868488.8727623215,4868489.506405128,559493.9248708914,559492.9274313608,391.1162290010811,391.1124702633455
1312,1313,4868489.506405128,4868492.547595617,559492.9274313608,559487.2048533136,391.1124702633455,391.10466289014937
1313,1314,4868492.547595617,4868493.697639354,559487.2048533136,559484.8958315821,391.10466289014937,391.0976352282432
1314,1315,4868493.697639354,4868495.004844036,559484.8958315821,559482.6930955815,391.0976352282432,391.0925294504739
1315,1316,4868495.004844036,4868497.395459781,559482.6930955815,559478.0673259498,391.0925294504739,391.08623481649687
1316,1317,4868497.395459781,4868498.544541295,559478.0673259498,559475.8433250755,391.08623481649687,391.08140415859316
1317,1318,4868498.544541295,4868500.408793598,559475.8433250755,559472.5365183178,391.08140415859316,391.0733888239309
1318,1319,4868500.408793598,4868502.826362405,559472.5365183178,559467.815874227,391.0733888239309,391.06716120031535
1319,1320,4868502.826362405,4868503.939405059,559467.815874227,559465.6039853641,391.06716120031535,391.0616386542113
1320,1321,4868503.939405059,4868505.216673997,559465.6039853641,559463.3652005988,391.0616386542113,391.05607700421245
1321,1322,4868505.216673997,4868508.258620283,559463.3652005988,559457.6554647553,391.05607700421245,391.0456963744967
1322,1323,4868508.258620283,4868508.854918177,559457.6554647553,559456.5998272233,391.0456963744967,391.04364573832305
1323,1324,4868508.854918177,4868510.6811801195,559456.5998272233,559453.1205525643,391.04364573832305,391.03639936694486
1324,1325,4868510.6811801195,4868513.063762843,559453.1205525643,559448.4844052024,391.03639936694486,391.0299077893864
1325,1326,4868513.063762843,4868513.667054626,559448.4844052024,559447.4677128945,391.0299077893864,391.02629689119965
1326,1327,4868513.667054626,4868515.986857874,559447.4677128945,559443.0845408163,391.02629689119965,391.01817611990157
1327,1328,4868515.986857874,4868518.923465971,559443.0845408163,559437.5002601404,391.01817611990157,391.00874319576377
1328,1329,4868518.923465971,4868521.32948046,559437.5002601404,559432.9703265593,391.00874319576377,391.00055053770916
1329,1330,4868521.32948046,4868523.853136265,559432.9703265593,559428.2270755643,391.00055053770916,390.9920476773811
1330,1331,4868523.853136265,4868526.7829749575,559428.2270755643,559422.6743553842,390.9920476773811,390.9813186898694
1331,1332,4868526.7829749575,4868528.557973323,559422.6743553842,559419.3150146087,390.9813186898694,390.97720323000203
1332,1333,4868528.557973323,4868529.211806215,559419.3150146087,559418.1593671209,390.97720323000203,390.9738615550278
1333,1334,4868529.211806215,4868532.087290925,559418.1593671209,559412.7080212338,390.9738615550278,390.96277182199265
1334,1335,4868532.087290925,4868533.895482198,559412.7080212338,559409.3527477393,390.96277182199265,390.9561684939563
1335,1336,4868533.895482198,4868534.526600539,559409.3527477393,559408.1734310974,390.9561684939563,390.95525481595104
1336,1337,4868534.526600539,4868537.627959236,559408.1734310974,559402.3045646031,390.95525481595104,390.94195079394177
1337,1338,4868537.627959236,4868538.777461859,559402.3045646031,559400.1055733222,390.94195079394177,390.9396990861755
1338,1339,4868538.777461859,4868540.0824384615,559400.1055733222,559397.7166775013,390.9396990861755,390.93721166880533
1339,1340,4868540.0824384615,4868542.443932323,559397.7166775013,559393.1488334404,390.93721166880533,390.9286079828342
1340,1341,4868542.443932323,4868543.637768121,559393.1488334404,559390.9330031816,390.9286079828342,390.9231397019294
1341,1342,4868543.637768121,4868545.380922454,559390.9330031816,559387.6987501319,390.9231397019294,390.9203504137935
1342,1343,4868545.380922454,4868547.748991489,559387.6987501319,559383.1101433383,390.9203504137935,390.91148186963585
1343,1344,4868547.748991489,4868549.040820978,559383.1101433383,559380.6731187358,390.91148186963585,390.90685791865735
1344,1345,4868549.040820978,4868550.327346579,559380.6731187358,559378.3895678328,390.90685791865735,390.9053999845423
1345,1346,4868550.327346579,4868553.423332204,559378.3895678328,559372.6516870131,390.9053999845423,390.8903572164141
1346,1347,4868553.423332204,4868554.08052031,559372.6516870131,559371.4497152321,390.8903572164141,390.8887775726901
1347,1348,4868554.08052031,4868555.90793407,559371.4497152321,559368.0629239425,390.8887775726901,390.8871845217565
1348,1349,4868555.90793407,4868558.875658473,559368.0629239425,559362.4609094628,390.8871845217565,390.8730107219217
1349,1350,4868558.875658473,4868561.399723104,559362.4609094628,559357.742567747,390.8730107219217,390.8691459858637
1350,1351,4868561.399723104,4868563.793738097,559357.742567747,559353.1967570548,390.8691459858637,390.858010886021
1351,1352,4868563.793738097,4868566.80100587,559353.1967570548,559347.5785135477,390.858010886021,390.8509977015269
1352,1353,4868566.80100587,4868568.684904018,559347.5785135477,559344.0092666511,390.8509977015269,390.84380107831214
1353,1354,4868568.684904018,4868569.28264941,559344.0092666511,559342.8724813807,390.84380107831214,390.8414165055602
1354,1355,4868569.28264941,4868571.711294174,559342.8724813807,559338.4565388474,390.8414165055602,390.8350309022067
1355,1356,4868571.711294174,4868573.505548549,559338.4565388474,559334.941520359,390.8350309022067,390.82844157479605
1356,1357,4868573.505548549,4868574.75223135,559334.941520359,559332.5261264343,390.82844157479605,390.81989516484686
1357,1358,4868574.75223135,4868577.104075094,559332.5261264343,559328.1298559504,390.81989516484686,390.8117266895855
1358,1359,4868577.104075094,4868578.868099367,559328.1298559504,559324.776105494,390.8117266895855,390.8096057658464
1359,1360,4868578.868099367,4868580.043425315,559324.776105494,559322.5204584851,390.8096057658464,390.802240207835
1360,1361,4868580.043425315,4868582.617959176,559322.5204584851,559317.8309303183,390.802240207835,390.7937100481604
1361,1362,4868582.617959176,4868583.919970762,559317.8309303183,559315.4396621104,390.7937100481604,390.79189020550683
1362,1363,4868583.919970762,4868584.994714696,559315.4396621104,559313.2095460471,390.79189020550683,390.78592100062014
1363,1364,4868584.994714696,4868587.983568266,559313.2095460471,559307.7477889883,390.78592100062014,390.777217900847
1364,1365,4868587.983568266,4868588.572072409,559307.7477889883,559306.6916493089,390.777217900847,390.77605523127244
1365,1366,4868588.572072409,4868590.316306077,559306.6916493089,559303.313452071,390.77605523127244,390.76541969081995
1366,1367,4868590.316306077,4868593.391084541,559303.313452071,559297.6171764651,390.76541969081995,390.7596777021793
1367,1368,4868593.391084541,4868594.063630869,559297.6171764651,559296.3878819748,390.7596777021793,390.75855113814896
1368,1369,4868594.063630869,4868595.766970902,559296.3878819748,559293.065986183,390.75855113814896,390.74891439052976
1369,1370,4868595.766970902,4868598.8123492375,559293.065986183,559287.4248361606,390.74891439052976,390.74324306033037
1370,1371,4868598.8123492375,4868601.273847918,559287.4248361606,559282.6854942285,390.74324306033037,390.7328927947149
1371,1372,4868601.273847918,4868603.720510745,559282.6854942285,559278.1314412784,390.7328927947149,390.72830675356437
1372,1373,4868603.720510745,4868606.803796479,559278.1314412784,559272.2295392127,390.72830675356437,390.7174855205442
1373,1374,4868606.803796479,4868608.624116701,559272.2295392127,559268.9754418784,390.7174855205442,390.7096388397579
1374,1375,4868608.624116701,4868609.255780401,559268.9754418784,559267.809921326,390.7096388397579,390.70894168425593
1375,1376,4868609.255780401,4868611.667708506,559267.809921326,559263.2599814076,390.70894168425593,390.7025678651105
1376,1377,4868611.667708506,4868614.1768275,559263.2599814076,559258.537117309,390.7025678651105,390.6944388525305
1377,1378,4868614.1768275,4868614.751204025,559258.537117309,559257.5191884619,390.6944388525305,390.69353537247326
1378,1379,4868614.751204025,4868617.183193876,559257.5191884619,559253.0203273231,390.69353537247326,390.68685680597065
1379,1380,4868617.183193876,4868619.093137561,559253.0203273231,559249.5021635919,390.68685680597065,390.67463957305125
1380,1381,4868619.093137561,4868619.6297633685,559249.5021635919,559248.3428600163,390.67463957305125,390.67468785394396
1381,1382,4868619.6297633685,4868622.721396845,559248.3428600163,559242.7214386907,390.67468785394396,390.6645405144613
1382,1383,4868622.721396845,4868623.895146402,559242.7214386907,559240.472944023,390.6645405144613,390.6578034441654
1383,1384,4868623.895146402,4868625.0243925275,559240.472944023,559238.2260141541,390.6578034441654,390.65701024889427
1384,1385,4868625.0243925275,4868628.1817176305,559238.2260141541,559232.4902637863,390.65701024889427,390.64797235106283
1385,1386,4868628.1817176305,4868628.804005538,559232.4902637863,559231.3274163615,390.64797235106283,390.6448992127972
1386,1387,4868628.804005538,4868630.496913754,559231.3274163615,559227.9624193681,390.6448992127972,390.64055216862374
1387,1388,4868630.496913754,4868632.961004282,559227.9624193681,559223.4819838013,390.64055216862374,390.63296543680303
1388,1389,4868632.961004282,4868633.6035631765,559223.4819838013,559222.3064338291,390.63296543680303,390.63220140171114
1389,1390,4868633.6035631765,4868636.019356185,559222.3064338291,559217.5585870871,390.63220140171114,390.6240345707596
1390,1391,4868636.019356185,4868638.518377017,559217.5585870871,559213.0152867028,390.6240345707596,390.6179129887068
1391,1392,4868638.518377017,4868640.869547727,559213.0152867028,559208.4925464059,390.6179129887068,390.60775548502806
1392,1393,4868640.869547727,4868644.024482296,559208.4925464059,559202.6875589489,390.60775548502806,390.60183527883703
1393,1394,4868644.024482296,4868646.344790263,559202.6875589489,559198.3691232353,390.60183527883703,390.59132719745395
1394,1395,4868646.344790263,4868648.94023163,559198.3691232353,559193.6150517738,390.59132719745395,390.58677633732356
1395,1396,4868648.94023163,4868649.529560441,559193.6150517738,559192.4359592245,390.58677633732356,390.5864640660975
1396,1397,4868649.529560441,4868651.91078126,559192.4359592245,559187.9158393649,390.5864640660975,390.57355946675847
1397,1398,4868651.91078126,4868653.893211375,559187.9158393649,559184.3698708991,390.57355946675847,390.5680269251365
1398,1399,4868653.893211375,4868654.335276703,559184.3698708991,559183.3545691378,390.5680269251365,390.56388660841884
1399,1400,4868654.335276703,4868657.483283972,559183.3545691378,559177.4339497268,390.56388660841884,390.55322657013767
1400,1401,4868657.483283972,4868658.773341527,559177.4339497268,559175.1729602292,390.55322657013767,390.5513848734174
1401,1402,4868658.773341527,4868659.84974726,559175.1729602292,559173.0299349317,390.5513848734174,390.54554241672804
1402,1403,4868659.84974726,4868662.911976775,559173.0299349317,559167.4092468948,390.54554241672804,390.5374223446579
1403,1404,4868662.911976775,4868664.10876229,559167.4092468948,559165.22139013,390.5374223446579,390.5363130592775
1404,1405,4868664.10876229,4868665.15890961,559165.22139013,559163.1053179924,390.5363130592775,390.5308426917626
1405,1406,4868665.15890961,4868667.698840157,559163.1053179924,559158.4805554376,390.5308426917626,390.52655624908533
1406,1407,4868667.698840157,4868668.953318807,559158.4805554376,559156.112563547,390.52655624908533,390.5222403202038
1407,1408,4868668.953318807,4868670.7179691065,559156.112563547,559152.7241275993,390.5222403202038,390.5157219535086
1408,1409,4868670.7179691065,4868673.162330164,559152.7241275993,559148.1773386126,390.5157219535086,390.5110444993844
1409,1410,4868673.162330164,4868673.736610779,559148.1773386126,559147.2260163794,390.5110444993844,390.50503017890685
1410,1411,4868673.736610779,4868676.113149474,559147.2260163794,559142.606740473,390.50503017890685,390.50080577738373
1411,1412,4868676.113149474,4868678.581248388,559142.606740473,559138.0415418663,390.50080577738373,390.49437559310104
1412,1413,4868678.581248388,4868681.724658127,559138.0415418663,559132.1496536824,390.49437559310104,390.4820367695761
1413,1414,4868681.724658127,4868683.53406503,559132.1496536824,559128.9438596487,390.4820367695761,390.47759086447434
1414,1415,4868683.53406503,4868684.10784361,559128.9438596487,559127.750008773,390.47759086447434,390.475555612221
1415,1416,4868684.10784361,4868686.534690072,559127.750008773,559123.1868377094,390.475555612221,390.46689904930986
1416,1417,4868686.534690072,4868689.038521737,559123.1868377094,559118.6843474696,390.46689904930986,390.458375680159
1417,1418,4868689.038521737,4868689.606966795,559118.6843474696,559117.5260084332,390.458375680159,390.4582210000956
1418,1419,4868689.606966795,4868692.263700087,559117.5260084332,559112.4799036596,390.4582210000956,390.45032915865266
1419,1420,4868692.263700087,4868693.548345375,559112.4799036596,559110.2635728111,390.45032915865266,390.444391051143
1420,1421,4868693.548345375,4868694.656848581,559110.2635728111,559108.0472049651,390.444391051143,390.4440166994961
1421,1422,4868694.656848581,4868697.12827457,559108.0472049651,559103.3907975709,390.4440166994961,390.4370593088884
1422,1423,4868697.12827457,4868699.049095686,559103.3907975709,559100.0010753013,390.4370593088884,390.4304842716069
1423,1424,4868699.049095686,4868700.175825874,559100.0010753013,559097.7240230426,390.4304842716069,390.4300735130236
1424,1425,4868700.175825874,4868702.83234883,559097.7240230426,559092.7584303626,390.4300735130236,390.4192567164817
1425,1426,4868702.83234883,4868704.072937547,559092.7584303626,559090.5207071166,390.4192567164817,390.4117169197975
1426,1427,4868704.072937547,4868705.158350223,559090.5207071166,559088.3135095045,390.4117169197975,390.4113464635246
1427,1428,4868705.158350223,4868708.209787534,559088.3135095045,559082.8215141568,390.4113464635246,390.40328232230246
1428,1429,4868708.209787534,4868708.8491746355,559082.8215141568,559081.6680408258,390.40328232230246,390.400340410095
1429,1430,4868708.8491746355,4868710.673679059,559081.6680408258,559078.1679303049,390.400340410095,390.39519098625516
1430,1431,4868710.673679059,4868713.839980304,559078.1679303049,559072.3968755738,390.39519098625516,390.38851723286
1431,1432,4868713.839980304,4868716.348463424,559072.3968755738,559067.7436713349,390.38851723286,390.3758062255434
1432,1433,4868716.348463424,4868718.79456557,559067.7436713349,559063.2278530981,390.3758062255434,390.3736336989183
1433,1434,4868718.79456557,4868721.898493509,559063.2278530981,559057.3276679963,390.3736336989183,390.35649463917855
1434,1435,4868721.898493509,4868723.818444255,559057.3276679963,559053.9009166422,390.35649463917855,390.3533340436304
1435,1436,4868723.818444255,4868724.2976079695,559053.9009166422,559052.8429090311,390.3533340436304,390.3524359975872
1436,1437,4868724.2976079695,4868726.760813115,559052.8429090311,559048.3213213118,390.3524359975872,390.34615957057576
1437,1438,4868726.760813115,4868728.700614147,559048.3213213118,559044.8772314484,390.34615957057576,390.3384257781284
1438,1439,4868728.700614147,4868729.795720912,559044.8772314484,559042.6691228413,390.3384257781284,390.33363969400193
1439,1440,4868729.795720912,4868732.437145281,559042.6691228413,559037.6575273135,390.33363969400193,390.32725628803394
1440,1441,4868732.437145281,4868733.76621807,559037.6575273135,559035.3773296839,390.32725628803394,390.32554675502473
1441,1442,4868733.76621807,4868734.87775794,559035.3773296839,559033.1499276242,390.32554675502473,390.32017601359695
1442,1443,4868734.87775794,4868737.976512286,559033.1499276242,559027.3153260403,390.32017601359695,390.31371867104053
1443,1444,4868737.976512286,4868738.600816226,559027.3153260403,559026.2610677453,390.31371867104053,390.3133908589883
1444,1445,4868738.600816226,4868740.384495463,559026.2610677453,559022.829149305,390.3133908589883,390.30272174027857
1445,1446,4868740.384495463,4868742.821592193,559022.829149305,559018.2971939456,390.30272174027857,390.29408296000366
1446,1447,4868742.821592193,4868744.20751247,559018.2971939456,559015.8625365092,390.29408296000366,390.2936141930608
1447,1448,4868744.20751247,4868745.928618604,559015.8625365092,559012.6424927992,390.2936141930608,390.28700425831363
1448,1449,4868745.928618604,4868748.477276303,559012.6424927992,559008.0284968576,390.28700425831363,390.2800909236562
1449,1450,4868748.477276303,4868749.0013443325,559008.0284968576,559007.0588601421,390.2800909236562,390.2797636037449
1450,1451,4868749.0013443325,4868751.428711042,559007.0588601421,559002.4533508065,390.2797636037449,390.273648823593
1451,1452,4868751.428711042,4868753.909009526,559002.4533508065,558997.895661071,390.273648823593,390.26259641519295
1452,1453,4868753.909009526,4868756.958330877,558997.895661071,558992.2675430503,390.26259641519295,390.2538772949475
1453,1454,4868756.958330877,4868758.830179997,558992.2675430503,558988.9155932788,390.2538772949475,390.24746595458777
1454,1455,4868758.830179997,4868759.32041139,558988.9155932788,558987.8517522956,390.24746595458777,390.24743256022975
1455,1456,4868759.32041139,4868762.045465757,558987.8517522956,558982.8000900432,390.24743256022975,390.24013130764786
1456,1457,4868762.045465757,4868763.891753058,558982.8000900432,558979.5690481052,390.24013130764786,390.2343274434328
1457,1458,4868763.891753058,4868764.431109305,558979.5690481052,558978.3350419212,390.2343274434328,390.2345718198637
1458,1459,4868764.431109305,4868767.588621289,558978.3350419212,558972.4413631915,390.2345718198637,390.22004046992475
1459,1460,4868767.588621289,4868768.931063996,558972.4413631915,558970.119855923,390.22004046992475,390.21959254983597
1460,1461,4868768.931063996,4868770.115939807,558970.119855923,558967.778977373,390.21959254983597,390.21426662666056
1461,1462,4868770.115939807,4868772.579026501,558967.778977373,558963.151108224,390.21426662666056,390.205917716665
1462,1463,4868772.579026501,4868773.882382019,558963.151108224,558960.8766815006,390.205917716665,390.20558939743415
1463,1464,4868773.882382019,4868775.1209615795,558960.8766815006,558958.4132262368,390.20558939743415,390.20434890165285
1464,1465,4868775.1209615795,4868778.145303865,558958.4132262368,558952.7592052779,390.20434890165285,390.18902399677273
1465,1466,4868778.145303865,4868778.8091782825,558952.7592052779,558951.660518184,390.18902399677273,390.18869486738714
1466,1467,4868778.8091782825,4868780.727112722,558951.660518184,558948.1354708846,390.18869486738714,390.1833417801343
1467,1468,4868780.727112722,4868783.31561377,558948.1354708846,558943.2963363182,390.1833417801343,390.1761937813905
1468,1469,4868783.31561377,4868783.873206955,558943.2963363182,558942.2794577548,390.1761937813905,390.17379326603213
1469,1470,4868783.873206955,4868786.492771451,558942.2794577548,558937.4643685094,390.17379326603213,390.1637198580207
1470,1471,4868786.492771451,4868788.905698113,558937.4643685094,558933.0304022852,390.1637198580207,390.1603201543045
1471,1472,4868788.905698113,4868792.098765863,558933.0304022852,558927.1509876928,390.1603201543045,390.15057778787195
1472,1473,4868792.098765863,4868794.043401906,558927.1509876928,558923.7266584542,390.15057778787195,390.1382058275396
1473,1474,4868794.043401906,4868794.643103395,558923.7266584542,558922.5214733616,390.1382058275396,390.1361631549271
1474,1475,4868794.643103395,4868797.241633803,558922.5214733616,558917.6544900776,390.1361631549271,390.1345726726763
1475,1476,4868797.241633803,4868798.586091989,558917.6544900776,558915.3780825159,390.1345726726763,390.1253122831692
1476,1477,4868798.586091989,4868799.671691437,558915.3780825159,558913.1925390622,390.1253122831692,390.1251299605585
1477,1478,4868799.671691437,4868802.7141664745,558913.1925390622,558907.5204125555,390.1251299605585,390.1144715587801
1478,1479,4868802.7141664745,4868804.090851489,558907.5204125555,558905.190878642,390.1144715587801,390.11117225000163
1479,1480,4868804.090851489,4868805.251843218,558905.190878642,558902.8805785162,390.11117225000163,390.1079791193284
1480,1481,4868805.251843218,4868807.870415972,558902.8805785162,558898.0285431857,390.1079791193284,390.0943311360971
1481,1482,4868807.870415972,4868808.526810773,558898.0285431857,558896.9062962071,390.0943311360971,390.0941932477076
1482,1483,4868808.526810773,4868810.51791085,558896.9062962071,558893.2552570379,390.0941932477076,390.0911174922503
1483,1484,4868810.51791085,4868813.132881079,558893.2552570379,558888.4984465272,390.0911174922503,390.08265218999935
1484,1485,4868813.132881079,4868813.615148992,558888.4984465272,558887.4916617305,390.08265218999935,390.0824984233134
1485,1486,4868813.615148992,4868816.130029279,558887.4916617305,558883.0575879918,390.0824984233134,390.07139594279505
1486,1487,4868816.130029279,4868818.772589401,558883.0575879918,558878.053338809,390.07139594279505,390.0619449160263
1487,1488,4868818.772589401,4868821.904744696,558878.053338809,558872.4398972512,390.0619449160263,390.04493889259385
1488,1489,4868821.904744696,4868823.842523119,558872.4398972512,558869.2141231151,390.04493889259385,390.0347619012747
1489,1490,4868823.842523119,4868824.36417827,558869.2141231151,558868.0484079914,390.0347619012747,390.0327013306965
1490,1491,4868824.36417827,4868827.481526573,558868.0484079914,558862.3355874692,390.0327013306965,390.0215809440538
1491,1492,4868827.481526573,4868828.833312475,558862.3355874692,558860.0489740212,390.0215809440538,390.01929028563444
1492,1493,4868828.833312475,4868830.042559675,558860.0489740212,558857.7694140958,390.01929028563444,390.0098279263175
1493,1494,4868830.042559675,4868832.692532682,558857.7694140958,558852.9138350426,390.0098279263175,390.00010502792617
1494,1495,4868832.692532682,4868834.113266004,558852.9138350426,558850.4656058558,390.00010502792617,390.00000000000045
1495,1496,4868834.113266004,4868835.178187776,558850.4656058558,558848.312444903,390.00000000000045,390.00000000000045
1496,1497,4868835.178187776,4868838.329569923,558848.312444903,558842.4806536533,390.00000000000045,390.00000000000045
1497,1498,4868838.329569923,4868838.937998148,558842.4806536533,558841.5274501343,390.00000000000045,390.00000000000045
1498,1499,4868838.937998148,4868840.689747679,558841.5274501343,558838.1258817333,390.00000000000045,390.0000000000005
1499,1500,4868840.689747679,4868843.268028951,558838.1258817333,558833.2892461644,390.0000000000005,390.0000000000005
1500,1501,4868843.268028951,4868843.941642662,558833.2892461644,558832.1453702046,390.0000000000005,390.0000000000005
1501,1502,4868843.941642662,4868845.947509424,558832.1453702046,558828.4704141401,390.0000000000005,390.0000000000005
1502,1503,4868845.947509424,4868848.54724307,558828.4704141401,558823.6869061003,390.0000000000005,390.0000000000005
1503,1504,4868848.54724307,4868849.047283808,558823.6869061003,558822.6942247892,390.0000000000005,390.0000000000005
1504,1505,4868849.047283808,4868851.651298638,558822.6942247892,558818.0023283877,390.0000000000005,390.0000000000005
1505,1506,4868851.651298638,4868853.680621823,558818.0023283877,558814.3293975891,390.0000000000005,390.0000000000005
1506,1507,4868853.680621823,4868854.197345949,558814.3293975891,558813.1249821737,390.0000000000005,390.00000000000057
1507,1508,4868854.197345949,4868857.422967065,558813.1249821737,558807.285954543,390.00000000000057,390.00000000000057
1508,1509,4868857.422967065,4868858.742884684,558807.285954543,558805.087915193,390.00000000000057,390.00000000000057
1509,1510,4868858.742884684,4868859.83954943,558805.087915193,558802.8902044205,390.00000000000057,389.99995602440504
1510,1511,4868859.83954943,4868862.354336947,558802.8902044205,558798.224558054,389.99995602440504,390.00000000000057
1511,1512,4868862.354336947,4868863.902176442,558798.224558054,558795.5265300428,390.00000000000057,390.00000000000057
1512,1513,4868863.902176442,4868865.049029936,558795.5265300428,558793.2504045585,390.00000000000057,389.9987334791967
1513,1514,4868865.049029936,4868868.189679882,558793.2504045585,558787.4490205362,389.9987334791967,390.0000000000006
1514,1515,4868868.189679882,4868868.81539001,558787.4490205362,558786.4827816737,390.0000000000006,389.99992027763005
1515,1516,4868868.81539001,4868870.568343485,558786.4827816737,558783.0753734333,389.99992027763005,389.99995662246397
1516,1517,4868870.568343485,4868873.196328282,558783.0753734333,558778.1580542846,389.99995662246397,390.0000000000006
1517,1518,4868873.196328282,4868873.927981035,558778.1580542846,558776.9604758552,390.0000000000006,389.99993722433544
1518,1519,4868873.927981035,4868875.775946229,558776.9604758552,558773.3787254897,389.99993722433544,389.99995290560497
1519,1520,4868875.775946229,4868879.039421985,558773.3787254897,558767.4181443469,389.99995290560497,389.99995000525803
1520,1521,4868879.039421985,4868881.5678741215,558767.4181443469,558762.8067524505,389.99995000525803,389.9999275313487
1521,1522,4868881.5678741215,4868883.616198438,558762.8067524505,558759.0598079929,389.9999275313487,389.99984958188355
1522,1523,4868883.616198438,4868884.234886461,558759.0598079929,558757.8296655325,389.99984958188355,389.9986326065274
1523,1524,4868884.234886461,4868886.7432471225,558757.8296655325,558753.3150437517,389.9986326065274,389.99984182441136
1524,1525,4868886.7432471225,4868888.680498437,558753.3150437517,558749.921677841,389.99984182441136,389.99864748583946
1525,1526,4868888.680498437,4868889.789381035,558749.921677841,558747.7422853748,389.99864748583946,389.99985679316165
1526,1527,4868889.789381035,4868892.248495285,558747.7422853748,558743.1719170724,389.99985679316165,389.99992560482144
1527,1528,4868892.248495285,4868893.731509561,558743.1719170724,558740.5987254194,389.99992560482144,390.00000000000074
1528,1529,4868893.731509561,4868894.946739252,558740.5987254194,558738.2050308198,390.00000000000074,389.99860233523606
1529,1530,4868894.946739252,4868898.1266778475,558738.2050308198,558732.3792767038,389.99860233523606,389.9999410847952
1530,1531,4868898.1266778475,4868898.737571086,558732.3792767038,558731.4047353289,389.9999410847952,389.9998110359288
1531,1532,4868898.737571086,4868900.415715844,558731.4047353289,558728.1288886621,389.9998110359288,389.99984965666926
1532,1533,4868900.415715844,4868903.667184576,558728.1288886621,558722.2089843338,389.99984965666926,389.99860049977946
1533,1534,4868903.667184576,4868905.9280814035,558722.2089843338,558717.9679598714,389.99860049977946,389.99986640728787
1534,1535,4868905.9280814035,4868908.407742422,558717.9679598714,558713.3161878344,389.99986640728787,390.00000000000085
1535,1536,4868908.407742422,4868909.150307017,558713.3161878344,558712.1325891385,390.00000000000085,389.9997999972558
1536,1537,4868909.150307017,4868911.624096517,558712.1325891385,558707.3653015379,389.9997999972558,389.99990434691904
1537,1538,4868911.624096517,4868914.1126462575,558707.3653015379,558702.9223054213,389.99990434691904,389.9999329104036
1538,1539,4868914.1126462575,4868917.1674676025,558702.9223054213,558697.1587193244,389.9999329104036,389.99863937976124
1539,1540,4868917.1674676025,4868919.060373813,558697.1587193244,558693.768274346,389.99863937976124,389.99982462367353
1540,1541,4868919.060373813,4868919.655501759,558693.768274346,558692.7227721153,389.99982462367353,389.9984989192675
1541,1542,4868919.655501759,4868922.1468058545,558692.7227721153,558688.1163560508,389.9984989192675,389.99991347121596
1542,1543,4868922.1468058545,4868923.575312162,558688.1163560508,558685.6162799577,389.99991347121596,389.99991490711545
1543,1544,4868923.575312162,4868924.740667844,558685.6162799577,558683.3589019275,389.99991490711545,389.9999358782761
1544,1545,4868924.740667844,4868927.91157735,558683.3589019275,558677.5058469546,389.9999358782761,389.99861714931706
1545,1546,4868927.91157735,4868928.50339048,558677.5058469546,558676.6364493694,389.99861714931706,389.9998387028271
1546,1547,4868928.50339048,4868930.335905184,558676.6364493694,558673.1015081046,389.9998387028271,389.9984954571582
1547,1548,4868930.335905184,4868933.460762412,558673.1015081046,558667.3863145647,389.9984954571582,389.99848022090373
1548,1549,4868933.460762412,4868934.017542365,558667.3863145647,558666.4489775387,389.99848022090373,389.9998941586504
1549,1550,4868934.017542365,4868935.750407831,558666.4489775387,558663.1377980332,389.9998941586504,389.99980603565666
1550,1551,4868935.750407831,4868938.975765805,558663.1377980332,558657.359802514,389.99980603565666,389.9984802079525
1551,1552,4868938.975765805,4868941.380854985,558657.359802514,558652.816942014,389.9984802079525,389.99969922836544
1552,1553,4868941.380854985,4868943.913317829,558652.816942014,558648.2105759296,389.99969922836544,389.99851755650684
1553,1554,4868943.913317829,4868946.948212199,558648.2105759296,558642.4978879599,389.99851755650684,389.99852343593113
1554,1555,4868946.948212199,4868948.837923814,558642.4978879599,558639.1575445661,389.99852343593113,389.9997118039327
1555,1556,4868948.837923814,4868949.492326431,558639.1575445661,558637.9283588674,389.9997118039327,389.9984192143264
1556,1557,4868949.492326431,4868952.506651909,558637.9283588674,558632.2706168782,389.9984192143264,389.9983784073784
1557,1558,4868952.506651909,4868953.761909815,558632.2706168782,558630.0193536463,389.9983784073784,389.99988203300745
1558,1559,4868953.761909815,4868955.033760289,558630.0193536463,558627.7486844499,389.99988203300745,389.9997969958637
1559,1560,4868955.033760289,4868957.380198043,558627.7486844499,558623.2438962823,389.9997969958637,389.99980427607574
1560,1561,4868957.380198043,4868958.614577296,558623.2438962823,558621.0424887027,389.99980427607574,389.99978112431756
1561,1562,4868958.614577296,4868960.480767944,558621.0424887027,558617.6926782603,389.99978112431756,389.9985296136534
1562,1563,4868960.480767944,4868963.0234215995,558617.6926782603,558613.1045927197,389.9985296136534,389.99852125753006
1563,1564,4868963.0234215995,4868963.619837464,558613.1045927197,558612.0753396392,389.99852125753006,389.9998161466013
1564,1565,4868963.619837464,4868965.986982098,558612.0753396392,558607.657015871,389.9998161466013,389.99963531766605
1565,1566,4868965.986982098,4868968.374588745,558607.657015871,558603.3146468579,389.99963531766605,389.99842241516023
1566,1567,4868968.374588745,4868969.011317205,558603.3146468579,558602.2244690278,389.99842241516023,389.9998144726437
1567,1568,4868969.011317205,4868971.388869182,558602.2244690278,558597.7141314253,389.9998144726437,389.99977778303213
1568,1569,4868971.388869182,4868973.891984851,558597.7141314253,558593.1839717112,389.99977778303213,389.9983364625189
1569,1570,4868973.891984851,4868976.942971348,558593.1839717112,558587.465473048,389.9983364625189,389.9985013554899
1570,1571,4868976.942971348,4868978.8028974915,558587.465473048,558584.1863025794,389.9985013554899,389.99969612283894
1571,1572,4868978.8028974915,4868979.475096429,558584.1863025794,558582.9265939541,389.99969612283894,389.9982303387298
1572,1573,4868979.475096429,4868982.460065994,558582.9265939541,558577.3752537293,389.9982303387298,389.9982794138389
1573,1574,4868982.460065994,4868983.752981078,558577.3752537293,558575.0261451454,389.9982794138389,389.99986240748774
1574,1575,4868983.752981078,4868984.99885758,558575.0261451454,558572.7969032354,389.99986240748774,389.999797871868
1575,1576,4868984.99885758,4868987.453943917,558572.7969032354,558568.293740643,389.999797871868,389.99976526827874
1576,1577,4868987.453943917,4868988.768492489,558568.293740643,558565.7559308929,389.99976526827874,389.9982909987397
1577,1578,4868988.768492489,4868990.637135396,558565.7559308929,558562.4956642481,389.9982909987397,389.99954393611296
1578,1579,4868990.637135396,4868992.986964583,558562.4956642481,558558.0803811027,389.99954393611296,389.99829535081324
1579,1580,4868992.986964583,4868993.549450835,558558.0803811027,558557.1006170618,389.99829535081324,389.9982467674229
1580,1581,4868993.549450835,4868995.488015688,558557.1006170618,558553.4658355191,389.9982467674229,389.9981493354876
1581,1582,4868995.488015688,4868998.487046379,558553.4658355191,558547.9462511458,389.9981493354876,389.99821172284976
1582,1583,4868998.487046379,4868999.088411355,558547.9462511458,558546.9048491108,389.99821172284976,389.9983984136535
1583,1584,4868999.088411355,4869000.951334463,558546.9048491108,558543.4318286222,389.9983984136535,389.99812643875646
1584,1585,4869000.951334463,4869004.052728329,558543.4318286222,558537.6964025091,389.99812643875646,389.9981014410849
1585,1586,4869004.052728329,4869006.480440193,558537.6964025091,558533.4565624214,389.9981014410849,389.99804636625373
1586,1587,4869006.480440193,4869008.83490358,558533.4565624214,558529.0915869615,389.99804636625373,389.9997356839754
1587,1588,4869008.83490358,4869009.482264896,558529.0915869615,558527.8904238289,389.9997356839754,389.99804590111853
1588,1589,4869009.482264896,4869012.502241774,558527.8904238289,558522.3863894664,389.99804590111853,389.9981225567867
1589,1590,4869012.502241774,4869013.688712853,558522.3863894664,558520.1627322587,389.9981225567867,389.998054206695
1590,1591,4869013.688712853,4869014.850962066,558520.1627322587,558518.089127026,389.998054206695,389.99803707346473
1591,1592,4869014.850962066,4869017.854679358,558518.089127026,558512.5806413537,389.99803707346473,389.99809665413454
1592,1593,4869017.854679358,4869019.040686656,558512.5806413537,558510.3521484311,389.99809665413454,389.99802359401133
1593,1594,4869019.040686656,4869020.20550863,558510.3521484311,558508.2758998653,389.99802359401133,389.9980051267573
1594,1595,4869020.20550863,4869023.197313985,558508.2758998653,558502.7696633177,389.9980051267573,389.9980700025147
1595,1596,4869023.197313985,4869023.7447524145,558502.7696633177,558501.842043496,389.9980700025147,389.99962707767617
1596,1597,4869023.7447524145,4869025.550602863,558501.842043496,558498.4581758194,389.99962707767617,389.9979722468368
1597,1598,4869025.550602863,4869028.533573026,558498.4581758194,558492.9553902509,389.9979722468368,389.9979685462858
1598,1599,4869028.533573026,4869031.459069871,558492.9553902509,558487.7814297478,389.9979685462858,389.9995446781694
1599,1600,4869031.459069871,4869033.889816274,558487.7814297478,558483.153732575,389.9995446781694,389.9979360567958
1600,1601,4869033.889816274,4869036.801329054,558483.153732575,558477.969879925,389.9979360567958,389.9995373565967
1601,1602,4869036.801329054,4869038.565557597,558477.969879925,558474.639302947,389.9995373565967,389.99786003946286
1602,1603,4869038.565557597,4869039.230827549,558474.639302947,558473.3431216112,389.99786003946286,389.99790279680303
1603,1604,4869039.230827549,4869042.143722975,558473.3431216112,558468.1587574581,389.99790279680303,389.99825103622817
1604,1605,4869042.143722975,4869043.894401378,558468.1587574581,558464.8312581712,389.99825103622817,389.99782726586756
1605,1606,4869043.894401378,4869045.121006249,558464.8312581712,558462.5916010273,389.99782726586756,389.99948964907225
1606,1607,4869045.121006249,4869047.497627798,558462.5916010273,558458.317074424,389.99948964907225,389.9982093097597
1607,1608,4869047.497627798,4869048.65475975,558458.317074424,558455.9730395648,389.9982093097597,389.9945564048108
1608,1609,4869048.65475975,4869050.499754251,558455.9730395648,558452.8944092942,389.9945564048108,389.98040159872744
1609,1610,4869050.499754251,4869053.493992507,558452.8944092942,558447.3636829524,389.98040159872744,389.9490010389366
1610,1611,4869053.493992507,4869054.01695314,558447.3636829524,558446.2699265656,389.9490010389366,389.9395244978497
1611,1612,4869054.01695314,4869055.872883915,558446.2699265656,558443.1127003288,389.9395244978497,389.91383265409826
1612,1613,4869055.872883915,4869058.898177743,558443.1127003288,558437.5940192871,389.91383265409826,389.85519077769794
1613,1614,4869058.898177743,4869061.283191525,558437.5940192871,558433.3582825471,389.85519077769794,389.8002226648681
1614,1615,4869061.283191525,4869063.805510223,558433.3582825471,558429.0285121824,389.8002226648681,389.7350234461343
1615,1616,4869063.805510223,4869064.411631812,558429.0285121824,558427.8783181596,389.7350234461343,389.7208125068738
1616,1617,4869064.411631812,4869066.8422408085,558427.8783181596,558423.4399134759,389.7208125068738,389.65042893377347
1617,1618,4869066.8422408085,4869068.783647293,558423.4399134759,558420.063472137,389.65042893377347,389.59530471165607
1618,1619,4869068.783647293,4869069.972579351,558420.063472137,558417.8880724509,389.59530471165607,389.5588872708366
1619,1620,4869069.972579351,4869072.514781061,558417.8880724509,558413.2268671639,389.5588872708366,389.4791825154521
1620,1621,4869072.514781061,4869073.839847175,558413.2268671639,558410.8221365394,389.4791825154521,389.4392218109642
1621,1622,4869073.839847175,4869075.581729087,558410.8221365394,558407.7698957808,389.4392218109642,389.3830394424559
1622,1623,4869075.581729087,4869078.06356652,558407.7698957808,558403.2746305927,389.3830394424559,389.3026274007615
1623,1624,4869078.06356652,4869078.697290507,558403.2746305927,558402.199122925,389.3026274007615,389.2823009226255
1624,1625,4869078.697290507,4869080.717113461,558402.199122925,558398.4798749676,389.2823009226255,389.2168027169366
1625,1626,4869080.717113461,4869083.873154113,558398.4798749676,558392.7214921544,389.2168027169366,389.10897469856104
1626,1627,4869083.873154113,4869086.318598069,558392.7214921544,558388.2077053108,389.10897469856104,389.02488553429373
1627,1628,4869086.318598069,4869088.761787606,558388.2077053108,558383.7490103557,389.02488553429373,388.940903714356
1628,1629,4869088.761787606,4869089.395816783,558383.7490103557,558382.6101510271,388.940903714356,388.9203958343831
1629,1630,4869089.395816783,4869091.994044967,558382.6101510271,558378.0039755262,388.9203958343831,388.83656628934295
1630,1631,4869091.994044967,4869093.867596812,558378.0039755262,558374.6013005597,388.83656628934295,388.77590021450334
1631,1632,4869093.867596812,4869094.651688106,558374.6013005597,558373.1628634011,388.77590021450334,388.74919471236734
1632,1633,4869094.651688106,4869097.693882637,558373.1628634011,558367.6026066974,388.74919471236734,388.6490913760625
1633,1634,4869097.693882637,4869098.879139896,558367.6026066974,558365.4553513629,388.6490913760625,388.6119105867614
1634,1635,4869098.879139896,4869100.101576698,558365.4553513629,558363.3886342671,388.6119105867614,388.57604458316194
1635,1636,4869100.101576698,4869103.103349475,558363.3886342671,558357.8709991565,388.57604458316194,388.4811251282545
1636,1637,4869103.103349475,4869103.631563873,558357.8709991565,558356.996356267,388.4811251282545,388.4659297871471
1637,1638,4869103.631563873,4869106.010240544,558356.996356267,558352.6311049666,388.4659297871471,388.3954466845637
1638,1639,4869106.010240544,4869108.628701951,558352.6311049666,558347.8686867667,388.3954466845637,388.3196959625433
1639,1640,4869108.628701951,4869111.134546128,558347.8686867667,558343.3972757168,388.3196959625433,388.24841070772555
1640,1641,4869111.134546128,4869113.528777265,558343.3972757168,558338.8710828583,388.24841070772555,388.1786578621207
1641,1642,4869113.528777265,4869114.177334076,558338.8710828583,558337.7934042023,388.1786578621207,388.1635300457774
1642,1643,4869114.177334076,4869116.734391821,558337.7934042023,558333.1595101259,388.1635300457774,388.09462924814824
1643,1644,4869116.734391821,4869119.065824347,558333.1595101259,558328.9143280054,388.09462924814824,388.02898744837233
1644,1645,4869119.065824347,4869119.677186891,558328.9143280054,558327.9062091094,388.02898744837233,388.0171036823573
1645,1646,4869119.677186891,4869122.182993871,558327.9062091094,558323.3198723515,388.0171036823573,387.9538272945866
1646,1647,4869122.182993871,4869123.984429524,558323.3198723515,558320.0923204994,387.9538272945866,387.9062852210162
1647,1648,4869123.984429524,4869125.148374831,558320.0923204994,558317.8649171796,387.9062852210162,387.8774047358215
1648,1649,4869125.148374831,4869127.7753689615,558317.8649171796,558313.2458466571,387.8774047358215,387.8130027999616
1649,1650,4869127.7753689615,4869129.038524364,558313.2458466571,558310.8278449329,387.8130027999616,387.7800757090684
1650,1651,4869129.038524364,4869130.819982354,558310.8278449329,558307.5891707222,387.7800757090684,387.738980954434
1651,1652,4869130.819982354,4869133.369952402,558307.5891707222,558303.0193138529,387.738980954434,387.68282732342857
1652,1653,4869133.369952402,4869133.837540017,558303.0193138529,558302.1678387587,387.68282732342857,387.6700319412597
1653,1654,4869133.837540017,4869136.280080155,558302.1678387587,558297.7393594934,387.6700319412597,387.61502506039704
1654,1655,4869136.280080155,4869138.861875583,558297.7393594934,558293.019517339,387.61502506039704,387.56149345727636
1655,1656,4869138.861875583,4869141.898839164,558293.019517339,558287.5092712353,387.56149345727636,387.49350219746293
1656,1657,4869141.898839164,4869143.7779723,558287.5092712353,558284.2866277348,387.49350219746293,387.4508631990863
1657,1658,4869143.7779723,4869144.3747068485,558284.2866277348,558283.1112825883,387.4508631990863,387.4391038944527
1658,1659,4869144.3747068485,4869147.394762567,558283.1112825883,558277.4675208386,387.4391038944527,387.3784873843948
1659,1660,4869147.394762567,4869148.574606243,558277.4675208386,558275.3626154397,387.3784873843948,387.35309709959904
1660,1661,4869148.574606243,4869149.75884711,558275.3626154397,558273.2536113898,387.35309709959904,387.3290000399382
1661,1662,4869149.75884711,4869152.8520312775,558273.2536113898,558267.6096419146,387.3290000399382,387.26901405053553
1662,1663,4869152.8520312775,4869154.019701185,558267.6096419146,558265.5048521896,387.26901405053553,387.2458325879172
1663,1664,4869154.019701185,4869155.177666015,558265.5048521896,558263.3699993312,387.2458325879172,387.2235812179832
1664,1665,4869155.177666015,4869158.19665564,558263.3699993312,558257.8006848365,387.2235812179832,387.1695432421477
1665,1666,4869158.19665564,4869158.683578715,558257.8006848365,558256.9437812705,387.1695432421477,387.1581349578282
1666,1667,4869158.683578715,4869161.111571587,558256.9437812705,558252.6318779101,387.1581349578282,387.1145828956674
1667,1668,4869161.111571587,4869163.593050095,558252.6318779101,558248.018740663,387.1145828956674,387.067741736706
1668,1669,4869163.593050095,4869166.655667291,558248.018740663,558242.4884478176,387.067741736706,387.01842432203983
1669,1670,4869166.655667291,4869168.511616786,558242.4884478176,558239.143102786,387.01842432203983,386.9838541473048
1670,1671,4869168.511616786,4869169.10743226,558239.143102786,558237.984852547,386.9838541473048,386.97516340262075
1671,1672,4869169.10743226,4869171.949751236,558237.984852547,558232.7499178803,386.97516340262075,386.9246711058047
1672,1673,4869171.949751236,4869173.824020369,558232.7499178803,558229.4088617463,386.9246711058047,386.8950585413328
1673,1674,4869173.824020369,4869174.410312882,558229.4088617463,558228.266906856,386.8950585413328,386.8861894376239
1674,1675,4869174.410312882,4869177.280088332,558228.266906856,558222.9595010037,386.8861894376239,386.83901395693607
1675,1676,4869177.280088332,4869178.7104367195,558222.9595010037,558220.5133749733,386.83901395693607,386.81721938531695
1676,1677,4869178.7104367195,4869179.804825286,558220.5133749733,558218.4909468751,386.81721938531695,386.79704561589796
1677,1678,4869179.804825286,4869182.625999254,558218.4909468751,558213.1829092856,386.79704561589796,386.75671131788863
1678,1679,4869182.625999254,4869183.96891566,558213.1829092856,558210.8499550734,386.75671131788863,386.73567810516323
1679,1680,4869183.96891566,4869185.58374118,558210.8499550734,558207.9596973596,386.73567810516323,386.71461046472325
1680,1681,4869185.58374118,4869188.009133865,558207.9596973596,558203.4284514233,386.71461046472325,386.675748246578
1681,1682,4869188.009133865,4869188.618272834,558203.4284514233,558202.3903599803,386.675748246578,386.6701353874088
1682,1683,4869188.618272834,4869191.004018378,558202.3903599803,558198.1312201899,386.6701353874088,386.634260094876
1683,1684,4869191.004018378,4869194.049622842,558198.1312201899,558192.6453067455,386.634260094876,386.5561439954801
1684,1685,4869194.049622842,4869196.422881296,558192.6453067455,558188.3766402339,386.5561439954801,386.4772184760336
1685,1686,4869196.422881296,4869198.837507796,558188.3766402339,558183.9590697571,386.4772184760336,386.38727634841473
1686,1687,4869198.837507796,4869199.448545132,558183.9590697571,558182.9110295295,386.38727634841473,386.3711050222825
1687,1688,4869199.448545132,4869202.522247076,558182.9110295295,558177.3342696255,386.3711050222825,386.23716295519074
1688,1689,4869202.522247076,4869203.680507755,558177.3342696255,558175.2569245696,386.23716295519074,386.18581567509204
1689,1690,4869203.680507755,4869204.910535263,558175.2569245696,558173.1915872089,386.18581567509204,386.1285934587364
1690,1691,4869204.910535263,4869208.033779578,558173.1915872089,558167.4952508053,386.1285934587364,385.98193444182397
1691,1692,4869208.033779578,4869208.56527477,558167.4952508053,558166.6281213445,385.98193444182397,385.9566378438721
1692,1693,4869208.56527477,4869210.359594393,558166.6281213445,558163.4570083487,385.9566378438721,385.86416911440455
1693,1694,4869210.359594393,4869213.53138606,558163.4570083487,558157.7933116431,385.86416911440455,385.7015133226677
1694,1695,4869213.53138606,4869216.384568604,558157.7933116431,558152.4892679732,385.7015133226677,385.5444289241535
1695,1696,4869216.384568604,4869218.954217235,558152.4892679732,558148.0148567802,385.5444289241535,385.4124050505977
1696,1697,4869218.954217235,4869221.922944125,558148.0148567802,558142.547477546,385.4124050505977,385.24884025372864
1697,1698,4869221.922944125,4869223.659941665,558142.547477546,558139.5193114216,385.24884025372864,385.15961078734966
1698,1699,4869223.659941665,4869224.360913271,558139.5193114216,558138.2089170937,385.15961078734966,385.1202160063536
1699,1700,4869224.360913271,4869227.383676704,558138.2089170937,558132.7206794997,385.1202160063536,384.9579899577457
1700,1701,4869227.383676704,4869228.636653355,558132.7206794997,558130.63770824,384.9579899577457,384.89850427165595
1701,1702,4869228.636653355,4869229.823555467,558130.63770824,558128.3998487105,384.89850427165595,384.8355662228551
1702,1703,4869229.823555467,4869232.995771758,558128.3998487105,558122.6538786192,384.8355662228551,384.67143514178485
1703,1704,4869232.995771758,4869233.54989446,558122.6538786192,558121.789862471,384.67143514178485,384.6483834723344
1704,1705,4869233.54989446,4869236.00166734,558121.789862471,558117.2498440021,384.6483834723344,384.52397698349137
1705,1706,4869236.00166734,4869238.490652456,558117.2498440021,558112.840344551,384.52397698349137,384.40138464631633
1706,1707,4869238.490652456,4869239.02004857,558112.840344551,558111.9275654051,384.40138464631633,384.37480760099464
1707,1708,4869239.02004857,4869241.506054984,558111.9275654051,558107.3693558214,384.37480760099464,384.2604506184783
1708,1709,4869241.506054984,4869244.0087755285,558107.3693558214,558102.9291359596,384.2604506184783,384.14497886037975
1709,1710,4869244.0087755285,4869247.142961682,558102.9291359596,558097.3789743359,384.14497886037975,384.0078767343988
1710,1711,4869247.142961682,4869248.7031101035,558097.3789743359,558094.4365479889,384.0078767343988,383.92991516308985
1711,1712,4869248.7031101035,4869249.428087812,558094.4365479889,558093.1838083924,383.92991516308985,383.89929276510696
1712,1713,4869249.428087812,4869252.5586718675,558093.1838083924,558087.4746004915,383.89929276510696,383.75649915975055
1713,1714,4869252.5586718675,4869253.756660709,558087.4746004915,558085.4297051659,383.75649915975055,383.7069210480023
1714,1715,4869253.756660709,4869255.000918847,558085.4297051659,558083.282970738,383.7069210480023,383.6609171333001
1715,1716,4869255.000918847,4869258.090258514,558083.282970738,558077.4962037469,383.6609171333001,383.5243366543872
1716,1717,4869258.090258514,4869258.620018708,558077.4962037469,558076.4830473786,383.5243366543872,383.50189881132616
1717,1718,4869258.620018708,4869260.452056714,558076.4830473786,558073.3057394004,383.50189881132616,383.4315542601936
1718,1719,4869260.452056714,4869263.530227471,558073.3057394004,558067.7694162701,383.4315542601936,383.3022744703645
1719,1720,4869263.530227471,4869266.091252243,558067.7694162701,558063.3130651476,383.3022744703645,383.20415063524536
1720,1721,4869266.091252243,4869269.072843396,558063.3130651476,558057.8898729534,383.20415063524536,383.08970350438295
1721,1722,4869269.072843396,4869272.199676749,558057.8898729534,558052.2132211274,383.08970350438295,382.97217739708464
1722,993,4869272.199676749,4869277.988213224,558052.2132211274,558052.740825327,382.97217739708464,382.6405795542893
993,1723,4869277.988213224,4869274.480500891,558052.740825327,558048.0498076448,382.6405795542893,382.8909620916131
1723,1724,4869274.480500891,4869277.6054795515,558048.0498076448,558042.4346218624,382.8909620916131,382.778753438618
1724,1725,4869277.6054795515,4869278.701235463,558042.4346218624,558040.3183009871,382.778753438618,382.73344612627847
1725,1726,4869278.701235463,4869279.915018949,558040.3183009871,558038.2053498126,382.73344612627847,382.6971404734107
1726,1727,4869279.915018949,4869283.113295583,558038.2053498126,558032.4816106436,382.6971404734107,382.56432752169803
1727,1728,4869283.113295583,4869283.794071656,558032.4816106436,558031.2022058951,382.56432752169803,382.5266418363795
1728,1729,4869283.794071656,4869285.051736514,558031.2022058951,558028.9895700233,382.5266418363795,382.46838863422266
1729,1730,4869285.051736514,4869285.509293894,558028.9895700233,558028.292578226,382.46838863422266,382.4497535063449
1730,1731,4869285.509293894,4869288.600879572,558028.292578226,558022.674148307,382.4497535063449,382.2686829529794
1731,1732,4869288.600879572,4869291.116082933,558022.674148307,558018.3367881007,382.2686829529794,382.10531503678357
1732,1004,4869291.116082933,4869296.534534251,558018.3367881007,558018.4274517923,382.10531503678357,381.6084328223195
1004,1733,4869296.534534251,4869294.201418419,558018.4274517923,558012.8046031552,381.6084328223195,381.89977767451194
1733,1734,4869294.201418419,4869296.626353374,558012.8046031552,558008.4743544171,381.89977767451194,381.71536398015803
1734,1007,4869296.626353374,4869302.251736166,558008.4743544171,558007.9693062847,381.71536398015803,381.16731722973356
1007,1735,4869302.251736166,4869299.9175381,558007.9693062847,558002.7355969159,381.16731722973356,381.4748439409616
1735,1736,4869299.9175381,4869302.4927561,558002.7355969159,557998.1691844686,381.4748439409616,381.27912000305264
1736,1010,4869302.4927561,4869307.660525815,557998.1691844686,557997.9579291382,381.27912000305264,380.72311391494685
1010,1737,4869307.660525815,4869305.5153379915,557997.9579291382,557992.7603225998,380.72311391494685,381.03420885206407
1737,1738,4869305.5153379915,4869308.22172186,557992.7603225998,557987.9624844185,381.03420885206407,380.80234753086626
1738,1013,4869308.22172186,4869313.176942867,557987.9624844185,557987.9671872462,380.80234753086626,380.2665398815547
1013,1739,4869313.176942867,4869311.346266429,557987.9671872462,557982.469926981,380.2665398815547,380.54524819778624
1739,1740,4869311.346266429,4869313.89384091,557982.469926981,557978.0877479451,380.54524819778624,380.3346596314835
1740,1741,4869313.89384091,4869317.16005262,557978.0877479451,557972.3020855743,380.3346596314835,380.05571760336943
1741,1017,4869317.16005262,4869321.216051558,557972.3020855743,557973.3162286615,380.05571760336943,379.6327819732698
1017,1742,4869321.216051558,4869319.680025265,557973.3162286615,557967.917246443,379.6327819732698,379.8579003619949
1742,1743,4869319.680025265,4869322.768795064,557967.917246443,557962.4873958435,379.8579003619949,379.6121480075792
1743,1019,4869322.768795064,4869326.82417078,557962.4873958435,557962.87761023,379.6121480075792,379.2355671323513
1019,1744,4869326.82417078,4869325.229005183,557962.87761023,557958.0589141836,379.2355671323513,379.417490034547
1744,1022,4869325.229005183,4869332.430801627,557958.0589141836,557952.6896896582,379.417490034547,378.84753602461444
1022,1745,4869332.430801627,4869330.853139016,557952.6896896582,557948.1041661882,378.84753602461444,379.0183975302803
1745,1025,4869330.853139016,4869337.950100214,557948.1041661882,557942.6779022778,379.0183975302803,378.4757648410108
1025,1746,4869337.950100214,4869336.6550796535,557942.6779022778,557938.0345432068,378.4757648410108,378.62828112213344
1746,1027,4869336.6550796535,4869340.240783984,557938.0345432068,557938.4260533736,378.62828112213344,378.3220202221799
1028,1747,4869343.31184479,4869342.242361472,557932.7988861275,557928.1701473111,378.12942018830114,378.25401771659745
1747,1030,4869342.242361472,4869345.74494833,557928.1701473111,557928.2325870087,378.25401771659745,377.9730328563472
1031,1748,4869348.4487209115,4869348.05449814,557923.271946984,557917.8328512041,377.80298675826594,377.8801382432645
1748,1033,4869348.05449814,4869351.42094288,557917.8328512041,557917.7421032863,377.8801382432645,377.61859804309694
1033,1749,4869351.42094288,4869351.272763295,557917.7421032863,557912.0685698693,377.61859804309694,377.67845300277065
1749,1750,4869351.272763295,4869353.7375803795,557912.0685698693,557907.9232068977,377.67845300277065,377.5324852247176
1750,1035,4869353.7375803795,4869357.034283924,557907.9232068977,557907.5071401093,377.5324852247176,377.2791791293724
1035,1751,4869357.034283924,4869356.875598921,557907.5071401093,557902.2561644648,377.2791791293724,377.3453942379268
1751,1037,4869356.875598921,4869359.572270725,557902.2561644648,557903.033956084,377.3453942379268,377.1372240210254
1038,1752,4869362.64580071,4869362.573035408,557897.4426607653,557892.3467930058,376.9750416466684,377.02911085553495
1752,1040,4869362.573035408,4869365.203251976,557892.3467930058,557892.8031933839,377.02911085553495,376.83710497238985
1041,1753,4869367.953409113,4869368.144477819,557887.7684946668,557882.7135451142,376.6891495455094,376.73593731175924
1753,1043,4869368.144477819,4869370.4811026985,557882.7135451142,557883.1957586309,376.73593731175924,376.5564535485656
1043,1754,4869370.4811026985,4869370.7831682535,557883.1957586309,557878.176477851,376.5564535485656,376.6055788502587
1754,1045,4869370.7831682535,4869376.228194585,557878.176477851,557872.9147498241,376.6055788502587,376.28443978446285
1045,1755,4869376.228194585,4869377.180232595,557872.9147498241,557867.1327457572,376.28443978446285,376.28923203737975
1755,1046,4869377.180232595,4869378.890433974,557867.1327457572,557868.0848684267,376.28923203737975,376.1653379098844
1047,1756,4869382.241488401,4869382.746804155,557862.121656905,557857.480163093,376.0205590894785,376.03438071318214
1756,1049,4869382.746804155,4869384.371971826,557857.480163093,557858.4265464996,376.03438071318214,375.9317801717908
1050,1757,4869387.753981858,4869388.390774168,557852.2858872842,557847.9083945728,375.7871028450075,375.79887843363827
1757,1052,4869388.390774168,4869389.929529012,557847.9083945728,557848.3374969496,375.79887843363827,375.71000750133794
1055,1758,4869395.78157802,4869397.640335732,557837.9961387456,557831.9443969431,375.54144863965314,375.5053596024706
1758,1056,4869397.640335732,4869398.742689546,557831.9443969431,557832.5469210845,375.5053596024706,375.4667233270213
1057,1759,4869401.39518607,4869403.155584689,557827.9933107065,557822.5071798471,375.4044207975896,375.36861576288976
1759,1058,4869403.155584689,4869403.95395575,557822.5071798471,557823.3295111973,375.36861576288976,375.3496751331862
1760,1761,4867747.0,4867750.049495891,558522.0,558520.6381019268,393.1099853515625,393.077340608511
1761,1762,4867750.049495891,4867753.999526021,558520.6381019268,558518.8753721914,393.077340608511,393.03419557620595
1762,1763,4867753.999526021,4867755.482965967,558518.8753721914,558518.2270517283,393.03419557620595,393.02325171443414
1763,1764,4867755.482965967,4867759.753046311,558518.2270517283,558516.3628163511,393.02325171443414,392.97207011739897
1764,1765,4867759.753046311,4867763.985168363,558516.3628163511,558514.5319143123,392.97207011739897,392.92598525896176
1765,1766,4867763.985168363,4867766.372058759,558514.5319143123,558513.4813367509,392.92598525896176,392.89591724129565
1766,1767,4867766.372058759,4867769.716863171,558513.4813367509,558512.0269554373,392.89591724129565,392.8588528075597
1767,1768,4867769.716863171,4867774.05467821,558512.0269554373,558510.1535643883,392.8588528075597,392.80537643284583
1768,1769,4867774.05467821,4867778.2219113475,558510.1535643883,558508.3174687732,392.80537643284583,392.75249933683165
1769,1770,4867778.2219113475,4867779.217296408,558508.3174687732,558507.8957713514,392.75249933683165,392.74972934251286
1770,1771,4867779.217296408,4867784.489418413,558507.8957713514,558505.5985387369,392.74972934251286,392.68813586415854
1771,1772,4867784.489418413,4867789.444970327,558505.5985387369,558503.4488160721,392.68813586415854,392.6392087048216
1772,1773,4867789.444970327,4867794.747592948,558503.4488160721,558501.1679367637,392.6392087048216,392.57759665875346
1773,1774,4867794.747592948,4867798.680058725,558501.1679367637,558499.4248657437,392.57759665875346,392.5333836556442
1774,1775,4867798.680058725,4867801.009221909,558499.4248657437,558498.3997886535,392.5333836556442,392.5090193755317
1775,1776,4867801.009221909,4867802.172647058,558498.3997886535,558497.9105414284,392.5090193755317,392.4957240691051
1776,1777,4867802.172647058,4867804.9910470145,558497.9105414284,558496.7014742038,392.4957240691051,392.46370753879785
1777,1778,4867804.9910470145,4867808.764512376,558496.7014742038,558495.0866185211,392.46370753879785,392.42053145306886
1778,1779,4867808.764512376,4867812.413796412,558495.0866185211,558493.4987628936,392.42053145306886,392.38692699819984
1779,1780,4867812.413796412,4867813.584653316,558493.4987628936,558493.0039865036,392.38692699819984,392.37305527732326
1780,1781,4867813.584653316,4867818.991418089,558493.0039865036,558490.6916606927,392.37305527732326,392.3110791864457
1781,1782,4867818.991418089,4867823.773358296,558490.6916606927,558488.6136978774,392.3110791864457,392.2629611697434
1782,1783,4867823.773358296,4867825.002553153,558488.6136978774,558488.0562496502,392.2629611697434,392.2473180374164
1783,1784,4867825.002553153,4867828.601618045,558488.0562496502,558486.4823929411,392.2473180374164,392.2152164470015
1784,1785,4867828.601618045,4867833.686782457,558486.4823929411,558484.2925360326,392.2152164470015,392.1602851389113
1785,1786,4867833.686782457,4867836.001166788,558484.2925360326,558483.3232778949,392.1602851389113,392.13382044288966
1786,1787,4867836.001166788,4867839.709441158,558483.3232778949,558481.6878647334,392.13382044288966,392.0954720758474
1787,1788,4867839.709441158,4867844.398685125,558481.6878647334,558479.5534905257,392.0954720758474,392.047788259071
1788,1789,4867844.398685125,4867848.117458823,558479.5534905257,558478.009873811,392.047788259071,392.008268523426
1789,1790,4867848.117458823,4867849.182613428,558478.009873811,558477.5779822924,392.008268523426,391.99976175227516
1790,1791,4867849.182613428,4867854.184830875,558477.5779822924,558475.3872063713,391.99976175227516,391.94552048894536
1791,1792,4867854.184830875,4867858.872052758,558475.3872063713,558473.3626833291,391.94552048894536,391.8969183770821
1792,1793,4867858.872052758,4867863.803524969,558473.3626833291,558471.2146457925,391.8969183770821,391.8497824686324
1793,1794,4867863.803524969,4867868.6496137995,558471.2146457925,558469.1746272368,391.8497824686324,391.79528868367964
1794,1795,4867868.6496137995,4867871.048972325,558469.1746272368,558468.1097336536,391.79528868367964,391.76744594865204
1795,1796,4867871.048972325,4867874.632037686,558468.1097336536,558466.4945905919,391.76744594865204,391.73535895748677
1796,1797,4867874.632037686,4867879.400949427,558466.4945905919,558464.4832663072,391.73535895748677,391.6864232099754
1797,1798,4867879.400949427,4867883.083162044,558464.4832663072,558462.9000737546,391.6864232099754,391.6450167122353
1798,1799,4867883.083162044,4867884.299965471,558462.9000737546,558462.3567731063,391.6450167122353,391.631377807357
1799,1800,4867884.299965471,4867889.103365456,558462.3567731063,558460.3050627705,391.631377807357,391.5857150135426
1800,1801,4867889.103365456,4867893.854022238,558460.3050627705,558458.2100623051,391.5857150135426,391.5380075452254
1801,1802,4867893.854022238,4867898.579104351,558458.2100623051,558456.2662627059,391.5380075452254,391.4927580296454
1802,1803,4867898.579104351,4867903.541864407,558456.2662627059,558454.0469317492,391.4927580296454,391.44113136831464
1803,1804,4867903.541864407,4867905.823344334,558454.0469317492,558453.0190993487,391.44113136831464,391.42665383085864
1804,1805,4867905.823344334,4867909.627483642,558453.0190993487,558451.4614599302,391.42665383085864,391.387855039581
1805,1806,4867909.627483642,4867914.2109520165,558451.4614599302,558449.4551427257,391.387855039581,391.33713131659124
1806,1807,4867914.2109520165,4867916.500932081,558449.4551427257,558448.4845944807,391.33713131659124,391.3126713325096
1807,1808,4867916.500932081,4867918.812920471,558448.4845944807,558447.4463036841,391.3126713325096,391.29327997923826
1808,1809,4867918.812920471,4867923.787326988,558447.4463036841,558445.3088027571,391.29327997923826,391.24615473718075
1809,1810,4867923.787326988,4867928.483731358,558445.3088027571,558443.324302172,391.24615473718075,391.1957506779147
1810,1811,4867928.483731358,4867929.741354184,558443.324302172,558442.7428045932,391.1957506779147,391.1805552904085
1811,1812,4867929.741354184,4867934.300918866,558442.7428045932,558440.7185160054,391.1805552904085,391.14464313127166
1812,1813,4867934.300918866,4867938.917416455,558440.7185160054,558438.7919743984,391.14464313127166,391.0975291022271
1813,1814,4867938.917416455,4867940.066758334,558438.7919743984,558438.2798573261,391.0975291022271,391.0857338839852
1814,1815,4867940.066758334,4867943.5337042585,558438.2798573261,558436.7943625478,391.0857338839852,391.0529983845139
1815,1816,4867943.5337042585,4867949.35281978,558436.7943625478,558434.2412165442,391.0529983845139,390.99982528967473
1816,1817,4867949.35281978,4867951.816048601,558434.2412165442,558433.1762655956,390.99982528967473,390.9737902023846
1817,1818,4867951.816048601,4867954.023967291,558433.1762655956,558432.2042323635,390.9737902023846,390.95435036301865
1818,1819,4867954.023967291,4867958.922637784,558432.2042323635,558430.1454905713,390.95435036301865,390.90569758194994
1819,1820,4867958.922637784,4867963.61618755,558430.1454905713,558428.1157959428,390.90569758194994,390.865974100878
1820,1821,4867963.61618755,4867969.690462091,558428.1157959428,558425.4723166295,390.865974100878,390.8040072750874
1821,1822,4867969.690462091,4867974.301797534,558425.4723166295,558423.4953496276,390.8040072750874,390.762172047055
1822,1823,4867974.301797534,4867978.919514691,558423.4953496276,558421.4506008294,390.762172047055,390.719094084434
1823,1824,4867978.919514691,4867983.8119594185,558421.4506008294,558419.3909436531,390.719094084434,390.6747846498987
1824,1825,4867983.8119594185,4867986.132899357,558419.3909436531,558418.3228817398,390.6747846498987,390.65221039835745
1825,1826,4867986.132899357,4867989.4803046435,558418.3228817398,558416.9242837236,390.65221039835745,390.62246061699545
1826,1827,4867989.4803046435,4867994.179869901,558416.9242837236,558414.8654929067,390.62246061699545,390.58151703729715
1827,1828,4867994.179869901,4867997.565344422,558414.8654929067,558413.43741055,390.58151703729715,390.5448615401806
1828,1829,4867997.565344422,4867998.739794565,558413.43741055,558412.9579516894,390.5448615401806,390.5352515715812
1829,1830,4867998.739794565,4868004.622647449,558412.9579516894,558410.3038041015,390.5352515715812,390.4777296594947
1830,1831,4868004.622647449,4868009.252120433,558410.3038041015,558408.3619384456,390.4777296594947,390.4362031412618
1831,1832,4868009.252120433,4868013.861516062,558408.3619384456,558406.3206384253,390.4362031412618,390.3926060564301
1832,1833,4868013.861516062,4868018.670090146,558406.3206384253,558404.177063356,390.3926060564301,390.3422936292898
1833,1834,4868018.670090146,4868020.952643684,558404.177063356,558403.2249877772,390.3422936292898,390.32928940324723
1834,1835,4868020.952643684,4868024.517502375,558403.2249877772,558401.7004976384,390.32928940324723,390.2968092197578
1835,1836,4868024.517502375,4868029.28374225,558401.7004976384,558399.5438046494,390.2968092197578,390.244661335303
1836,1837,4868029.28374225,4868032.806424033,558399.5438046494,558398.1105167603,390.244661335303,390.2123640445921
1837,1838,4868032.806424033,4868033.824856808,558398.1105167603,558397.6467843875,390.2123640445921,390.20730329495336
1838,1839,4868033.824856808,4868038.5297102025,558397.6467843875,558395.5866960653,390.20730329495336,390.16416544060263
1839,1840,4868038.5297102025,4868044.252668825,558395.5866960653,558393.135442445,390.16416544060263,390.1111670404877
1840,1841,4868044.252668825,4868049.094397812,558393.135442445,558391.0262688191,390.1111670404877,390.0711591665162
1841,1842,4868049.094397812,4868053.669601922,558391.0262688191,558388.9764339987,390.0711591665162,390.02768082048283
1842,1843,4868053.669601922,4868056.05011784,558388.9764339987,558387.951444532,390.02768082048283,390.0089179424518
1843,1844,4868056.05011784,4868059.426156478,558387.951444532,558386.5150896067,390.0089179424518,389.9776803766148
1844,1845,4868059.426156478,4868064.055416173,558386.5150896067,558384.4512323845,389.9776803766148,389.9357876237027
1845,1846,4868064.055416173,4868066.344989146,558384.4512323845,558383.4577814419,389.9357876237027,389.91705778191215
1846,1847,4868066.344989146,4868068.718605363,558383.4577814419,558382.4723544808,389.91705778191215,389.8927715673294
1847,1848,4868068.718605363,4868074.59875614,558382.4723544808,558379.8007682543,389.8927715673294,389.8433701785783
1848,1849,4868074.59875614,4868078.28792089,558379.8007682543,558378.2245398416,389.8433701785783,389.81046087792527
1849,1850,4868078.28792089,4868079.309198508,558378.2245398416,558377.8125148974,389.81046087792527,389.80175541129836
1850,1851,4868079.309198508,4868084.088858607,558377.8125148974,558375.7894305007,389.80175541129836,389.7599404634316
1851,1852,4868084.088858607,4868088.741235113,558375.7894305007,558373.7383824745,389.7599404634316,389.72004909322925
1852,1853,4868088.741235113,4868089.976142317,558373.7383824745,558373.1876831744,389.72004909322925,389.7093797044215
1853,1854,4868089.976142317,4868094.504742206,558373.1876831744,558371.2605243387,389.7093797044215,389.67212529508197
1854,1855,4868094.504742206,4868099.22088374,558371.2605243387,558369.132227267,389.67212529508197,389.6323313460658
1855,1856,4868099.22088374,4868101.433504729,558369.132227267,558368.2083287644,389.6323313460658,389.61179854042973
1856,1857,4868101.433504729,4868103.747952726,558368.2083287644,558367.2037332128,389.61179854042973,389.5960268039723
1857,1858,4868103.747952726,4868109.659107343,558367.2037332128,558364.6676276949,389.5960268039723,389.5381349567189
1858,1859,4868109.659107343,4868113.115486836,558364.6676276949,558363.150208004,389.5381349567189,389.51625600723605
1859,1860,4868113.115486836,4868114.208037325,558363.150208004,558362.6900058845,389.51625600723605,389.50692445682836
1860,1861,4868114.208037325,4868118.975796292,558362.6900058845,558360.5692289673,389.50692445682836,389.4601781089723
1861,1862,4868118.975796292,4868123.666906222,558360.5692289673,558358.5529150917,389.4601781089723,389.4255232717457
1862,1863,4868123.666906222,4868124.918073362,558358.5529150917,558358.045147393,389.4255232717457,389.41092349103326
1863,1864,4868124.918073362,4868129.368637711,558358.045147393,558355.9767858346,389.41092349103326,389.3750977029256
1864,1865,4868129.368637711,4868134.144077655,558355.9767858346,558353.9596767557,389.3750977029256,389.3347473639051
1865,1866,4868134.144077655,4868136.336042632,558353.9596767557,558352.9744499783,389.3347473639051,389.31889807312837
1866,1867,4868136.336042632,4868138.641159473,558352.9744499783,558351.9632101612,389.31889807312837,389.3012493669529
1867,1868,4868138.641159473,4868144.564011235,558351.9632101612,558349.4520879361,389.3012493669529,389.25280225122776
1868,1869,4868144.564011235,4868146.786473057,558349.4520879361,558348.4994142799,389.25280225122776,389.2346515479802
1869,1870,4868146.786473057,4868149.099799503,558348.4994142799,558347.4469077865,389.2346515479802,389.215464156543
1870,1871,4868149.099799503,4868153.779048641,558347.4469077865,558345.3975756064,389.215464156543,389.1800641568534
1871,1872,4868153.779048641,4868158.245193785,558345.3975756064,558343.4864025965,389.1800641568534,389.14143894073044
1872,1873,4868158.245193785,4868159.351796754,558343.4864025965,558343.022054176,389.14143894073044,389.1306867712211
1873,1874,4868159.351796754,4868164.130874826,558343.022054176,558340.9365097353,389.1306867712211,389.0885928408903
1874,1875,4868164.130874826,4868169.058279602,558340.9365097353,558338.7671094269,389.0885928408903,389.05592481353796
1875,1876,4868169.058279602,4868170.114507606,558338.7671094269,558338.3757601569,389.05592481353796,389.0407759250189
1876,1877,4868170.114507606,4868174.520064002,558338.3757601569,558336.3885070167,389.0407759250189,389.00357497773666
1877,1878,4868174.520064002,4868179.290646403,558336.3885070167,558334.2690326964,389.00357497773666,388.97410520794324
1878,1879,4868179.290646403,4868181.510270069,558334.2690326964,558333.338253173,388.97410520794324,388.9521561155789
1879,1880,4868181.510270069,4868183.605215442,558333.338253173,558332.3291061564,388.9521561155789,388.93369330222293
1880,1881,4868183.605215442,4868189.5484107025,558332.3291061564,558329.8270805915,388.93369330222293,388.8882580926513
1881,1882,4868189.5484107025,4868192.9025319815,558329.8270805915,558328.3059069265,388.8882580926513,388.86394497447344
1882,1883,4868192.9025319815,4868193.838229053,558328.3059069265,558327.8274619835,388.86394497447344,388.85478264033594
1883,1884,4868193.838229053,4868199.7737965435,558327.8274619835,558325.3170548959,388.85478264033594,388.8078991833479
1884,1885,4868199.7737965435,4868204.116707975,558325.3170548959,558323.4355097674,388.8078991833479,388.76950260588785
1885,1886,4868204.116707975,4868208.654364414,558323.4355097674,558321.4400397198,388.76950260588785,388.73718608341574
1886,1887,4868208.654364414,4868213.5623523425,558321.4400397198,558319.2930954719,388.73718608341574,388.69407424884514
1887,1888,4868213.5623523425,4868215.8291548425,558319.2930954719,558318.3017663121,388.69407424884514,388.680365547904
1888,1889,4868215.8291548425,4868219.39331453,558318.3017663121,558316.7161299657,388.680365547904,388.6508308309558
1889,1890,4868219.39331453,4868223.840911828,558316.7161299657,558314.8176589496,388.6508308309558,388.6106182612396
1890,1891,4868223.840911828,4868227.295978205,558314.8176589496,558313.2914977415,388.6106182612396,388.5882639950497
1891,1892,4868227.295978205,4868228.5574233355,558313.2914977415,558312.6909927498,388.5882639950497,388.57750961666443
1892,1893,4868228.5574233355,4868234.1949051535,558312.6909927498,558310.2429202773,388.57750961666443,388.5309094144624
1893,1894,4868234.1949051535,4868238.689309054,558310.2429202773,558308.3275057015,388.5309094144624,388.4953773920923
1894,1895,4868238.689309054,4868244.487188756,558308.3275057015,558305.7296814076,388.4953773920923,388.4524810148629
1895,1896,4868244.487188756,4868248.911613064,558305.7296814076,558303.8039784074,388.4524810148629,388.4201241911102
1896,1897,4868248.911613064,4868250.084631454,558303.8039784074,558303.3207931026,388.4201241911102,388.41344979598114
1897,1898,4868250.084631454,4868254.507553613,558303.3207931026,558301.3302843239,388.41344979598114,388.3839244800262
1898,1899,4868254.507553613,4868259.299069866,558301.3302843239,558299.2880560809,388.3839244800262,388.34290498400145
1899,1900,4868259.299069866,4868261.573939104,558299.2880560809,558298.2890881847,388.34290498400145,388.32900302722055
1900,1901,4868261.573939104,4868263.71074949,558298.2890881847,558297.3078611712,388.32900302722055,388.3118207908258
1901,1902,4868263.71074949,4868269.575135347,558297.3078611712,558294.748947921,388.3118207908258,388.2662011817434
1902,1903,4868269.575135347,4868273.136980703,558294.748947921,558293.1442252834,388.2662011817434,388.24039459327304
1903,1904,4868273.136980703,4868274.207081476,558293.1442252834,558292.7148237149,388.24039459327304,388.23638578705487
1904,1905,4868274.207081476,4868278.910860773,558292.7148237149,558290.5900461052,388.23638578705487,388.1936408045595
1905,1906,4868278.910860773,4868283.603184735,558290.5900461052,558288.5816510305,388.1936408045595,388.1645178326056
1906,1907,4868283.603184735,4868284.643757226,558288.5816510305,558288.1979925814,388.1645178326056,388.159544766228
1907,1908,4868284.643757226,4868289.1272084275,558288.1979925814,558286.0623692345,388.159544766228,388.12188792558123
1908,1909,4868289.1272084275,4868293.761465554,558286.0623692345,558284.1449868425,388.12188792558123,388.08643454064605
1909,1910,4868293.761465554,4868296.081617468,558284.1449868425,558283.1466485388,388.08643454064605,388.06635726406
1910,1911,4868296.081617468,4868299.3372453535,558283.1466485388,558281.570906029,388.06635726406,388.04567982325585
1911,1912,4868299.3372453535,4868303.783628006,558281.570906029,558279.6769355796,388.04567982325585,388.0160546426383
1912,1913,4868303.783628006,4868307.238925947,558279.6769355796,558278.216733438,388.0160546426383,387.9834901889376
1913,1914,4868307.238925947,4868308.519384922,558278.216733438,558277.6048753314,387.9834901889376,387.9735476409971
1914,1915,4868308.519384922,4868314.285038527,558277.6048753314,558275.0682741046,387.9735476409971,387.9379432300008
1915,1916,4868314.285038527,4868318.864497925,558275.0682741046,558272.9955807129,387.9379432300008,387.90257374307186
1916,1917,4868318.864497925,4868324.711079876,558272.9955807129,558270.5081326176,387.90257374307186,387.86540761326387
1917,1918,4868324.711079876,4868329.226580647,558270.5081326176,558268.5526775826,387.86540761326387,387.82731580776084
1918,1919,4868329.226580647,4868330.482658247,558268.5526775826,558268.0110028151,387.82731580776084,387.82071479835884
1919,1920,4868330.482658247,4868333.952990608,558268.0110028151,558266.4633712246,387.82071479835884,387.8037852865514
1920,1921,4868333.952990608,4868338.679421469,558266.4633712246,558264.3742948072,387.8037852865514,387.7640210616005
1921,1922,4868338.679421469,4868341.169886815,558264.3742948072,558263.3370877847,387.7640210616005,387.7504482783973
1922,1923,4868341.169886815,4868344.505441505,558263.3370877847,558261.8881566982,387.7504482783973,387.72374319237133
1923,1924,4868344.505441505,4868349.259326582,558261.8881566982,558259.7282030735,387.72374319237133,387.69009714413085
1924,1925,4868349.259326582,4868352.78191495,558259.7282030735,558258.2549836059,387.69009714413085,387.6695423594509
1925,1926,4868352.78191495,4868353.8260578485,558258.2549836059,558257.771763251,387.6695423594509,387.65933969514276
1926,1927,4868353.8260578485,4868359.599351011,558257.771763251,558255.2541114381,387.65933969514276,387.6190163502213
1927,1928,4868359.599351011,4868364.000168687,558255.2541114381,558253.2774441047,387.6190163502213,387.58851763795343
1928,1929,4868364.000168687,4868368.577209906,558253.2774441047,558251.3030128838,387.58851763795343,387.55447328128935
1929,1930,4868368.577209906,4868374.531544059,558251.3030128838,558248.6582229839,387.55447328128935,387.52389544294397
1930,1931,4868374.531544059,4868376.035402877,558248.6582229839,558247.9964696233,387.52389544294397,387.5175840284273
1931,1932,4868376.035402877,4868378.107415499,558247.9964696233,558247.0336637751,387.5175840284273,387.49377777748657
1932,1933,4868378.107415499,4868379.29128998,558247.0336637751,558246.5496936131,387.49377777748657,387.48305426010165
1933,1934,4868379.29128998,4868383.762578868,558246.5496936131,558244.5256481421,387.48305426010165,387.4641583593417
1934,1935,4868383.762578868,4868387.2077392945,558244.5256481421,558243.1153027242,387.4641583593417,387.4400940436885
1935,1936,4868387.2077392945,4868389.529208159,558243.1153027242,558242.005853939,387.4400940436885,387.41953859231506
1936,1937,4868389.529208159,4868394.294118272,558242.005853939,558239.9543630565,387.41953859231506,387.3905035361093
1937,1938,4868394.294118272,4868397.820882669,558239.9543630565,558238.4358018833,387.3905035361093,387.3730962239959
1938,1939,4868397.820882669,4868398.825241665,558238.4358018833,558237.9265142861,387.3730962239959,387.3620805554446
1939,1940,4868398.825241665,4868404.833047191,558237.9265142861,558235.333876766,387.3620805554446,387.3276894803527
1940,1941,4868404.833047191,4868409.127904864,558235.333876766,558233.4025390911,387.3276894803527,387.2947519615124
1941,1942,4868409.127904864,4868413.906342379,558233.4025390911,558231.3731462399,387.2947519615124,387.26210511704994
1942,1943,4868413.906342379,4868418.663518857,558231.3731462399,558229.234510502,387.26210511704994,387.2354749398337
1943,1944,4868418.663518857,4868421.092586726,558229.234510502,558228.1575061345,387.2354749398337,387.214315970191
1944,1945,4868421.092586726,4868424.441044879,558228.1575061345,558226.6901044619,387.214315970191,387.1992060598144
1945,1946,4868424.441044879,4868429.24485719,558226.6901044619,558224.634547404,387.1992060598144,387.164526146803
1946,1947,4868429.24485719,4868432.671687163,558224.634547404,558223.0551173753,387.164526146803,387.1482944824243
1947,1948,4868432.671687163,4868433.712799788,558223.0551173753,558222.5752354771,387.1482944824243,387.13918096933986
1948,1949,4868433.712799788,4868439.671883492,558222.5752354771,558219.9924769053,387.13918096933986,387.10152698677297
1949,1950,4868439.671883492,4868442.950203319,558219.9924769053,558218.4656814361,387.10152698677297,387.0859987121213
1950,1951,4868442.950203319,4868444.031443896,558218.4656814361,558218.0249733625,387.0859987121213,387.07111831188774
1951,1952,4868444.031443896,4868448.7428457,558218.0249733625,558216.0240587394,387.07111831188774,387.0447524604255
1952,1953,4868448.7428457,4868453.528783778,558216.0240587394,558213.8173869936,387.0447524604255,387.01255607077843
1953,1954,4868453.528783778,4868454.500886165,558213.8173869936,558213.4401436584,387.01255607077843,387.0056642428428
1954,1955,4868454.500886165,4868459.259545107,558213.4401436584,558211.3270810923,387.0056642428428,386.97840867375584
1955,1956,4868459.259545107,4868464.071250221,558211.3270810923,558209.231215482,386.97840867375584,386.9437057441508
1956,1957,4868464.071250221,4868466.32163057,558209.231215482,558208.1837858438,386.9437057441508,386.9366067834245
1957,1958,4868466.32163057,4868468.551218937,558208.1837858438,558207.2383468482,386.9366067834245,386.9231067493306
1958,1959,4868468.551218937,4868474.567998167,558207.2383468482,558204.5748069831,386.9231067493306,386.88539974351704
1959,1960,4868474.567998167,4868478.143513235,558204.5748069831,558202.8938227914,386.88539974351704,386.8580679891116
1960,1961,4868478.143513235,4868479.099464739,558202.8938227914,558202.5428154563,386.8580679891116,386.8518412391979
1961,1962,4868479.099464739,4868483.869230405,558202.5428154563,558200.4572176023,386.8518412391979,386.82348380478084
1962,1963,4868483.869230405,4868488.6554235285,558200.4572176023,558198.3158836833,386.82348380478084,386.78487447766923
1963,1964,4868488.6554235285,4868494.362045778,558198.3158836833,558195.8361604552,386.78487447766923,386.7533967761535
1964,1965,4868494.362045778,4868499.148537854,558195.8361604552,558193.6689921186,386.7533967761535,386.72565202033405
1965,1966,4868499.148537854,4868500.209496276,558193.6689921186,558193.1548136793,386.72565202033405,386.716457563923
1966,1967,4868500.209496276,4868503.713897219,558193.1548136793,558191.6852946929,386.716457563923,386.69904309310635
1967,1968,4868503.713897219,4868509.609508095,558191.6852946929,558189.00065014,386.69904309310635,386.65473234848685
1968,1969,4868509.609508095,4868510.903525366,558189.00065014,558188.3607165493,386.65473234848685,386.65270647382226
1969,1970,4868510.903525366,4868514.12827329,558188.3607165493,558187.0014165406,386.65270647382226,386.62952013806864
1970,1971,4868514.12827329,4868518.645246844,558187.0014165406,558184.994496581,386.62952013806864,386.59350987796626
1971,1972,4868518.645246844,4868522.110485879,558184.994496581,558183.4915427964,386.59350987796626,386.57068402027306
1972,1973,4868522.110485879,4868524.55801216,558183.4915427964,558182.3228787385,386.57068402027306,386.5497472227571
1973,1974,4868524.55801216,4868529.136387522,558182.3228787385,558180.3033635583,386.5497472227571,386.5206662961529
1974,1975,4868529.136387522,4868533.91390469,558180.3033635583,558178.1609412114,386.5206662961529,386.48965666500794
1975,1976,4868533.91390469,4868538.606867911,558178.1609412114,558176.0979573401,386.48965666500794,386.4683868388591
1976,1977,4868538.606867911,4868544.3763945885,558176.0979573401,558173.4902301504,386.4683868388591,386.43189544924553
1977,1978,4868544.3763945885,4868549.143243648,558173.4902301504,558171.3568116623,386.43189544924553,386.41704129182045
1978,1979,4868549.143243648,4868553.997644887,558171.3568116623,558169.1892859221,386.41704129182045,386.397692889206
1979,1980,4868553.997644887,4868556.34077746,558169.1892859221,558168.2033599078,386.397692889206,386.39204616179626
1980,1981,4868556.34077746,4868558.560211738,558168.2033599078,558167.2303081034,386.39204616179626,386.3848585293958
1981,1982,4868558.560211738,4868564.499984574,558167.2303081034,558164.5050385039,386.3848585293958,386.36221027333914
1982,1983,4868564.499984574,4868568.168794636,558164.5050385039,558162.9637536189,386.36221027333914,386.3485541803873
1983,1984,4868568.168794636,4868569.092690524,558162.9637536189,558162.5525457431,386.3485541803873,386.34657909467285
1984,1985,4868569.092690524,4868573.714014039,558162.5525457431,558160.4163712086,386.34657909467285,386.32927306248905
1985,1986,4868573.714014039,4868578.381305663,558160.4163712086,558158.388685066,386.32927306248905,386.3138805729406
1986,1987,4868578.381305663,4868579.282499647,558158.388685066,558157.9854467079,386.3138805729406,386.31207783097796
1987,1988,4868579.282499647,4868583.931182415,558157.9854467079,558155.8908206709,386.31207783097796,386.29660921400193
1988,1989,4868583.931182415,4868588.865607373,558155.8908206709,558153.7209159321,386.29660921400193,386.2809920633001
1989,1990,4868588.865607373,4868590.036775389,558153.7209159321,558153.210008507,386.2809920633001,386.27785742549327
1990,1991,4868590.036775389,4868594.537174469,558153.210008507,558151.2133658456,386.27785742549327,386.2612213655223
1991,1992,4868594.537174469,4868599.261769797,558151.2133658456,558149.1306261823,386.2612213655223,386.24671608240317
1992,1993,4868599.261769797,4868601.475165778,558149.1306261823,558148.1626911581,386.24671608240317,386.23923568644113
1993,1994,4868601.475165778,4868603.683202214,558148.1626911581,558147.2484460791,386.23923568644113,386.233788329394
1994,1995,4868603.683202214,4868609.471270986,558147.2484460791,558144.5898175016,386.233788329394,386.21493055441783
1995,1996,4868609.471270986,4868612.770365795,558144.5898175016,558143.1980402585,386.21493055441783,386.2052222836348
1996,1997,4868612.770365795,4868613.871592224,558143.1980402585,558142.6886930856,386.2052222836348,386.20295492615304
1997,1998,4868613.871592224,4868619.679495186,558142.6886930856,558140.0477827946,386.20295492615304,386.18116329809686
1998,1999,4868619.679495186,4868624.189310892,558140.0477827946,558138.0915644581,386.18116329809686,386.1685370417471
1999,2000,4868624.189310892,4868628.856866339,558138.0915644581,558135.963520898,386.1685370417471,386.1525091734097
2000,2001,4868628.856866339,4868633.888534223,558135.963520898,558133.7433390607,386.1525091734097,386.1399233597165
2001,2002,4868633.888534223,4868635.026038427,558133.7433390607,558133.265926547,386.1399233597165,386.13203690334274
2002,2003,4868635.026038427,4868639.823071934,558133.265926547,558131.0720837486,386.13203690334274,386.1213268997735
2003,2004,4868639.823071934,4868644.316283598,558131.0720837486,558129.1571178476,386.1213268997735,386.10599086029475
2004,2005,4868644.316283598,4868646.563011179,558129.1571178476,558128.1112150545,386.10599086029475,386.09479066847433
2005,2006,4868646.563011179,4868648.890245289,558128.1112150545,558127.125722833,386.09479066847433,386.09110465686916
2006,2007,4868648.890245289,4868653.934529052,558127.125722833,558124.8401404864,386.09110465686916,386.07837086988513
2007,2008,4868653.934529052,4868657.351191915,558124.8401404864,558123.3624388617,386.07837086988513,386.0664842825888
2008,2009,4868657.351191915,4868658.62415261,558123.3624388617,558122.7477539835,386.0664842825888,386.06281656181363
2009,2010,4868658.62415261,4868664.648333277,558122.7477539835,558120.0480515264,386.06281656181363,386.0475503649658
2010,2011,4868664.648333277,4868669.186136393,558120.0480515264,558118.0737034495,386.0475503649658,386.0300204736947
2011,2012,4868669.186136393,4868673.778542623,558118.0737034495,558116.0091723372,386.0300204736947,386.01790109001183
2012,2013,4868673.778542623,4868678.852855079,558116.0091723372,558113.7071698066,386.01790109001183,386.00160628288603
2013,2014,4868678.852855079,4868679.823179362,558113.7071698066,558113.3041356254,386.00160628288603,385.9998444856206
2014,2015,4868679.823179362,4868684.785387807,558113.3041356254,558111.1089612206,385.9998444856206,385.98765355224447
2015,2016,4868684.785387807,4868689.245708291,558111.1089612206,558109.0972013784,385.98765355224447,385.97441445043455
2016,2017,4868689.245708291,4868691.444708725,558109.0972013784,558108.1459842997,385.97441445043455,385.9658117531687
2017,2018,4868691.444708725,4868693.641272557,558108.1459842997,558107.2104437276,385.9658117531687,385.9626430932432
2018,2019,4868693.641272557,4868699.469947073,558107.2104437276,558104.558410321,385.9626430932432,385.9425243510345
2019,2020,4868699.469947073,4868703.127530713,558104.558410321,558102.9467659632,385.9425243510345,385.9365562680188
2020,2021,4868703.127530713,4868704.057266086,558102.9467659632,558102.5458955055,385.9365562680188,385.93125085429745
2021,2022,4868704.057266086,4868708.806425787,558102.5458955055,558100.385687145,385.93125085429745,385.9149651857884
2022,2023,4868708.806425787,4868713.661144833,558100.385687145,558098.2296113389,385.9149651857884,385.9050952878455
2023,2024,4868713.661144833,4868719.676082541,558098.2296113389,558095.4899684356,385.9050952878455,385.8849118722098
2024,2025,4868719.676082541,4868724.371106508,558095.4899684356,558093.4920092507,385.8849118722098,385.87471554605185
2025,2026,4868724.371106508,4868728.932570892,558093.4920092507,558091.4318305227,385.87471554605185,385.8608890406702
2026,2027,4868728.932570892,4868733.969028149,558091.4318305227,558089.2003355309,385.8608890406702,385.8482869673899
2027,2028,4868733.969028149,4868736.173890973,558089.2003355309,558088.2084300818,385.8482869673899,385.8443394910458
2028,2029,4868736.173890973,4868739.139437549,558088.2084300818,558086.8796721931,385.8443394910458,385.8326823469378
2029,2030,4868739.139437549,4868744.232505023,558086.8796721931,558084.5927119941,385.8326823469378,385.82121000511637
2030,2031,4868744.232505023,4868747.497530508,558084.5927119941,558083.1796594644,385.82121000511637,385.8137986191309
2031,2032,4868747.497530508,4868748.793645963,558083.1796594644,558082.5596956474,385.8137986191309,385.8071754451175
2032,2033,4868748.793645963,4868754.649248763,558082.5596956474,558079.9406031343,385.8071754451175,385.7940106001774
2033,2034,4868754.649248763,4868757.900328001,558079.9406031343,558078.4895189136,385.7940106001774,385.7835124434725
2034,2035,4868757.900328001,4868759.092061788,558078.4895189136,558077.9778720019,385.7835124434725,385.78167349875133
2035,2036,4868759.092061788,4868763.972521918,558077.9778720019,558075.7624570121,385.78167349875133,385.76981426272624
2036,2037,4868763.972521918,4868768.521758641,558075.7624570121,558073.733741298,385.76981426272624,385.7542250461038
2037,2038,4868768.521758641,4868769.563694251,558073.733741298,558073.3045955265,385.7542250461038,385.7503598131918
2038,2039,4868769.563694251,4868774.2200378515,558073.3045955265,558071.2268440579,385.7503598131918,385.74359710304645
2039,2040,4868774.2200378515,4868778.728155188,558071.2268440579,558069.1821789213,385.74359710304645,385.72933121607355
2040,2041,4868778.728155188,4868781.131009345,558069.1821789213,558068.1065504216,385.72933121607355,385.72505588151887
2041,2042,4868781.131009345,4868784.420491535,558068.1065504216,558066.646366665,385.72505588151887,385.7193403125485
2042,2043,4868784.420491535,4868789.084510124,558066.646366665,558064.5297040362,385.7193403125485,385.7053302448227
2043,2044,4868789.084510124,4868792.348213167,558064.5297040362,558063.161921095,385.7053302448227,385.6973546251795
2044,2045,4868792.348213167,4868793.553547797,558063.161921095,558062.5897039598,385.6973546251795,385.6941900669104
2045,2046,4868793.553547797,4868799.278009861,558062.5897039598,558059.9447677911,385.6941900669104,385.68021249875915
2046,2047,4868799.278009861,4868803.741317955,558059.9447677911,558057.9881026119,385.68021249875915,385.6705900837512
2047,2048,4868803.741317955,4868809.5458970675,558057.9881026119,558055.3362092051,385.6705900837512,385.6513253060047
2048,2049,4868809.5458970675,4868814.137206946,558055.3362092051,558053.3503459106,385.6513253060047,385.6345696385277
2049,2050,4868814.137206946,4868818.50904763,558053.3503459106,558051.4146571123,385.6345696385277,385.6107807874576
2050,2051,4868818.50904763,4868824.337027033,558051.4146571123,558048.7763816182,385.6107807874576,385.56912062213235
2051,2052,4868824.337027033,4868825.749888632,558048.7763816182,558048.1135309761,385.56912062213235,385.5557885382959
2052,2053,4868825.749888632,4868828.688354997,558048.1135309761,558046.8055598725,385.5557885382959,385.5282288829645
2053,2054,4868828.688354997,4868834.538110699,558046.8055598725,558044.1741460819,385.5282288829645,385.4654218749127
2054,2055,4868834.538110699,4868836.809804566,558044.1741460819,558043.223660819,385.4654218749127,385.43942806336156
2055,2056,4868836.809804566,4868838.854481569,558043.223660819,558042.1910409735,385.43942806336156,385.41470529487884
2056,2057,4868838.854481569,4868843.648928257,558042.1910409735,558040.0302867512,385.41470529487884,385.3471614406048
2057,2058,4868843.648928257,4868848.476647999,558040.0302867512,558037.8669900796,385.3471614406048,385.2793179775449
2058,2059,4868848.476647999,4868849.3410080075,558037.8669900796,558037.4356734185,385.2793179775449,385.26401285976505
2059,2060,4868849.3410080075,4868854.4609613,558037.4356734185,558035.1831427405,385.26401285976505,385.1836335402788
2060,2061,4868854.4609613,4868858.9006930655,558035.1831427405,558033.1310022353,385.1836335402788,385.11244336223666
2061,2062,4868858.9006930655,4868863.695920403,558033.1310022353,558030.9855558778,385.11244336223666,385.0260826231423
2062,2063,4868863.695920403,4868868.701010156,558030.9855558778,558028.7097616694,385.0260826231423,384.93714896017855
2063,2064,4868868.701010156,4868869.565705764,558028.7097616694,558028.2824649808,384.93714896017855,384.9180085869687
2064,2065,4868869.565705764,4868874.088547244,558028.2824649808,558026.2479957992,384.9180085869687,384.83937321782133
2065,2066,4868874.088547244,4868878.888071044,558026.2479957992,558024.1294981485,384.83937321782133,384.7459351376924
2066,2067,4868878.888071044,4868881.170171763,558024.1294981485,558023.062051394,384.7459351376924,384.6973274321767
2067,2068,4868881.170171763,4868884.988758146,558023.062051394,558021.3931227559,384.6973274321767,384.6243501992004
2068,2069,4868884.988758146,4868889.438904758,558021.3931227559,558019.3343929881,384.6243501992004,384.5365159482324
2069,2070,4868889.438904758,4868891.806178095,558019.3343929881,558018.246460084,384.5365159482324,384.48871609963703
2070,2071,4868891.806178095,4868894.210809083,558018.246460084,558017.1542730172,384.48871609963703,384.44252621518376
2071,2072,4868894.210809083,4868899.226653462,558017.1542730172,558014.8720184263,384.44252621518376,384.3425097886951
2072,2073,4868899.226653462,4868902.338426075,558014.8720184263,558013.476550222,384.3425097886951,384.28932263754683
2073,2074,4868902.338426075,4868903.615883368,558013.476550222,558012.9092001781,384.28932263754683,384.2624734214484
2074,2075,4868903.615883368,4868909.52525197,558012.9092001781,558010.2135115349,384.2624734214484,384.1474652974466
2075,2076,4868909.52525197,4868914.003936088,558010.2135115349,558008.2037397228,384.1474652974466,384.06749613976876
2076,2077,4868914.003936088,4868918.741375297,558008.2037397228,558006.033642598,384.06749613976876,383.9780337695281
2077,2078,4868918.741375297,4868923.779523388,558006.033642598,558003.7375674158,383.9780337695281,383.8853608676381
2078,2079,4868923.779523388,4868924.690235566,558003.7375674158,558003.3690819067,383.8853608676381,383.86942416438194
2079,2080,4868924.690235566,4868929.627661636,558003.3690819067,558001.1616451958,383.86942416438194,383.7843476013964
2080,2081,4868929.627661636,4868934.281862085,558001.1616451958,557999.0568148775,383.7843476013964,383.6964564546034
2081,2082,4868934.281862085,4868935.585496005,557999.0568148775,557998.4480849318,383.6964564546034,383.6758926886987
2082,2083,4868935.585496005,4868939.108495697,557998.4480849318,557996.9057224635,383.6758926886987,383.6184172686062
2083,2084,4868939.108495697,4868944.1569628315,557996.9057224635,557994.57268599,383.6184172686062,383.53094072710155
2084,2085,4868944.1569628315,4868947.532104026,557994.57268599,557993.0591957449,383.53094072710155,383.4765883685977
2085,2086,4868947.532104026,4868948.683880566,557993.0591957449,557992.5370220041,383.4765883685977,383.4599991397321
2086,2087,4868948.683880566,4868954.641870633,557992.5370220041,557989.8373612808,383.4599991397321,383.3557164359815
2087,2088,4868954.641870633,4868958.497710411,557989.8373612808,557988.1348424252,383.3557164359815,383.2945533492718
2088,2089,4868958.497710411,4868959.460331424,557988.1348424252,557987.7053596101,383.2945533492718,383.27386626259613
2089,2090,4868959.460331424,4868964.485675793,557987.7053596101,557985.369880471,383.27386626259613,383.1968847833183
2090,2091,4868964.485675793,4868968.953470908,557985.369880471,557983.370951019,383.1968847833183,383.1319275741735
2091,2092,4868968.953470908,4868974.796141755,557983.370951019,557980.7185093054,383.1319275741735,383.03555502909876
2092,2093,4868974.796141755,4868978.517313198,557980.7185093054,557979.0195665966,383.03555502909876,382.97742973164424
2093,2094,4868978.517313198,4868980.797141647,557979.0195665966,557977.9281184468,382.97742973164424,382.9419213283296
2094,2095,4868980.797141647,4868984.066479207,557977.9281184468,557976.5205938219,382.9419213283296,382.8971277870485
2095,2096,4868984.066479207,4868989.039745921,557976.5205938219,557974.2687754091,382.8971277870485,382.82037912650776
2096,2097,4868989.039745921,4868991.232929041,557974.2687754091,557973.2333166954,382.82037912650776,382.79130907139694
2097,2098,4868991.232929041,4868995.064044317,557973.2333166954,557971.5096126493,382.79130907139694,382.73888588131666
2098,2099,4868995.064044317,4868999.661339736,557971.5096126493,557969.4776009907,382.73888588131666,382.6666004556238
2099,2100,4868999.661339736,4869001.926275264,557969.4776009907,557968.4355853106,382.6666004556238,382.62953688126504
2100,2101,4869001.926275264,4869004.256981135,557968.4355853106,557967.3253064438,382.62953688126504,382.59184331885297
2101,2102,4869004.256981135,4869009.381936001,557967.3253064438,557965.0122787355,382.59184331885297,382.5180830573046
2102,2103,4869009.381936001,4869011.592860348,557965.0122787355,557963.9861056494,382.5180830573046,382.4923660749204
2103,2104,4869011.592860348,4869013.743474864,557963.9861056494,557963.0131619598,382.4923660749204,382.45326046299584
2104,2105,4869013.743474864,4869019.623883431,557963.0131619598,557960.3072122545,382.45326046299584,382.37168016762416
2105,2106,4869019.623883431,4869024.144267281,557960.3072122545,557958.2187763273,382.37168016762416,382.31217477703666
2106,2107,4869024.144267281,4869028.879880565,557958.2187763273,557956.0987890715,382.31217477703666,382.2437296183041
2107,2108,4869028.879880565,4869033.911518029,557956.0987890715,557953.7807255973,382.2437296183041,382.1830957718909
2108,2109,4869033.911518029,4869035.036529498,557953.7807255973,557953.2443379832,382.1830957718909,382.16338697944144
2109,2110,4869035.036529498,4869039.922924255,557953.2443379832,557951.0111564937,382.16338697944144,382.11216271849855
2110,2111,4869039.922924255,4869044.432638347,557951.0111564937,557948.956988959,382.11216271849855,382.06504150380897
2111,2112,4869044.432638347,4869045.952170692,557948.956988959,557948.2722649988,382.06504150380897,382.05149497518164
2112,2113,4869045.952170692,4869049.188456529,557948.2722649988,557946.7769347036,382.05149497518164,382.01982986594453
2113,2114,4869049.188456529,4869054.128522811,557946.7769347036,557944.5448886867,382.01982986594453,381.97230146431025
2114,2115,4869054.128522811,4869057.41194582,557944.5448886867,557943.1068371369,381.97230146431025,381.9403208242085
2115,2116,4869057.41194582,4869059.871816441,557943.1068371369,557941.9171813397,381.9403208242085,381.921799309969
2116,2117,4869059.871816441,4869064.358831117,557941.9171813397,557939.8944865864,381.921799309969,381.87886278937134
2117,2118,4869064.358831117,4869067.716943732,557939.8944865864,557938.4735324081,381.87886278937134,381.84521789588086
2118,2119,4869067.716943732,4869068.8836432565,557938.4735324081,557937.9430880273,381.84521789588086,381.8363389324899
2119,2120,4869068.8836432565,4869073.708365009,557937.9430880273,557935.691559989,381.8363389324899,381.7928450615666
2120,2121,4869073.708365009,4869078.743249331,557935.691559989,557933.398337524,381.7928450615666,381.7470556348973
2121,2122,4869078.743249331,4869084.7023072215,557933.398337524,557930.6374982697,381.7470556348973,381.6719708441493
2122,2123,4869084.7023072215,4869089.185972938,557930.6374982697,557928.5868095097,381.6719708441493,381.60350986360777
2123,2124,4869089.185972938,4869090.777639237,557928.5868095097,557927.875286514,381.60350986360777,381.5755370120946
2124,2125,4869090.777639237,4869094.004099198,557927.875286514,557926.3714358871,381.5755370120946,381.5208626327129
2125,2126,4869094.004099198,4869099.111178835,557926.3714358871,557924.0391415259,381.5208626327129,381.42485357963545
2126,2127,4869099.111178835,4869101.253434216,557924.0391415259,557923.0514585951,381.42485357963545,381.38239931208676
2127,2128,4869101.253434216,4869103.551687122,557923.0514585951,557922.0106637392,381.38239931208676,381.33844702839866
2128,2129,4869103.551687122,4869109.501455016,557922.0106637392,557919.2946822293,381.33844702839866,381.2007486008082
2129,2130,4869109.501455016,4869112.000194561,557919.2946822293,557918.1657800935,381.2007486008082,381.1461792443328
2130,2131,4869112.000194561,4869114.300083169,557918.1657800935,557917.0808889351,381.1461792443328,381.0855709874947
2131,2132,4869114.300083169,4869119.360367113,557917.0808889351,557914.7489000353,381.0855709874947,380.9570651762267
2132,2133,4869119.360367113,4869122.952339137,557914.7489000353,557913.0566976805,380.9570651762267,380.8610629934
2133,2134,4869122.952339137,4869123.842692756,557913.0566976805,557912.6823868593,380.8610629934,380.83936584395906
2134,2135,4869123.842692756,4869129.706957227,557912.6823868593,557910.0087819406,380.83936584395906,380.67442858107154
2135,2136,4869129.706957227,4869133.274472099,557910.0087819406,557908.3233105337,380.67442858107154,380.5731691741613
2136,2137,4869133.274472099,4869134.1090532215,557908.3233105337,557907.9609772534,380.5731691741613,380.54494620955313
2137,2138,4869134.1090532215,4869138.7554508895,557907.9609772534,557905.8355522471,380.54494620955313,380.410353959183
2138,2139,4869138.7554508895,4869143.746169991,557905.8355522471,557903.4570931287,380.410353959183,380.2554247197051
2139,2140,4869143.746169991,4869149.793736477,557903.4570931287,557900.7234697847,380.2554247197051,380.07211941271464
2140,2141,4869149.793736477,4869154.200633199,557900.7234697847,557898.6555571452,380.07211941271464,379.93395273951654
2141,2142,4869154.200633199,4869155.671906415,557898.6555571452,557897.9713482403,379.93395273951654,379.8915607110683
2142,2143,4869155.671906415,4869158.66008689,557897.9713482403,557896.6257350838,379.8915607110683,379.8059457780781
2143,2144,4869158.66008689,4869163.555372034,557896.6257350838,557894.3379221371,379.8059457780781,379.65306987131754
2144,2145,4869163.555372034,4869165.940009097,557894.3379221371,557893.2399330002,379.65306987131754,379.58361736182405
2145,2146,4869165.940009097,4869169.070163183,557893.2399330002,557891.7878108227,379.58361736182405,379.4887142351127
2146,2147,4869169.070163183,4869174.161839723,557891.7878108227,557889.4179234146,379.4887142351127,379.3400114540178
2147,2148,4869174.161839723,4869176.420121783,557889.4179234146,557888.4318766376,379.3400114540178,379.27254209860956
2148,2149,4869176.420121783,4869178.727826821,557888.4318766376,557887.3437404835,379.27254209860956,379.19992998143
2149,2150,4869178.727826821,4869184.6133470945,557887.3437404835,557884.6114430235,379.19992998143,379.02470137470027
2150,2151,4869184.6133470945,4869188.408235204,557884.6114430235,557882.8189047229,379.02470137470027,378.9191374986284
2151,2152,4869188.408235204,4869189.356758232,557882.8189047229,557882.3918894698,378.9191374986284,378.89226188500675
2152,2153,4869189.356758232,4869194.449548827,557882.3918894698,557880.0367761012,378.89226188500675,378.74397672558337
2153,2154,4869194.449548827,4869198.03663357,557880.0367761012,557878.3889194448,378.74397672558337,378.63813569852977
2154,2155,4869198.03663357,4869198.995605874,557878.3889194448,557877.9873100808,378.63813569852977,378.61208852821153
2155,2156,4869198.995605874,4869203.592152158,557877.9873100808,557875.8056093893,378.61208852821153,378.4828472642978
2156,2157,4869203.592152158,4869208.69321097,557875.8056093893,557873.4548692283,378.4828472642978,378.34300617503857
2157,2158,4869208.69321097,4869214.254041078,557873.4548692283,557870.8998123009,378.34300617503857,378.18338237889407
2158,2159,4869214.254041078,4869219.008126088,557870.8998123009,557868.6602920132,378.18338237889407,378.0505111784251
2159,2160,4869219.008126088,4869220.1196055375,557868.6602920132,557868.131258891,378.0505111784251,378.0212602441944
2160,2161,4869220.1196055375,4869224.928101262,557868.131258891,557865.949014597,378.0212602441944,377.8997363714546
2161,2162,4869224.928101262,4869228.554601348,557865.949014597,557864.2672518977,377.8997363714546,377.80106822161633
2162,2163,4869228.554601348,4869230.911918125,557864.2672518977,557863.151513225,377.80106822161633,377.739819337817
2163,2164,4869230.911918125,4869234.074589087,557863.151513225,557861.7199865577,377.739819337817,377.64768955765976
2164,2165,4869234.074589087,4869239.155079234,557861.7199865577,557859.3178834165,377.64768955765976,377.5276356294952
2165,2166,4869239.155079234,4869241.422765683,557859.3178834165,557858.2588909052,377.5276356294952,377.4715330159024
2166,2167,4869241.422765683,4869243.692841239,557858.2588909052,557857.2630752461,377.4715330159024,377.4106060445046
2167,2168,4869243.692841239,4869249.051266909,557857.2630752461,557854.6820639787,377.4106060445046,377.2807838591128
2168,2169,4869249.051266909,4869252.545557211,557854.6820639787,557853.0968026385,377.2807838591128,377.1892321212971
2169,2170,4869252.545557211,4869253.645983214,557853.0968026385,557852.592870595,377.1892321212971,377.1678023003
2170,2171,4869253.645983214,4869259.632943572,557852.592870595,557849.776557716,377.1678023003,377.0262530535614
2171,2172,4869259.632943572,4869263.492596719,557849.776557716,557848.002814731,377.0262530535614,376.9414291801529
2172,2173,4869263.492596719,4869264.559026414,557848.002814731,557847.5121435402,376.9414291801529,376.9139407677991
2173,2174,4869264.559026414,4869269.641319755,557847.5121435402,557845.1021537177,376.9139407677991,376.8032968900264
2174,2175,4869269.641319755,4869273.12190814,557845.1021537177,557843.4551615296,376.8032968900264,376.7162735521086
2175,2176,4869273.12190814,4869274.068222401,557843.4551615296,557843.0183965855,376.7162735521086,376.6906322085952
2176,2177,4869274.068222401,4869278.8303809855,557843.0183965855,557840.7835697996,376.6906322085952,376.58244388350363
2177,2178,4869278.8303809855,4869284.095657154,557840.7835697996,557838.2789461091,376.58244388350363,376.4670284857051
2178,2179,4869284.095657154,4869288.867103424,557838.2789461091,557836.0319832274,376.4670284857051,376.3640107536253
2179,2180,4869288.867103424,4869294.02008168,557836.0319832274,557833.6533435566,376.3640107536253,376.2649336929464
2180,2181,4869294.02008168,4869295.0579636395,557833.6533435566,557833.128058255,376.2649336929464,376.2365210686722
2181,2182,4869295.0579636395,4869298.960516259,557833.128058255,557831.2856956067,376.2365210686722,376.16393756471473
2182,2183,4869298.960516259,4869304.544954481,557831.2856956067,557828.6249528232,376.16393756471473,376.0464755287033
2183,2184,4869304.544954481,4869306.181817818,557828.6249528232,557827.8209362935,376.0464755287033,376.0143128354848
2184,2185,4869306.181817818,4869308.662352557,557827.8209362935,557826.6760481903,376.0143128354848,375.97102527568035
2185,2186,4869308.662352557,4869313.772642939,557826.6760481903,557824.2362302108,375.97102527568035,375.8827202310136
2186,2187,4869313.772642939,4869316.28353273,557824.2362302108,557823.0565408987,375.8827202310136,375.8457826518933
2187,2188,4869316.28353273,4869318.747964291,557823.0565408987,557821.9273719303,375.8457826518933,375.81477649143
2188,2189,4869318.747964291,4869323.906631376,557821.9273719303,557819.4389999261,375.81477649143,375.7437807630755
2189,2190,4869323.906631376,4869326.392463306,557819.4389999261,557818.2708832046,375.7437807630755,375.7125164807213
2190,2191,4869326.392463306,4869328.839067653,557818.2708832046,557817.1496377261,375.7125164807213,375.6831566582061
2191,2192,4869328.839067653,4869334.233066306,557817.1496377261,557814.565049108,375.6831566582061,375.614559236189
2192,2193,4869334.233066306,4869336.695467198,557814.565049108,557813.3761133057,375.614559236189,375.5851847098037
2193,2194,4869336.695467198,4869339.336896994,557813.3761133057,557812.1346763625,375.5851847098037,375.5559986458741
2194,2195,4869339.336896994,4869343.954593431,557812.1346763625,557809.8665759873,375.5559986458741,375.50199269343705
2195,2196,4869343.954593431,4869347.743419518,557809.8665759873,557808.1164779663,375.50199269343705,375.4622789293482
2196,2197,4869347.743419518,4869348.940101249,557808.1164779663,557807.4968220593,375.4622789293482,375.45142313710676
2197,2198,4869348.940101249,4869354.394039747,557807.4968220593,557804.9394760156,375.45142313710676,375.39421557921605
2198,2199,4869354.394039747,4869358.37610337,557804.9394760156,557803.0025557437,375.39421557921605,375.3590010077564
2199,2200,4869358.37610337,4869359.577711716,557803.0025557437,557802.3783165319,375.3590010077564,375.34391268934604
2200,2201,4869359.577711716,4869363.690001817,557802.3783165319,557800.480927959,375.34391268934604,375.3111031855746
2201,2202,4869363.690001817,4869368.542099496,557800.480927959,557798.0920336033,375.3111031855746,375.26845371965896
2202,2203,4869368.542099496,4869373.666939097,557798.0920336033,557795.6308004032,375.26845371965896,375.2239188247993
2203,2204,4869373.666939097,4869378.435942022,557795.6308004032,557793.2963135495,375.2239188247993,375.189057830804
2204,2205,4869378.435942022,4869379.7803018745,557793.2963135495,557792.6837370684,375.189057830804,375.1790994983727
2205,2206,4869379.7803018745,4869383.673788153,557792.6837370684,557790.7896566862,375.1790994983727,375.1544749092932
2206,2207,4869383.673788153,4869389.773489817,557790.7896566862,557787.8933314582,375.1544749092932,375.11994542767064
2207,2208,4869389.773489817,4869393.733077159,557787.8933314582,557785.913127438,375.11994542767064,375.0957857509004
2208,556,4869393.733077159,4869399.56607545,557785.913127438,557778.6704017719,375.0957857509004,375.0830837164266
556,2209,4869399.56607545,4869404.205291467,557778.6704017719,557780.8939415796,375.0830837164266,375.0479894793437
2209,2210,4869404.205291467,4869409.067966749,557780.8939415796,557778.6086736113,375.0479894793437,375.0288484868776
2210,559,4869409.067966749,4869410.182536018,557778.6086736113,557774.7637230322,375.0288484868776,375.0293966005419
559,2211,4869410.182536018,4869413.555066718,557774.7637230322,557776.3512949953,375.0293966005419,375.0133604353874
2211,2212,4869413.555066718,4869418.995611736,557776.3512949953,557773.6950680775,375.0133604353874,374.9999999999987
2212,561,4869418.995611736,4869419.580486567,557773.6950680775,557771.214118061,374.9999999999987,375.005256587727
2213,2214,4867990.0,4867993.647590389,558345.0,558343.5568673507,390.6000061035156,390.55727533186496
2214,2215,4867993.647590389,4867994.075817985,558343.5568673507,558343.3872336816,390.55727533186496,390.55187564790873
2215,2216,4867994.075817985,4868000.339684263,558343.3872336816,558340.9388197516,390.55187564790873,390.4673333375465
2216,2217,4868000.339684263,4868004.125732084,558340.9388197516,558339.4779503319,390.4673333375465,390.4176169443673
2217,2218,4868004.125732084,4868006.911178694,558339.4779503319,558338.3851928174,390.4176169443673,390.3797961820097
2218,2219,4868006.911178694,4868010.120053393,558338.3851928174,558337.1438488857,390.3797961820097,390.3400659102688
2219,2220,4868010.120053393,4868014.460719489,558337.1438488857,558335.4480298578,390.3400659102688,390.28482547361943
2220,2221,4868014.460719489,4868018.792575218,558335.4480298578,558333.7606818038,390.28482547361943,390.22466140298155
2221,2222,4868018.792575218,4868020.51683563,558333.7606818038,558333.1015397627,390.22466140298155,390.202390684359
2222,2223,4868020.51683563,4868024.838710461,558333.1015397627,558331.3918216922,390.202390684359,390.1478329473278
2223,2224,4868024.838710461,4868029.176674009,558331.3918216922,558329.730198953,390.1478329473278,390.0946698078628
2224,2225,4868029.176674009,4868033.510690494,558329.730198953,558328.0727078593,390.0946698078628,390.0425633308669
2225,2226,4868033.510690494,4868039.565715195,558328.0727078593,558325.719320088,390.0425633308669,389.9663150650612
2226,2227,4868039.565715195,4868043.903483958,558325.719320088,558324.0686593703,389.9663150650612,389.9181821835667
2227,2228,4868043.903483958,4868045.452267636,558324.0686593703,558323.4442146628,389.9181821835667,389.8970381091425
2228,2229,4868045.452267636,4868049.820543969,558323.4442146628,558321.7427151598,389.8970381091425,389.84764759010545
2229,2230,4868049.820543969,4868054.142381404,558321.7427151598,558320.057675837,389.84764759010545,389.79765980724153
2230,2231,4868054.142381404,4868058.968318157,558320.057675837,558318.2256942333,389.79765980724153,389.7432335157245
2231,2232,4868058.968318157,4868064.108510518,558318.2256942333,558316.2193939057,389.7432335157245,389.676044915816
2232,2233,4868064.108510518,4868069.330801098,558316.2193939057,558314.210898541,389.676044915816,389.61836574189556
2233,2234,4868069.330801098,4868071.862592488,558314.210898541,558313.2046792461,389.61836574189556,389.59004003274777
2234,2235,4868071.862592488,4868074.391000674,558313.2046792461,558312.2231752068,389.59004003274777,389.566815476634
2235,2236,4868074.391000674,4868079.722559741,558312.2231752068,558310.1732313583,389.566815476634,389.51055828956595
2236,2237,4868079.722559741,4868083.535603385,558310.1732313583,558308.6974260557,389.51055828956595,389.4665183305181
2237,2238,4868083.535603385,4868084.802435722,558308.6974260557,558308.2101209423,389.4665183305181,389.45460434406766
2238,2239,4868084.802435722,4868088.770765073,558308.2101209423,558306.6798802335,389.45460434406766,389.40745714722163
2239,2240,4868088.770765073,4868093.936210566,558306.6798802335,558304.6656174571,389.40745714722163,389.36209332786444
2240,2241,4868093.936210566,4868097.803354121,558304.6656174571,558303.1303282132,389.36209332786444,389.3157720969754
2241,2242,4868097.803354121,4868099.145213763,558303.1303282132,558302.6188721283,389.3157720969754,389.3022514057258
2242,2243,4868099.145213763,4868104.351118631,558302.6188721283,558300.6699275404,389.3022514057258,389.2502023873289
2243,2244,4868104.351118631,4868109.553324678,558300.6699275404,558298.6383942344,389.2502023873289,389.19884116295026
2244,2245,4868109.553324678,4868110.883928008,558298.6383942344,558298.1330580744,389.19884116295026,389.1847747580646
2245,2246,4868110.883928008,4868114.722211993,558298.1330580744,558296.5715777375,389.1847747580646,389.1448380058038
2246,2247,4868114.722211993,4868118.5509855235,558296.5715777375,558295.1275462988,389.1448380058038,389.1032414687728
2247,2248,4868118.5509855235,4868123.874390317,558295.1275462988,558293.0451293015,389.1032414687728,389.05287589083935
2248,2249,4868123.874390317,4868128.92879023,558293.0451293015,558291.091360868,389.05287589083935,389.00220757811155
2249,2250,4868128.92879023,4868133.751909995,558291.091360868,558289.170701934,389.00220757811155,388.95450478501107
2250,2251,4868133.751909995,4868136.282944697,558289.170701934,558288.2097256699,388.95450478501107,388.9305016025678
2251,2252,4868136.282944697,4868138.6184171885,558288.2097256699,558287.2656777209,388.9305016025678,388.90683506804044
2252,2253,4868138.6184171885,4868143.637541894,558287.2656777209,558285.3425375813,388.90683506804044,388.857913797033
2253,2254,4868143.637541894,4868148.441051622,558285.3425375813,558283.4285553367,388.857913797033,388.81505095600716
2254,2255,4868148.441051622,4868149.71514798,558283.4285553367,558282.9529779829,388.81505095600716,388.8012632904046
2255,2256,4868149.71514798,4868153.702777997,558282.9529779829,558281.3875281283,388.8012632904046,388.757380463751
2256,2257,4868153.702777997,4868159.769376112,558281.3875281283,558279.1134311589,388.757380463751,388.70138838084375
2257,2258,4868159.769376112,4868162.376989233,558279.1134311589,558278.0668065838,388.70138838084375,388.6753434213667
2258,2259,4868162.376989233,4868163.6760705495,558278.0668065838,558277.5514882228,388.6753434213667,388.66401995468783
2259,2260,4868163.6760705495,4868169.741839845,558277.5514882228,558275.1820315978,388.66401995468783,388.6085905845566
2260,2261,4868169.741839845,4868173.560218964,558275.1820315978,558273.7027242215,388.6085905845566,388.57598366463446
2261,2262,4868173.560218964,4868174.836907087,558273.7027242215,558273.2370660461,388.57598366463446,388.56326007614086
2262,2263,4868174.836907087,4868179.718892753,558273.2370660461,558271.3016084183,388.56326007614086,388.5176805685195
2263,2264,4868179.718892753,4868184.491691011,558271.3016084183,558269.3998458344,388.5176805685195,388.47398701631596
2264,2265,4868184.491691011,4868186.984444461,558269.3998458344,558268.4321935351,388.47398701631596,388.4499364376656
2265,2266,4868186.984444461,4868189.448213426,558268.4321935351,558267.48682669,388.4499364376656,388.4295236125589
2266,2267,4868189.448213426,4868194.2760834275,558267.48682669,558265.6248870334,388.4295236125589,388.38615433808195
2267,2268,4868194.2760834275,4868198.961851153,558265.6248870334,558263.737920081,388.38615433808195,388.3433512554547
2268,2269,4868198.961851153,4868199.978148632,558263.737920081,558263.33354629,388.3433512554547,388.33496480294605
2269,2270,4868199.978148632,4868203.522887223,558263.33354629,558261.9856033484,388.33496480294605,388.2995723628452
2270,2271,4868203.522887223,4868209.513367686,558261.9856033484,558259.5963795884,388.2995723628452,388.24766643644693
2271,2272,4868209.513367686,4868213.304777823,558259.5963795884,558258.1390892571,388.24766643644693,388.214551717097
2272,2273,4868213.304777823,4868214.529142215,558258.1390892571,558257.6632789085,388.214551717097,388.2068827080288
2273,2274,4868214.529142215,4868219.343383398,558257.6632789085,558255.7715541444,388.2068827080288,388.1706296895133
2274,2275,4868219.343383398,4868224.196262046,558255.7715541444,558253.8160970991,388.1706296895133,388.1206217039289
2275,2276,4868224.196262046,4868225.382970752,558253.8160970991,558253.3597984109,388.1206217039289,388.11412655551305
2276,2277,4868225.382970752,4868228.784399799,558253.3597984109,558252.0913389805,388.11412655551305,388.0803320155441
2277,2278,4868228.784399799,4868233.637930937,558252.0913389805,558250.1358773882,388.0803320155441,388.041936359945
2278,2279,4868233.637930937,4868238.489758793,558250.1358773882,558248.2821539697,388.041936359945,388.00593259164174
2279,2280,4868238.489758793,4868239.684609356,558248.2821539697,558247.8168166183,388.00593259164174,387.9925502748439
2280,2281,4868239.684609356,4868244.55151154,558247.8168166183,558245.8394736631,387.9925502748439,387.95527561311
2281,2282,4868244.55151154,4868249.3575493,558245.8394736631,558244.0079504123,387.95527561311,387.9170479827848
2282,2283,4868249.3575493,4868251.848814,558244.0079504123,558243.0989214452,387.9170479827848,387.8934797166628
2283,2284,4868251.848814,4868254.318849264,558243.0989214452,558242.0758049453,387.8934797166628,387.8628048389256
2284,2285,4868254.318849264,4868259.116013655,558242.0758049453,558240.1704762958,387.8628048389256,387.8244675162856
2285,2286,4868259.116013655,4868263.975711561,558240.1704762958,558238.2647924812,387.8244675162856,387.7816878942846
2286,2287,4868263.975711561,4868268.525611649,558238.2647924812,558236.4461645688,387.7816878942846,387.7420027562227
2287,2288,4868268.525611649,4868274.570480199,558236.4461645688,558234.0330504894,387.7420027562227,387.6954112437064
2288,2289,4868274.570480199,4868277.005817249,558234.0330504894,558233.1398825531,387.6954112437064,387.6694558170313
2289,2290,4868277.005817249,4868279.441074849,558233.1398825531,558232.1633028438,387.6694558170313,387.6525726913783
2290,2291,4868279.441074849,4868284.283594879,558232.1633028438,558230.1998088307,387.6525726913783,387.60929163618016
2291,2292,4868284.283594879,4868289.079096746,558230.1998088307,558228.29317713,387.60929163618016,387.57460375358903
2292,2293,4868289.079096746,4868294.039089072,558228.29317713,558226.3867803168,387.57460375358903,387.54448623069857
2293,2294,4868294.039089072,4868298.849861851,558226.3867803168,558224.4618505297,387.54448623069857,387.50717231915485
2294,2295,4868298.849861851,4868301.18446901,558224.4618505297,558223.5250220601,387.50717231915485,387.4945328017629
2295,2296,4868301.18446901,4868302.357371797,558223.5250220601,558223.1687013144,387.4945328017629,387.4883069882719
2296,2297,4868302.357371797,4868303.692005975,558223.1687013144,558222.590552317,387.4883069882719,387.482133589532
2297,2298,4868303.692005975,4868308.670972411,558222.590552317,558220.6425198424,387.482133589532,387.4552498582775
2298,2299,4868308.670972411,4868313.567565753,558220.6425198424,558218.7405387752,387.4552498582775,387.4274238441151
2299,2300,4868313.567565753,4868314.807864635,558218.7405387752,558218.2447502273,387.4274238441151,387.4211797254621
2300,2301,4868314.807864635,4868319.587494037,558218.2447502273,558216.3139345379,387.4211797254621,387.39811822692235
2301,2302,4868319.587494037,4868324.512469804,558216.3139345379,558214.3727342065,387.39811822692235,387.3701851756363
2302,2303,4868324.512469804,4868327.001405882,558214.3727342065,558213.4538872152,387.3701851756363,387.3547829285516
2303,2304,4868327.001405882,4868329.49119693,558213.4538872152,558212.4628077373,387.3547829285516,387.34131125688276
2304,2305,4868329.49119693,4868334.2909923615,558212.4628077373,558210.5536589471,387.34131125688276,387.3207500450101
2305,2306,4868334.2909923615,4868338.819389662,558210.5536589471,558208.8089824172,387.3207500450101,387.2967103960678
2306,2307,4868338.819389662,4868340.088748058,558208.8089824172,558208.2990087244,387.2967103960678,387.2903853477531
2307,2308,4868340.088748058,4868343.70098383,558208.2990087244,558206.8985665675,387.2903853477531,387.27271778156705
2308,2309,4868343.70098383,4868348.612100576,558206.8985665675,558204.9704395715,387.27271778156705,387.25062584176607
2309,2310,4868348.612100576,4868353.418518521,558204.9704395715,558203.0854451306,387.25062584176607,387.22336602096334
2310,2311,4868353.418518521,4868354.635099374,558203.0854451306,558202.6021707354,387.22336602096334,387.21728149781035
2311,2312,4868354.635099374,4868359.500719562,558202.6021707354,558200.726358265,387.21728149781035,387.1952339083096
2312,2313,4868359.500719562,4868364.2704700865,558200.726358265,558198.7672267025,387.1952339083096,387.17079426183176
2313,2314,4868364.2704700865,4868365.533466965,558198.7672267025,558198.2619594468,387.17079426183176,387.1645172267777
2314,2315,4868365.533466965,4868369.248666167,558198.2619594468,558196.8860379243,387.1645172267777,387.1448434792739
2315,2316,4868369.248666167,4868374.099305401,558196.8860379243,558195.0419256965,387.1448434792739,387.1250143309415
2316,2317,4868374.099305401,4868378.9805184975,558195.0419256965,558193.0610447793,387.1250143309415,387.1010543115861
2317,2318,4868378.9805184975,4868383.959435805,558193.0610447793,558191.1368547062,387.1010543115861,387.07996123286927
2318,2319,4868383.959435805,4868388.79573195,558191.1368547062,558189.2683095856,387.07996123286927,387.0570249388119
2319,2320,4868388.79573195,4868391.120107268,558189.2683095856,558188.2939180229,387.0570249388119,387.046338357379
2320,2321,4868391.120107268,4868393.679898206,558188.2939180229,558187.3288530693,387.046338357379,387.03402147194294
2321,2322,4868393.679898206,4868398.642533468,558187.3288530693,558185.3787498095,387.03402147194294,387.01222913998197
2322,2323,4868398.642533468,4868403.474064054,558185.3787498095,558183.4830862801,387.01222913998197,386.98767642772447
2323,2324,4868403.474064054,4868404.707313437,558183.4830862801,558182.9855572493,386.98767642772447,386.98176545263755
2324,2325,4868404.707313437,4868409.649065586,558182.9855572493,558181.0991596984,386.98176545263755,386.9619940671886
2325,2326,4868409.649065586,4868414.48214523,558181.0991596984,558179.2123547626,386.9619940671886,386.9419883181827
2326,2327,4868414.48214523,4868416.935076502,558179.2123547626,558178.2850860431,386.9419883181827,386.92810008697336
2327,2328,4868416.935076502,4868419.414388961,558178.2850860431,558177.2914024177,386.92810008697336,386.91775236049057
2328,2329,4868419.414388961,4868424.234712989,558177.2914024177,558175.3531091433,386.91775236049057,386.9002464729016
2329,2330,4868424.234712989,4868429.1358773,558175.3531091433,558173.4216260974,386.9002464729016,386.8772981479874
2330,2331,4868429.1358773,4868434.066898846,558173.4216260974,558171.5795821825,386.8772981479874,386.8564256049106
2331,2332,4868434.066898846,4868438.705055071,558171.5795821825,558169.7238176183,386.8564256049106,386.83988633374645
2332,2333,4868438.705055071,4868442.3250642475,558169.7238176183,558168.270236146,386.83988633374645,386.82089392999825
2333,2334,4868442.3250642475,4868444.739775006,558168.270236146,558167.3615099316,386.82089392999825,386.813621052698
2334,2335,4868444.739775006,4868449.49276591,558167.3615099316,558165.5157197258,386.813621052698,386.79327257667273
2335,2336,4868449.49276591,4868454.362448064,558165.5157197258,558163.5827707348,386.79327257667273,386.7716323526837
2336,2337,4868454.362448064,4868455.5670777615,558163.5827707348,558163.1278293772,386.7716323526837,386.765345682933
2337,2338,4868455.5670777615,4868459.446636094,558163.1278293772,558161.5924835232,386.765345682933,386.75167759581393
2338,2339,4868459.446636094,4868464.196076209,558161.5924835232,558159.7397570285,386.75167759581393,386.7331696722072
2339,2340,4868464.196076209,4868468.098575407,558159.7397570285,558158.1874481302,386.7331696722072,386.7161862179902
2340,2341,4868468.098575407,4868469.528405604,558158.1874481302,558157.6829476922,386.7161862179902,386.709741758309
2341,2342,4868469.528405604,4868474.471586502,558157.6829476922,558155.7148124315,386.709741758309,386.69299026037925
2342,2343,4868474.471586502,4868479.287669094,558155.7148124315,558153.7790347476,386.69299026037925,386.67423817786795
2343,2344,4868479.287669094,4868480.554872994,558153.7790347476,558153.3125442407,386.67423817786795,386.6670519502746
2344,2345,4868480.554872994,4868484.32226771,558153.3125442407,558151.8154424072,386.6670519502746,386.65504408401983
2345,2346,4868484.32226771,4868489.144085672,558151.8154424072,558149.9556810368,386.65504408401983,386.6368634299809
2346,2347,4868489.144085672,4868492.772127583,558149.9556810368,558148.4896819711,386.6368634299809,386.6215108271284
2347,2348,4868492.772127583,4868493.989400466,558148.4896819711,558148.0548861903,386.6215108271284,386.6191889342902
2348,2349,4868493.989400466,4868498.958637414,558148.0548861903,558146.1246476618,386.6191889342902,386.6006639529383
2349,2350,4868498.958637414,4868503.572741083,558146.1246476618,558144.3223774151,386.6006639529383,386.58017591064635
2350,2351,4868503.572741083,4868506.148749235,558144.3223774151,558143.2898293744,386.58017591064635,386.5708907186334
2351,2352,4868506.148749235,4868508.679155355,558143.2898293744,558142.2969090922,386.5708907186334,386.56321719924887
2352,2353,4868508.679155355,4868513.577502408,558142.2969090922,558140.4007842197,386.56321719924887,386.54589850223954
2353,2354,4868513.577502408,4868519.670884586,558140.4007842197,558138.0274904387,386.54589850223954,386.52155614015413
2354,2355,4868519.670884586,4868524.629916053,558138.0274904387,558136.1234304669,386.52155614015413,386.5035412430451
2355,2356,4868524.629916053,4868529.442216127,558136.1234304669,558134.145339471,386.5035412430451,386.4882054205299
2356,2357,4868529.442216127,4868531.935656155,558134.145339471,558133.2081461077,386.4882054205299,386.47546754193024
2357,2358,4868531.935656155,4868534.42801582,558133.2081461077,558132.2411579457,386.47546754193024,386.46790111284037
2358,2359,4868534.42801582,4868539.027596728,558132.2411579457,558130.4385334097,386.46790111284037,386.44849021339473
2359,2360,4868539.027596728,4868544.126295528,558130.4385334097,558128.3738157613,386.44849021339473,386.43413010658196
2360,2361,4868544.126295528,4868549.097371529,558128.3738157613,558126.4563827292,386.43413010658196,386.4177558288311
2361,2362,4868549.097371529,4868553.698544386,558126.4563827292,558124.5881876715,386.4177558288311,386.40252251530933
2362,2363,4868553.698544386,4868557.585213665,558124.5881876715,558123.093471748,386.40252251530933,386.3882719100867
2363,2364,4868557.585213665,4868558.815688165,558123.093471748,558122.6204694434,386.3882719100867,386.3854398484205
2364,2365,4868558.815688165,4868563.688324157,558122.6204694434,558120.7040244362,386.3854398484205,386.3660501102031
2365,2366,4868563.688324157,4868569.774522831,558120.7040244362,558118.2797707004,386.3660501102031,386.34626294448543
2366,2367,4868569.774522831,4868574.454364722,558118.2797707004,558116.4866091615,386.34626294448543,386.33212050895906
2367,2368,4868574.454364722,4868579.127144142,558116.4866091615,558114.6765899237,386.33212050895906,386.3147292649269
2368,2369,4868579.127144142,4868582.881108527,558114.6765899237,558113.1597694583,386.3147292649269,386.305813119898
2369,2370,4868582.881108527,4868583.935248436,558113.1597694583,558112.7398016264,386.305813119898,386.3033262171571
2370,2371,4868583.935248436,4868588.75638509,558112.7398016264,558110.875386114,386.3033262171571,386.28281373538704
2371,2372,4868588.75638509,4868594.838453575,558110.875386114,558108.4356272918,386.28281373538704,386.26454849982815
2372,2373,4868594.838453575,4868599.723597568,558108.4356272918,558106.5265721751,386.26454849982815,386.2449386285756
2373,2374,4868599.723597568,4868604.598573536,558106.5265721751,558104.6747016762,386.2449386285756,386.2318115556507
2374,2375,4868604.598573536,4868608.042805938,558104.6747016762,558103.2868303526,386.2318115556507,386.221754296642
2375,2376,4868608.042805938,4868609.043641671,558103.2868303526,558102.8983394812,386.221754296642,386.21746572320546
2376,2377,4868609.043641671,4868614.177466376,558102.8983394812,558100.8968152681,386.21746572320546,386.20077635730195
2377,2378,4868614.177466376,4868619.349172085,558100.8968152681,558098.8779112938,386.20077635730195,386.18388495532656
2378,2379,4868619.349172085,4868620.625939958,558098.8779112938,558098.3595976646,386.18388495532656,386.18267894833303
2379,2380,4868620.625939958,4868624.404774911,558098.3595976646,558096.8297744674,386.18267894833303,386.16802154147814
2380,2381,4868624.404774911,4868629.175717374,558096.8297744674,558095.0306785065,386.16802154147814,386.1536265511404
2381,2382,4868629.175717374,4868632.970884145,558095.0306785065,558093.462219486,386.1536265511404,386.141220976397
2382,2383,4868632.970884145,4868634.082752196,558093.462219486,558093.0110273669,386.141220976397,386.13598784242816
2383,2384,4868634.082752196,4868639.227927391,558093.0110273669,558091.0395006578,386.13598784242816,386.123295207135
2384,2385,4868639.227927391,4868644.361616462,558091.0395006578,558089.0552319621,386.123295207135,386.106150061684
2385,2386,4868644.361616462,4868646.803824014,558089.0552319621,558088.074593346,386.106150061684,386.10096921907547
2386,2387,4868646.803824014,4868649.137675747,558088.074593346,558087.1120033893,386.10096921907547,386.0925021600973
2387,2388,4868649.137675747,4868653.98267589,558087.1120033893,558085.2624310054,386.0925021600973,386.0794604801758
2388,2389,4868653.98267589,4868658.803343618,558085.2624310054,558083.3196555822,386.0794604801758,386.06177622328266
2389,2390,4868658.803343618,4868663.505334084,558083.3196555822,558081.5005078963,386.06177622328266,386.04883760418613
2390,2391,4868663.505334084,4868668.504093644,558081.5005078963,558079.4936108235,386.04883760418613,386.03290136508747
2391,2392,4868668.504093644,4868672.021456819,558079.4936108235,558078.0640220672,386.03290136508747,386.02374563583646
2392,2393,4868672.021456819,4868674.64339715,558078.0640220672,558077.0723688115,386.02374563583646,386.0144110007947
2393,2394,4868674.64339715,4868678.521907399,558077.0723688115,558075.5758461821,386.0144110007947,386.0063154600102
2394,2395,4868678.521907399,4868684.262515485,558075.5758461821,558073.3374968214,386.0063154600102,385.9875231952594
2395,2396,4868684.262515485,4868689.337001253,558073.3374968214,558071.3507226151,385.9875231952594,385.9734722088109
2396,2397,4868689.337001253,4868694.423064474,558071.3507226151,558069.3044028743,385.9734722088109,385.95978264494744
2397,2398,4868694.423064474,4868696.632179107,558069.3044028743,558068.4400584194,385.95978264494744,385.95261738141164
2398,2399,4868696.632179107,4868698.912483864,558068.4400584194,558067.5222815076,385.95261738141164,385.9468247180293
2399,2400,4868698.912483864,4868703.872693546,558067.5222815076,558065.586604288,385.9468247180293,385.9297008238706
2400,2401,4868703.872693546,4868708.752350811,558065.586604288,558063.6897036277,385.9297008238706,385.9200744132325
2401,2402,4868708.752350811,4868710.077468956,558063.6897036277,558063.1447277304,385.9200744132325,385.9158505722337
2402,2403,4868710.077468956,4868713.543890879,558063.1447277304,558061.7838356479,385.9158505722337,385.9055814226198
2403,2404,4868713.543890879,4868718.616853419,558061.7838356479,558059.7706481492,385.9055814226198,385.889363510831
2404,2405,4868718.616853419,4868722.125922338,558059.7706481492,558058.3562842024,385.889363510831,385.8798092218377
2405,2406,4868722.125922338,4868724.724952306,558058.3562842024,558057.3144203504,385.8798092218377,385.87631998113164
2406,2407,4868724.724952306,4868729.457451203,558057.3144203504,558055.4900942668,385.87631998113164,385.8637645816252
2407,2408,4868729.457451203,4868734.387033009,558055.4900942668,558053.5863254758,385.8637645816252,385.8476697563792
2408,2409,4868734.387033009,4868735.52659168,558053.5863254758,558053.1284413734,385.8476697563792,385.84707239711173
2409,2410,4868735.52659168,4868739.328529,558053.1284413734,558051.5676742344,385.84707239711173,385.8368821146446
2410,2411,4868739.328529,4868744.147409994,558051.5676742344,558049.6887908515,385.8368821146446,385.8248985569978
2411,2412,4868744.147409994,4868747.827332352,558049.6887908515,558048.213893032,385.8248985569978,385.8125205516761
2412,2413,4868747.827332352,4868748.887546755,558048.213893032,558047.791633518,385.8125205516761,385.81095701394116
2413,2414,4868748.887546755,4868753.665313697,558047.791633518,558045.8904694209,385.81095701394116,385.7987907796334
2414,2415,4868753.665313697,4868759.727362122,558045.8904694209,558043.5069882661,385.7987907796334,385.7830277388401
2415,2416,4868759.727362122,4868760.985039839,558043.5069882661,558043.0266271203,385.7830277388401,385.775546269613
2416,2417,4868760.985039839,4868764.4333947925,558043.0266271203,558041.6380088398,385.775546269613,385.7677514322806
2417,2418,4868764.4333947925,4868769.529609107,558041.6380088398,558039.6353274715,385.7677514322806,385.74950734509696
2418,2419,4868769.529609107,4868772.812337444,558039.6353274715,558038.2919191765,385.74950734509696,385.7365984484868
2419,2420,4868772.812337444,4868773.9182342375,558038.2919191765,558037.8502766398,385.7365984484868,385.73446439253667
2420,2421,4868773.9182342375,4868778.706019137,558037.8502766398,558035.9782257437,385.73446439253667,385.70058063680904
2421,2422,4868778.706019137,4868784.5035815835,558035.9782257437,558033.7037769177,385.70058063680904,385.6587917251213
2422,2423,4868784.5035815835,4868785.97513801,558033.7037769177,558033.1064943149,385.6587917251213,385.64390748438916
2423,2424,4868785.97513801,4868789.444633838,558033.1064943149,558031.6739880343,385.64390748438916,385.6114585529529
2424,2425,4868789.444633838,4868794.2127096765,558031.6739880343,558029.8734512532,385.6114585529529,385.5620205201492
2425,2426,4868794.2127096765,4868797.893582569,558029.8734512532,558028.288392704,385.5620205201492,385.5185009769777
2426,2427,4868797.893582569,4868799.111778586,558028.288392704,558027.8055647835,385.5185009769777,385.50169101496436
2427,2428,4868799.111778586,4868804.0757311685,558027.8055647835,558025.8539571547,385.50169101496436,385.44085143163056
2428,2429,4868804.0757311685,4868808.839377225,558025.8539571547,558023.9364391365,385.44085143163056,385.3675392227874
2429,2430,4868808.839377225,4868810.116407839,558023.9364391365,558023.4064102429,385.3675392227874,385.3485792176677
2430,2431,4868810.116407839,4868813.759327353,558023.4064102429,558021.9227086671,385.3485792176677,385.2939996182945
2431,2432,4868813.759327353,4868818.531895894,558021.9227086671,558019.9731064175,385.2939996182945,385.2177029116016
2432,2433,4868818.531895894,4868822.145642511,558019.9731064175,558018.4938346468,385.2177029116016,385.15576037787633
2433,2434,4868822.145642511,4868824.704391015,558018.4938346468,558017.4505595386,385.15576037787633,385.1149307818387
2434,2435,4868824.704391015,4868829.4411936775,558017.4505595386,558015.5278606272,385.1149307818387,385.02706917376645
2435,2436,4868829.4411936775,4868834.365822327,558015.5278606272,558013.5191837598,385.02706917376645,384.941119370625
2436,2437,4868834.365822327,4868835.463622495,558013.5191837598,558013.085342372,384.941119370625,384.920271730591
2437,2438,4868835.463622495,4868839.301941158,558013.085342372,558011.4859228646,384.920271730591,384.8479555964951
2438,2439,4868839.301941158,4868844.078590542,558011.4859228646,558009.6365247506,384.8479555964951,384.76588785425065
2439,2440,4868844.078590542,4868847.595553209,558009.6365247506,558008.1099483143,384.76588785425065,384.70071521543974
2440,2441,4868847.595553209,4868848.890112209,558008.1099483143,558007.5996805404,384.70071521543974,384.67530389528554
2441,2442,4868848.890112209,4868853.897716727,558007.5996805404,558005.6329508707,384.67530389528554,384.5802265480833
2442,2443,4868853.897716727,4868858.693215593,558005.6329508707,558003.6869644278,384.5802265480833,384.4916250806347
2443,2444,4868858.693215593,4868859.955903484,558003.6869644278,558003.1677943275,384.4916250806347,384.46917581369394
2444,2445,4868859.955903484,4868863.663540999,558003.1677943275,558001.7063785162,384.46917581369394,384.40157442143857
2445,2446,4868863.663540999,4868869.600649284,558001.7063785162,557999.2996488165,384.40157442143857,384.29207623503294
2446,2447,4868869.600649284,4868872.03422003,557999.2996488165,557998.2975958461,384.29207623503294,384.25226425153136
2447,2448,4868872.03422003,4868874.491786,557998.2975958461,557997.3546281519,384.25226425153136,384.21333036448556
2448,2449,4868874.491786,4868879.252264829,557997.3546281519,557995.4638162777,384.21333036448556,384.1297758438091
2449,2450,4868879.252264829,4868884.245519957,557995.4638162777,557993.4576000363,384.1297758438091,384.04271377302325
2450,2451,4868884.245519957,4868889.119291386,557993.4576000363,557991.5665784904,384.04271377302325,383.955435464956
2451,2452,4868889.119291386,4868893.872757076,557991.5665784904,557989.5997522919,383.955435464956,383.88256049223537
2452,2453,4868893.872757076,4868897.498978571,557989.5997522919,557988.1769070695,383.88256049223537,383.82195857128875
2453,2454,4868897.498978571,4868898.618607115,557988.1769070695,557987.6878553979,383.82195857128875,383.80175413659697
2454,2455,4868898.618607115,4868904.355463561,557987.6878553979,557985.441111499,383.80175413659697,383.7093895143877
2455,2456,4868904.355463561,4868909.425164337,557985.441111499,557983.4122326276,383.7093895143877,383.6274405309181
2456,2457,4868909.425164337,4868914.024911444,557983.4122326276,557981.5128546918,383.6274405309181,383.5561832780092
2457,2458,4868914.024911444,4868918.883147606,557981.5128546918,557979.6750252836,383.5561832780092,383.4841866542607
2458,2459,4868918.883147606,4868922.5019044755,557979.6750252836,557978.207978072,383.4841866542607,383.42122798768
2459,2460,4868922.5019044755,4868923.606326438,557978.207978072,557977.6735081385,383.42122798768,383.4051450716381
2460,2461,4868923.606326438,4868929.606172563,557977.6735081385,557975.3265492591,383.4051450716381,383.31803149296036
2461,2462,4868929.606172563,4868934.44174799,557975.3265492591,557973.4070538996,383.31803149296036,383.2410502292065
2462,2463,4868934.44174799,4868939.131619259,557973.4070538996,557971.4614824015,383.2410502292065,383.18044522753445
2463,2464,4868939.131619259,4868944.225409498,557971.4614824015,557969.4208153437,383.18044522753445,383.0985109759067
2464,2465,4868944.225409498,4868947.867048729,557969.4208153437,557968.0246246952,383.0985109759067,383.0467500988034
2465,2466,4868947.867048729,4868949.0179155525,557968.0246246952,557967.5455997572,383.0467500988034,383.02412687007035
2466,2467,4868949.0179155525,4868953.742908299,557967.5455997572,557965.5830257116,383.02412687007035,382.9609515526552
2467,2468,4868953.742908299,4868958.868404316,557965.5830257116,557963.5002215904,382.9609515526552,382.892209741136
2468,2469,4868958.868404316,4868959.868515119,557963.5002215904,557963.1298785643,382.892209741136,382.88154479988094
2469,2470,4868959.868515119,4868963.633122243,557963.1298785643,557961.6397829714,382.88154479988094,382.82190105000944
2470,2471,4868963.633122243,4868968.544135841,557961.6397829714,557959.6724122536,382.82190105000944,382.76163234177295
2471,2472,4868968.544135841,4868972.064332274,557959.6724122536,557958.2337671717,382.76163234177295,382.70630247949765
2472,2473,4868972.064332274,4868974.380972532,557958.2337671717,557957.3273468122,382.70630247949765,382.6818550073706
2473,2474,4868974.380972532,4868979.220099529,557957.3273468122,557955.4146229355,382.6818550073706,382.6149337505499
2474,2475,4868979.220099529,4868984.414214947,557955.4146229355,557953.285463792,382.6149337505499,382.5496086558128
2475,2476,4868984.414214947,4868988.193592042,557953.285463792,557951.732349961,382.5496086558128,382.499759895597
2476,2477,4868988.193592042,4868989.176589257,557951.732349961,557951.3324534162,382.499759895597,382.4814478620154
2477,2478,4868989.176589257,4868993.811605561,557951.3324534162,557949.4731579467,382.4814478620154,382.42852769461155
2478,2479,4868993.811605561,4868996.431236596,557949.4731579467,557948.4222334434,382.42852769461155,382.39427252440333
2479,2480,4868996.431236596,4868998.918553767,557948.4222334434,557947.3968343074,382.39427252440333,382.3603584273723
2480,2481,4868998.918553767,4869003.702007582,557947.3968343074,557945.50944906,382.3603584273723,382.3030366887646
2481,2482,4869003.702007582,4869009.705910353,557945.50944906,557943.1476233784,382.3030366887646,382.2237168957174
2482,2483,4869009.705910353,4869014.340853325,557943.1476233784,557941.2451727516,382.2237168957174,382.1713999335882
2483,2484,4869014.340853325,4869018.848295192,557941.2451727516,557939.3553351341,382.1713999335882,382.10706613622204
2484,2485,4869018.848295192,4869021.414338875,557939.3553351341,557938.3345017813,382.10706613622204,382.07968738454724
2485,2486,4869021.414338875,4869023.965968437,557938.3345017813,557937.2877700027,382.07968738454724,382.0492951423726
2486,2487,4869023.965968437,4869028.659812971,557937.2877700027,557935.4050390935,382.0492951423726,381.9953510269454
2487,2488,4869028.659812971,4869033.511094756,557935.4050390935,557933.4233260046,381.9953510269454,381.9420324471302
2488,2489,4869033.511094756,4869038.515907508,557933.4233260046,557931.3808872362,381.9420324471302,381.8945697263475
2489,2490,4869038.515907508,4869044.706786703,557931.3808872362,557928.9421890206,381.8945697263475,381.842679940872
2490,2491,4869044.706786703,4869046.971137342,557928.9421890206,557927.9759967036,381.842679940872,381.8217162946866
2491,2492,4869046.971137342,4869049.295610524,557927.9759967036,557927.0841310323,381.8217162946866,381.79864158428427
2492,2493,4869049.295610524,4869054.117601869,557927.0841310323,557925.1444166268,381.79864158428427,381.73936872080526
2493,2494,4869054.117601869,4869059.275929314,557925.1444166268,557923.058971651,381.73936872080526,381.6702184382915
2494,2495,4869059.275929314,4869064.040706063,557923.058971651,557921.1185485016,381.6702184382915,381.5885869199149
2495,2496,4869064.040706063,4869068.688390417,557921.1185485016,557919.1686707558,381.5885869199149,381.50239843301205
2496,2497,4869068.688390417,4869071.501071583,557919.1686707558,557918.0476291055,381.50239843301205,381.4545627789523
2497,2498,4869071.501071583,4869073.80489177,557918.0476291055,557917.1094221993,381.4545627789523,381.40738106478045
2498,2499,4869073.80489177,4869079.848330899,557917.1094221993,557914.6430102534,381.40738106478045,381.2757525716464
2499,2500,4869079.848330899,4869083.370873538,557914.6430102534,557913.2143421845,381.2757525716464,381.19819474110994
2500,2501,4869083.370873538,4869084.586025779,557913.2143421845,557912.7243977648,381.19819474110994,381.17099570591307
2501,2502,4869084.586025779,4869089.311406906,557912.7243977648,557910.710898284,381.17099570591307,381.05589300748437
2502,2503,4869089.311406906,4869094.492056203,557910.710898284,557908.6222276815,381.05589300748437,380.92931911450586
2503,2504,4869094.492056203,4869095.463522092,557908.6222276815,557908.1786558633,380.92931911450586,380.9035988044824
2504,2505,4869095.463522092,4869099.155951899,557908.1786558633,557906.6133242967,380.9035988044824,380.8051075382586
2505,2506,4869099.155951899,4869103.8683701325,557906.6133242967,557904.6874733542,380.8051075382586,380.678857411378
2506,2507,4869103.8683701325,4869107.566481329,557904.6874733542,557903.1727071186,380.678857411378,380.57613894811897
2507,2508,4869107.566481329,4869108.927473767,557903.1727071186,557902.6185747044,380.57613894811897,380.5395072828221
2508,2509,4869108.927473767,4869113.75675408,557902.6185747044,557900.6312769745,380.5395072828221,380.4112024866107
2509,2510,4869113.75675408,4869118.539694072,557900.6312769745,557898.6622769455,380.4112024866107,380.2764646096264
2510,2511,4869118.539694072,4869119.68203578,557898.6622769455,557898.1754173063,380.2764646096264,380.24250731283445
2511,2512,4869119.68203578,4869124.462604804,557898.1754173063,557896.2403732733,380.24250731283445,380.10959538963925
2512,2513,4869124.462604804,4869129.5907784775,557896.2403732733,557894.1802844551,380.10959538963925,379.9618546782742
2513,2514,4869129.5907784775,4869131.92647197,557894.1802844551,557893.2089321883,379.9618546782742,379.8978531330675
2514,2515,4869131.92647197,4869134.302723917,557893.2089321883,557892.2070788174,379.8978531330675,379.8359112885499
2515,2516,4869134.302723917,4869139.0759944,557892.2070788174,557890.2613179551,379.8359112885499,379.7040511329898
2516,2517,4869139.0759944,4869144.147228388,557890.2613179551,557888.2080991843,379.7040511329898,379.56193566953885
2517,2518,4869144.147228388,4869148.836281867,557888.2080991843,557886.3048865672,379.56193566953885,379.4370504971054
2518,2519,4869148.836281867,4869153.708739652,557886.3048865672,557884.2390445514,379.4370504971054,379.3039694147394
2519,2520,4869153.708739652,4869156.313737155,557884.2390445514,557883.2159178357,379.3039694147394,379.23585427739084
2520,2521,4869156.313737155,4869158.710984026,557883.2159178357,557882.2682377989,379.23585427739084,379.17116591522733
2521,2522,4869158.710984026,4869164.807064766,557882.2682377989,557879.7255358992,379.17116591522733,379.0007338826456
2522,2523,4869164.807064766,4869168.328186791,557879.7255358992,557878.281210282,379.0007338826456,378.906474413251
2523,2524,4869168.328186791,4869169.479390505,557878.281210282,557877.8221620237,378.906474413251,378.8744206361744
2524,2525,4869169.479390505,4869174.298116227,557877.8221620237,557875.8314799367,378.8744206361744,378.7461652186893
2525,2526,4869174.298116227,4869179.359457098,557875.8314799367,557873.767375841,378.7461652186893,378.6104335017972
2526,2527,4869179.359457098,4869180.243393416,557873.767375841,557873.4167647565,378.6104335017972,378.58854669839434
2527,2528,4869180.243393416,4869183.973124802,557873.4167647565,557871.8373998326,378.58854669839434,378.49409551608267
2528,2529,4869183.973124802,4869188.7128012115,557871.8373998326,557869.9053235366,378.49409551608267,378.37103705628084
2529,2530,4869188.7128012115,4869192.32875584,557869.9053235366,557868.3976112634,378.37103705628084,378.27462034071954
2530,2531,4869192.32875584,4869193.6678079665,557868.3976112634,557867.8000544299,378.27462034071954,378.23760463977703
2531,2532,4869193.6678079665,4869199.322960442,557867.8000544299,557865.493392953,378.23760463977703,378.09907453472954
2532,2533,4869199.322960442,4869204.266673983,557865.493392953,557863.4174037593,378.09907453472954,377.9738996853913
2533,2534,4869204.266673983,4869209.241045632,557863.4174037593,557861.3472949866,377.9738996853913,377.85877802424994
2534,2535,4869209.241045632,4869214.30495824,557861.3472949866,557859.2498116118,377.85877802424994,377.7351716900819
2535,2536,4869214.30495824,4869216.518470127,557859.2498116118,557858.3748987701,377.7351716900819,377.6828775076264
2536,2537,4869216.518470127,4869218.911574121,557858.3748987701,557857.4110175713,377.6828775076264,377.6237908345965
2537,2538,4869218.911574121,4869223.765146224,557857.4110175713,557855.3354569009,377.6237908345965,377.50457428560753
2538,2539,4869223.765146224,4869225.088750674,557855.3354569009,557854.8091219744,377.50457428560753,377.47505177162225
2539,2540,4869225.088750674,4869228.986130285,557854.8091219744,557853.1966020841,377.47505177162225,377.3906307227876
2540,2541,4869228.986130285,4869233.740878794,557853.1966020841,557851.1797316143,377.3906307227876,377.28246427096025
2541,2542,4869233.740878794,4869238.971217538,557851.1797316143,557849.0183204713,377.28246427096025,377.16445762393874
2542,2543,4869238.971217538,4869241.3498142315,557849.0183204713,557848.0793394479,377.16445762393874,377.10856898315524
2543,2544,4869241.3498142315,4869243.722433345,557848.0793394479,557847.06906357,377.10856898315524,377.05980758568154
2544,2545,4869243.722433345,4869249.018794921,557847.06906357,557844.8605625138,377.05980758568154,376.9387566175183
2545,2546,4869249.018794921,4869252.589504345,557844.8605625138,557843.3997615208,376.9387566175183,376.8618831563822
2546,2547,4869252.589504345,4869253.888940476,557843.3997615208,557842.8125046303,376.8618831563822,376.82832895441317
2547,2548,4869253.888940476,4869258.799887308,557842.8125046303,557840.7729208383,376.82832895441317,376.7349049307307
2548,2549,4869258.799887308,4869264.154343238,557840.7729208383,557838.562601309,376.7349049307307,376.624031247253
2549,2550,4869264.154343238,4869265.192926701,557838.562601309,557838.1602984511,376.624031247253,376.604243177273
2550,2551,4869265.192926701,4869268.637399577,557838.1602984511,557836.6930736012,376.604243177273,376.5409982977051
2551,2552,4869268.637399577,4869273.880223859,557836.6930736012,557834.478890532,376.5409982977051,376.43240762745734
2552,2553,4869273.880223859,4869277.395512213,557834.478890532,557833.0798834113,376.43240762745734,376.3692663431837
2553,2554,4869277.395512213,4869278.843482655,557833.0798834113,557832.497990031,376.3692663431837,376.34454464658074
2554,2555,4869278.843482655,4869283.738845894,557832.497990031,557830.392388562,376.34454464658074,376.25223169446707
2555,2556,4869283.738845894,4869289.089449,557830.392388562,557828.1706181477,376.25223169446707,376.15289460552316
2556,2557,4869289.089449,4869294.283639038,557828.1706181477,557825.9114613229,376.15289460552316,376.04911468484204
2557,2558,4869294.283639038,4869299.368441581,557825.9114613229,557823.8463529454,376.04911468484204,375.96346586992223
2558,2559,4869299.368441581,4869300.875219653,557823.8463529454,557823.1750790853,375.96346586992223,375.9357093486407
2559,2560,4869300.875219653,4869304.077087318,557823.1750790853,557821.8193480239,375.9357093486407,375.89005099453937
2560,2561,4869304.077087318,4869309.826218351,557821.8193480239,557819.4221049113,375.89005099453937,375.809727572772
2561,2562,4869309.826218351,4869312.432422048,557819.4221049113,557818.293174565,375.809727572772,375.77308445228203
2562,2563,4869312.432422048,4869313.808347676,557818.293174565,557817.7105027628,375.77308445228203,375.75747495235987
2563,2564,4869313.808347676,4869318.616809498,557817.7105027628,557815.695925102,375.75747495235987,375.69612515488734
2564,2565,4869318.616809498,4869324.213736507,557815.695925102,557813.3185844936,375.69612515488734,375.63584908489685
2565,2566,4869324.213736507,4869328.928856578,557813.3185844936,557811.3541352447,375.63584908489685,375.58350378598317
2566,2193,4869328.928856578,4869336.695467198,557811.3541352447,557813.3761133057,375.58350378598317,375.5851847098037
2193,2567,4869336.695467198,4869336.3772537075,557813.3761133057,557808.1750106185,375.5851847098037,375.5030500903815
2567,2568,4869336.3772537075,4869338.963099514,557808.1750106185,557807.1133858967,375.5030500903815,375.4792162013263
2568,2196,4869338.963099514,4869347.743419518,557807.1133858967,557808.1164779663,375.4792162013263,375.4622789293482
542,2569,4869344.70701947,4869349.340149632,557798.9902861776,557802.7087813842,375.5359316703289,375.3841313329136
2569,2199,4869349.340149632,4869358.37610337,557802.7087813842,557803.0025557437,375.3841313329136,375.3590010077564
546,2570,4869359.494082443,4869363.772630796,557793.5871398512,557796.5414867214,375.37890644971986,375.26362158736885
2570,2202,4869363.772630796,4869368.542099496,557796.5414867214,557798.0920336033,375.26362158736885,375.26845371965896
2571,2572,4868669.0,4868674.404672425,558011.0,558009.3015873072,388.19000244140625,388.072027512428
2572,2573,4868674.404672425,4868678.796363554,558009.3015873072,558007.92459463,388.072027512428,387.98105519538797
2573,2574,4868678.796363554,4868684.683529498,558007.92459463,558006.0881228134,387.98105519538797,387.8537668098217
2574,2575,4868684.683529498,4868689.173862666,558006.0881228134,558004.6755844483,387.8537668098217,387.7561904977888
2575,2576,4868689.173862666,4868693.670247772,558004.6755844483,558003.284317264,387.7561904977888,387.65968628025394
2576,2577,4868693.670247772,4868699.670422517,558003.284317264,558001.4315850714,387.65968628025394,387.53375199345726
2577,2578,4868699.670422517,4868702.687774035,558001.4315850714,558000.4879172342,387.53375199345726,387.46743250066135
2578,2579,4868702.687774035,4868704.127672031,558000.4879172342,558000.037571535,387.46743250066135,387.4381728761954
2579,2580,4868704.127672031,4868708.602930717,558000.037571535,557998.6787980438,387.4381728761954,387.3475053478815
2580,2581,4868708.602930717,4868709.990109131,557998.6787980438,557998.2384430445,387.3475053478815,387.31856196117496
2581,2582,4868709.990109131,4868714.793479726,557998.2384430445,557996.7369390181,387.31856196117496,387.2178350455806
2582,2583,4868714.793479726,4868719.126902203,557996.7369390181,557995.4275635876,387.2178350455806,387.1322473041263
2583,2584,4868719.126902203,4868723.895410607,557995.4275635876,557993.9326419915,387.1322473041263,387.0334941901121
2584,2585,4868723.895410607,4868725.376448739,557993.9326419915,557993.4656124136,387.0334941901121,387.0038742063025
2585,2586,4868725.376448739,4868729.7842227975,557993.4656124136,557992.1310870777,387.0038742063025,386.91842433502654
2586,2587,4868729.7842227975,4868734.4808767075,557992.1310870777,557990.719154882,386.91842433502654,386.82230761101954
2587,2588,4868734.4808767075,4868738.91352404,557990.719154882,557989.3488860091,386.82230761101954,386.7350915471142
2588,2589,4868738.91352404,4868741.726855087,557989.3488860091,557988.4809015151,386.7350915471142,386.6876456868562
2589,2590,4868741.726855087,4868743.826389048,557988.4809015151,557987.8381127535,386.6876456868562,386.64444226269774
2590,2591,4868743.826389048,4868749.503503312,557987.8381127535,557986.0636752896,386.64444226269774,386.5364702648188
2591,2592,4868749.503503312,4868753.614858355,557986.0636752896,557984.8139727126,386.5364702648188,386.45769526048485
2592,2593,4868753.614858355,4868758.642881562,557984.8139727126,557983.2549582501,386.45769526048485,386.35738219392664
2593,2594,4868758.642881562,4868763.539538634,557983.2549582501,557981.7081438003,386.35738219392664,386.2659418689486
2594,2595,4868763.539538634,4868769.230593255,557981.7081438003,557979.9436880855,386.2659418689486,386.1591598970627
2595,2596,4868769.230593255,4868773.687928513,557979.9436880855,557978.5726914331,386.1591598970627,386.07966911113004
2596,2597,4868773.687928513,4868775.13171183,557978.5726914331,557978.1166211411,386.07966911113004,386.0519380546925
2597,2598,4868775.13171183,4868778.619999965,557978.1166211411,557977.0567619643,386.0519380546925,385.9879590757122
2598,2599,4868778.619999965,4868784.015484303,557977.0567619643,557975.4058686022,385.9879590757122,385.89123789803836
2599,2600,4868784.015484303,4868788.807759703,557975.4058686022,557973.9361278482,385.89123789803836,385.80312639197604
2600,2601,4868788.807759703,4868790.258018936,557973.9361278482,557973.478042287,385.80312639197604,385.7761152792199
2601,2602,4868790.258018936,4868793.739999614,557973.478042287,557972.3983475363,385.7761152792199,385.7151125567441
2602,2603,4868793.739999614,4868799.130380915,557972.3983475363,557970.7014808147,385.7151125567441,385.6266432344301
2603,2604,4868799.130380915,4868803.957601573,557970.7014808147,557969.2210572615,385.6266432344301,385.53814877763904
2604,2605,4868803.957601573,4868806.733440382,557969.2210572615,557968.337476515,385.53814877763904,385.4901526003208
2605,2606,4868806.733440382,4868808.843188827,557968.337476515,557967.6691628026,385.4901526003208,385.45105906879974
2606,2607,4868808.843188827,4868814.239867501,557967.6691628026,557966.017425832,385.45105906879974,385.35881989641405
2607,2608,4868814.239867501,4868819.018160295,557966.017425832,557964.5418379874,385.35881989641405,385.27572699048903
2608,2609,4868819.018160295,4868823.164577452,557964.5418379874,557963.2156342717,385.27572699048903,385.21360591905113
2609,2610,4868823.164577452,4868823.949685805,557963.2156342717,557962.9872854518,385.21360591905113,385.2010160568331
2610,2611,4868823.949685805,4868829.337013866,557962.9872854518,557961.3080492729,385.2010160568331,385.1080994843141
2611,2612,4868829.337013866,4868834.125964974,557961.3080492729,557959.8612120033,385.1080994843141,385.02840281524624
2612,2613,4868834.125964974,4868838.780076814,557959.8612120033,557958.3864410023,385.02840281524624,384.94718497272123
2613,2614,4868838.780076814,4868844.218567675,557958.3864410023,557956.6953713894,384.94718497272123,384.86855436882956
2614,2615,4868844.218567675,4868849.049133235,557956.6953713894,557955.1980275569,384.86855436882956,384.78944545974184
2615,2616,4868849.049133235,4868853.719823933,557955.1980275569,557953.7494719324,384.78944545974184,384.71357874488336
2616,2617,4868853.719823933,4868855.093050402,557953.7494719324,557953.3372631621,384.71357874488336,384.69227413935397
2617,2618,4868855.093050402,4868859.7792838225,557953.3372631621,557951.8705523759,384.69227413935397,384.62140549381513
2618,2619,4868859.7792838225,4868863.892618678,557951.8705523759,557950.5850081375,384.62140549381513,384.5556102875441
2619,2620,4868863.892618678,4868868.763400958,557950.5850081375,557949.0549039984,384.5556102875441,384.4841629176478
2620,2621,4868868.763400958,4868870.997149995,557949.0549039984,557948.3827876695,384.4841629176478,384.4506438066279
2621,2622,4868870.997149995,4868874.88525556,557948.3827876695,557947.191579918,384.4506438066279,384.38996723998866
2622,2623,4868874.88525556,4868878.993281398,557947.191579918,557945.9008514584,384.38996723998866,384.330133878036
2623,2624,4868878.993281398,4868883.763273968,557945.9008514584,557944.3899473,384.330133878036,384.25651863048864
2624,2625,4868883.763273968,4868887.235057052,557944.3899473,557943.3225886166,384.25651863048864,384.2038173393058
2625,2626,4868887.235057052,4868888.560619849,557943.3225886166,557942.8919418381,384.2038173393058,384.18618854544894
2626,2627,4868888.560619849,4868893.597418919,557942.8919418381,557941.371982246,384.18618854544894,384.11308278620817
2627,2628,4868893.597418919,4868898.861564327,557941.371982246,557939.6815043641,384.11308278620817,384.0368466628064
2628,2629,4868898.861564327,4868903.668192644,557939.6815043641,557938.2036475155,384.0368466628064,383.96715815671257
2629,2630,4868903.668192644,4868908.689780199,557938.2036475155,557936.6468740551,383.96715815671257,383.90190465455095
2630,2631,4868908.689780199,4868913.948854175,557936.6468740551,557935.0151682366,383.90190465455095,383.82134182878735
2631,2632,4868913.948854175,4868918.771162783,557935.0151682366,557933.4976355077,383.82134182878735,383.75807397851287
2632,2633,4868918.771162783,4868923.790355943,557933.4976355077,557931.9535494949,383.75807397851287,383.6930102863182
2633,2634,4868923.790355943,4868929.039772183,557931.9535494949,557930.2929450121,383.6930102863182,383.6199361104571
2634,2635,4868929.039772183,4868933.869328186,557930.2929450121,557928.7804559468,383.6199361104571,383.55247180853013
2635,2636,4868933.869328186,4868935.280203471,557928.7804559468,557928.3427203211,383.55247180853013,383.5345050669585
2636,2637,4868935.280203471,4868938.88082176,557928.3427203211,557927.21271434,383.5345050669585,383.4895353660118
2637,2638,4868938.88082176,4868944.12364104,557927.21271434,557925.5467260749,383.4895353660118,383.42080657073024
2638,2639,4868944.12364104,4868948.956730276,557925.5467260749,557924.0297476564,383.42080657073024,383.35761207645754
2639,2640,4868948.956730276,4868951.751617843,557924.0297476564,557923.1965678905,383.35761207645754,383.31833326563014
2640,2641,4868951.751617843,4868953.946955,557923.1965678905,557922.518046297,383.31833326563014,383.2891616348209
2641,2642,4868953.946955,4868959.211496343,557922.518046297,557920.8122565075,383.2891616348209,383.2219302888868
2642,2643,4868959.211496343,4868964.04769138,557920.8122565075,557919.292068101,383.2219302888868,383.16804456686083
2643,2644,4868964.04769138,4868966.83665055,557919.292068101,557918.4568781529,383.16804456686083,383.1295311627724
2644,2645,4868966.83665055,4868969.029593038,557918.4568781529,557917.7704232952,383.1295311627724,383.10421388457036
2645,2646,4868969.029593038,4868974.340778782,557917.7704232952,557916.1024626151,383.10421388457036,383.0359493175122
2646,2647,4868974.340778782,4868979.144471933,557916.1024626151,557914.5718632046,383.0359493175122,382.98441978744364
2647,2648,4868979.144471933,4868983.204079146,557914.5718632046,557913.2545027981,382.98441978744364,382.93069373756254
2648,2649,4868983.204079146,4868984.007310661,557913.2545027981,557913.0118195066,382.93069373756254,382.92040729345564
2649,2650,4868984.007310661,4868989.416992586,557913.0118195066,557911.3336120405,382.92040729345564,382.86045140566705
2650,2651,4868989.416992586,4868994.244348626,557911.3336120405,557909.8510846178,382.86045140566705,382.80268604066225
2651,2652,4868994.244348626,4868999.099686646,557909.8510846178,557908.2966038673,382.80268604066225,382.7380207002824
2652,2653,4868999.099686646,4869004.478295937,557908.2966038673,557906.6278737653,382.7380207002824,382.6670780525473
2653,2654,4869004.478295937,4869009.332668564,557906.6278737653,557905.1143765661,382.6670780525473,382.5896559004055
2654,2655,4869009.332668564,4869014.144512193,557905.1143765661,557903.5633082568,382.5896559004055,382.5175616108122
2655,2656,4869014.144512193,4869015.422107665,557903.5633082568,557903.1758517007,382.5175616108122,382.4910616067057
2656,2657,4869015.422107665,4869019.544568512,557903.1758517007,557901.8757104147,382.4910616067057,382.41963944443944
2657,2658,4869019.544568512,4869024.397316222,557901.8757104147,557900.3235264148,382.41963944443944,382.3159462145796
2658,2659,4869024.397316222,4869029.224490821,557900.3235264148,557898.8135003106,382.3159462145796,382.2156821756335
2659,2660,4869029.224490821,4869030.493590776,557898.8135003106,557898.4154760462,382.2156821756335,382.1901548723752
2660,2661,4869030.493590776,4869034.584265099,557898.4154760462,557897.1461195482,382.1901548723752,382.09527931030595
2661,2662,4869034.584265099,4869039.44936531,557897.1461195482,557895.51207711,382.09527931030595,381.96997663938504
2662,2663,4869039.44936531,4869044.26963612,557895.51207711,557893.9932416489,381.96997663938504,381.85437925612933
2663,2664,4869044.26963612,4869046.924441566,557893.9932416489,557893.1286334395,381.85437925612933,381.79351912494286
2664,2665,4869046.924441566,4869049.543539434,557893.1286334395,557892.3134835302,381.79351912494286,381.7103986260173
2665,2666,4869049.543539434,4869054.359778604,557892.3134835302,557890.7490394999,381.7103986260173,381.58605737092785
2666,2667,4869054.359778604,4869059.096376197,557890.7490394999,557889.2022852902,381.58605737092785,381.4565747186663
2667,2668,4869059.096376197,4869061.873985429,557889.2022852902,557888.2820383508,381.4565747186663,381.3877202663246
2668,2669,4869061.873985429,4869064.522643538,557888.2820383508,557887.4677003459,381.3877202663246,381.31415742160976
2669,2670,4869064.522643538,4869069.399476144,557887.4677003459,557885.8864701254,381.31415742160976,381.17094970090676
2670,2671,4869069.399476144,4869074.255169537,557885.8864701254,557884.3868755943,381.17094970090676,381.0332559161373
2671,2672,4869074.255169537,4869077.025513308,557884.3868755943,557883.458727831,381.0332559161373,380.9573055179888
2672,2673,4869077.025513308,4869079.619537439,557883.458727831,557882.641918493,380.9573055179888,380.88366314280046
2673,2674,4869079.619537439,4869084.609683665,557882.641918493,557881.0413457135,380.88366314280046,380.73594693261975
2674,2675,4869084.609683665,4869089.4210399445,557881.0413457135,557879.5286463711,380.73594693261975,380.5927867787528
2675,2676,4869089.4210399445,4869093.364613827,557879.5286463711,557878.2631089501,380.5927867787528,380.4760692130361
2676,2677,4869093.364613827,4869094.58736561,557878.2631089501,557877.8442610363,380.4760692130361,380.4381260229243
2677,2678,4869094.58736561,4869099.670496451,557877.8442610363,557876.2217070736,380.4381260229243,380.2833308315638
2678,2679,4869099.670496451,4869103.858768588,557876.2217070736,557874.9015484883,380.2833308315638,380.1662874602697
2679,2680,4869103.858768588,4869108.564641046,557874.9015484883,557873.3009776513,380.1662874602697,380.0231093269274
2680,2681,4869108.564641046,4869114.710013029,557873.3009776513,557871.3577345472,380.0231093269274,379.8381453793552
2681,2682,4869114.710013029,4869119.4911714485,557871.3577345472,557869.8255843709,379.8381453793552,379.6978166382931
2682,2683,4869119.4911714485,4869123.471351642,557869.8255843709,557868.4985752045,379.6978166382931,379.5843963616116
2683,2684,4869123.471351642,4869124.756875697,557868.4985752045,557868.0801166139,379.5843963616116,379.55160533664895
2684,2685,4869124.756875697,4869129.827402216,557868.0801166139,557866.4487538318,379.55160533664895,379.40509537732623
2685,2686,4869129.827402216,4869133.909840488,557866.4487538318,557865.1600063853,379.40509537732623,379.29626117277945
2686,2687,4869133.909840488,4869138.730056543,557865.1600063853,557863.5643328088,379.29626117277945,379.1510822736305
2687,2688,4869138.730056543,4869140.114914319,557863.5643328088,557863.1222403639,379.1510822736305,379.1139876499809
2688,2689,4869140.114914319,4869144.785195272,557863.1222403639,557861.6012416056,379.1139876499809,378.9850570964784
2689,2690,4869144.785195272,4869149.538227022,557861.6012416056,557860.0409729707,378.9850570964784,378.8682286166488
2690,2691,4869149.538227022,4869153.541210544,557860.0409729707,557858.7620689151,378.8682286166488,378.7727653023602
2691,2692,4869153.541210544,4869154.869780771,557858.7620689151,557858.3223334901,378.7727653023602,378.74151422593815
2692,2693,4869154.869780771,4869159.830901088,557858.3223334901,557856.7436065811,378.74151422593815,378.62116184531294
2693,2694,4869159.830901088,4869164.579528271,557856.7436065811,557855.1988627911,378.62116184531294,378.5091873561298
2694,2695,4869164.579528271,4869168.578182903,557855.1988627911,557853.9029050121,378.5091873561298,378.419046831804
2695,2696,4869168.578182903,4869169.890958087,557853.9029050121,557853.4589631988,378.419046831804,378.38904841598526
2696,2697,4869169.890958087,4869174.851855982,557853.4589631988,557851.8933840308,378.38904841598526,378.26765088605003
2697,2698,4869174.851855982,4869179.597322039,557851.8933840308,557850.3089471936,378.26765088605003,378.1600364869346
2698,2699,4869179.597322039,4869183.6067285,557850.3089471936,557849.0291693849,378.1600364869346,378.06262628827216
2699,2700,4869183.6067285,4869185.7657414125,557849.0291693849,557848.3180527649,378.06262628827216,378.01465618936163
2700,2701,4869185.7657414125,4869188.517519092,557848.3180527649,557847.4397542271,378.01465618936163,377.95895713485857
2701,2702,4869188.517519092,4869194.619299534,557847.4397542271,557845.4338196244,377.95895713485857,377.8142074275998
2702,2703,4869194.619299534,4869198.878646812,557845.4338196244,557844.0788078441,377.8142074275998,377.724250522066
2703,2704,4869198.878646812,4869200.957706883,557844.0788078441,557843.3996089852,377.724250522066,377.6801300163244
2704,2705,4869200.957706883,4869203.621076678,557843.3996089852,557842.4945386694,377.6801300163244,377.62629788215963
2705,2706,4869203.621076678,4869208.839112586,557842.4945386694,557840.8046423839,377.62629788215963,377.5105462609623
2706,2707,4869208.839112586,4869209.794690846,557840.8046423839,557840.5087469491,377.5105462609623,377.48508574145785
2707,2708,4869209.794690846,4869213.927270029,557840.5087469491,557839.2096541116,377.48508574145785,377.40042820405324
2708,2709,4869213.927270029,4869217.390933679,557839.2096541116,557838.0513324386,377.40042820405324,377.3306717964119
2709,2710,4869217.390933679,4869218.647015397,557838.0513324386,557837.6008715236,377.3306717964119,377.3024646976861
2710,2711,4869218.647015397,4869223.751822083,557837.6008715236,557835.9542741507,377.3024646976861,377.2010577318625
2711,2712,4869223.751822083,4869228.870815274,557835.9542741507,557834.2563512314,377.2010577318625,377.09029173345243
2712,2713,4869228.870815274,4869232.380301185,557834.2563512314,557833.1267563413,377.09029173345243,377.0268894868468
2713,2714,4869232.380301185,4869233.6717396565,557833.1267563413,557832.699876769,377.0268894868468,377.0001816148364
2714,2715,4869233.6717396565,4869238.71825492,557832.699876769,557831.0516218878,377.0001816148364,376.89866009281525
2715,2716,4869238.71825492,4869243.80573064,557831.0516218878,557829.376367658,376.89866009281525,376.7962101739139
2716,2717,4869243.80573064,4869247.500720522,557829.376367658,557828.1708446279,376.7962101739139,376.72984478105985
2717,2718,4869247.500720522,4869249.052246435,557828.1708446279,557827.6576720021,376.72984478105985,376.6987217837733
2718,2719,4869249.052246435,4869254.341307344,557827.6576720021,557825.8980159655,376.6987217837733,376.59240321123275
2719,2720,4869254.341307344,4869259.4903177805,557825.8980159655,557824.2487474498,376.59240321123275,376.5077066266831
2720,2721,4869259.4903177805,4869262.091361418,557824.2487474498,557823.3645667966,376.5077066266831,376.4590726301364
2721,2722,4869262.091361418,4869264.884003178,557823.3645667966,557822.3984733718,376.4590726301364,376.41335407898663
2722,2723,4869264.884003178,4869268.677029844,557822.3984733718,557821.1842553837,376.41335407898663,376.35205322123375
2723,525,4869268.677029844,4869277.513390717,557821.1842553837,557823.4761743699,376.35205322123375,376.71990034651964
525,2724,4869277.513390717,4869277.428524095,557823.4761743699,557818.3140119911,376.71990034651964,376.2053818107532
2724,2725,4869277.428524095,4869279.1223388,557818.3140119911,557817.7325465137,376.2053818107532,376.17649835069864
2725,2726,4869279.1223388,4869283.602381943,557817.7325465137,557816.2554802335,376.17649835069864,376.10344878757917
2726,529,4869283.602381943,4869292.233515096,557816.2554802335,557818.1308939029,376.10344878757917,376.40974562974793
529,2727,4869292.233515096,4869292.097542159,557818.1308939029,557813.402895528,376.40974562974793,375.970701330658
2727,2728,4869292.097542159,4869294.900060263,557813.402895528,557812.4999375765,375.970701330658,375.92566588147884
2728,2729,4869294.900060263,4869299.970755166,557812.4999375765,557810.8311712679,375.92566588147884,375.85077699905077
2729,533,4869299.970755166,4869305.794463718,557810.8311712679,557813.2119770292,375.85077699905077,376.14012034858143
533,2730,4869305.794463718,4869307.459894679,557813.2119770292,557808.3062288577,376.14012034858143,375.7452208870531
2730,2731,4869307.459894679,4869309.077862618,557808.3062288577,557807.7792012895,375.7452208870531,375.7281466975219
2731,2732,4869309.077862618,4869313.658089122,557807.7792012895,557806.219078198,375.7281466975219,375.6630915908766
2732,536,4869313.658089122,4869319.276788514,557806.219078198,557808.2727480439,375.6630915908766,375.90397145686916
536,2733,4869319.276788514,4869322.491179795,557808.2727480439,557803.2835794212,375.90397145686916,375.5728823217072
2733,2734,4869322.491179795,4869324.169440304,557803.2835794212,557802.7492362837,375.5728823217072,375.5559229362075
2734,539,4869324.169440304,4869332.757164345,557802.7492362837,557803.4095811169,375.5559229362075,375.6862621224359
540,2735,4869334.201029127,4869337.465249359,557802.8423063838,557798.301001268,375.66898606475127,375.433392152055
2735,2736,4869337.465249359,4869339.1538921455,557798.301001268,557797.7613076644,375.433392152055,375.4193945892275
2736,543,4869339.1538921455,4869347.437251665,557797.7613076644,557797.998135096,375.4193945892275,375.50649928155076
544,2737,4869349.044774217,4869352.448373049,557797.4093630081,557793.2449826713,375.4888710544975,375.31146253250745
2737,2738,4869352.448373049,4869354.141638278,557793.2449826713,557792.6963908463,375.31146253250745,375.2981516559288
2738,547,4869354.141638278,4869360.892757928,557792.6963908463,557793.0403596672,375.2981516559288,375.3656616193474
548,2739,4869363.901626718,4869367.683059272,557791.942764373,557788.1580901559,375.3379690308997,375.20952298886846
2739,2740,4869367.683059272,4869369.125397488,557788.1580901559,557787.6583594228,375.20952298886846,375.20214282664347
2740,550,4869369.125397488,4869374.314679887,557787.6583594228,557788.0609926936,375.20214282664347,375.2516051842018
551,2741,4869378.791984291,4869382.498789026,557786.3989746564,557783.1489658603,375.2163313012399,375.1250889462991
2741,553,4869382.498789026,4869387.650108907,557783.1489658603,557783.0996400841,375.1250889462991,375.14993489856073
555,2742,4869393.509161804,4869397.734352032,557781.0154006486,557778.0746879713,375.11725862733323,375.05813238100177
2742,557,4869397.734352032,4869400.943701268,557778.0746879713,557778.11533257,375.05813238100177,375.0753228291284
559,2743,4869410.182536018,4869411.047421528,557774.7637230322,557773.4422818273,375.0293966005419,375.01345768598725
2743,560,4869411.047421528,4869414.153776835,557773.4422818273,557773.2022416805,375.01345768598725,375.01531041690737
2744,2745,4868680.0,4868684.112665996,558126.0,558124.0540934803,386.239990234375,386.1604839650017
2745,2746,4868684.112665996,4868686.016669523,558124.0540934803,558123.1713850667,386.1604839650017,386.1199830279744
2746,2747,4868686.016669523,4868689.927469213,558123.1713850667,558121.3429661666,386.1199830279744,386.0403196044614
2747,2748,4868689.927469213,4868694.011430129,558121.3429661666,558119.439310857,386.0403196044614,385.95716710992605
2748,2749,4868694.011430129,4868696.8205293575,558119.439310857,558118.1562567005,385.95716710992605,385.9002516770988
2749,2750,4868696.8205293575,4868700.083762251,558118.1562567005,558116.6293570655,385.9002516770988,385.8374337104271
2750,2751,4868700.083762251,4868704.225012721,558116.6293570655,558114.7303453617,385.8374337104271,385.7569274347789
2751,2752,4868704.225012721,4868706.903669237,558114.7303453617,558113.4958541138,385.7569274347789,385.70832709034596
2752,2753,4868706.903669237,4868710.097812326,558113.4958541138,558112.0082272554,385.70832709034596,385.6461254392064
2753,2754,4868710.097812326,4868714.357654552,558112.0082272554,558110.0367130084,385.6461254392064,385.5651853797086
2754,2755,4868714.357654552,4868718.496671493,558110.0367130084,558108.1474632827,385.5651853797086,385.48868697738595
2755,2756,4868718.496671493,4868720.274138776,558108.1474632827,558107.3318666897,385.48868697738595,385.45888171540673
2756,2757,4868720.274138776,4868723.783964275,558107.3318666897,558105.7165374623,385.45888171540673,385.3987248906102
2757,2758,4868723.783964275,4868728.656764694,558105.7165374623,558103.4446042645,385.3987248906102,385.31670096399597
2758,2759,4868728.656764694,4868733.884899694,558103.4446042645,558101.0241147295,385.31670096399597,385.21673975830385
2759,2760,4868733.884899694,4868738.584570256,558101.0241147295,558098.8370670271,385.21673975830385,385.1368371211395
2760,2761,4868738.584570256,4868739.724415592,558098.8370670271,558098.3114654183,385.1368371211395,385.1161088237269
2761,2762,4868739.724415592,4868744.624131466,558098.3114654183,558096.0812951997,385.1161088237269,385.0354178993757
2762,2763,4868744.624131466,4868748.970796695,558096.0812951997,558094.0757863392,385.0354178993757,384.96219582592045
2763,2764,4868748.970796695,4868750.612804469,558094.0757863392,558093.2801413423,384.96219582592045,384.93413861495634
2764,2765,4868750.612804469,4868753.992810245,558093.2801413423,558091.715943326,384.93413861495634,384.8760934843668
2765,2766,4868753.992810245,4868758.8845422715,558091.715943326,558089.4685310927,384.8760934843668,384.80184978858256
2766,2767,4868758.8845422715,4868762.098336179,558089.4685310927,558088.0269262043,384.80184978858256,384.74730918804204
2767,2768,4868762.098336179,4868764.914640217,558088.0269262043,558086.6456237995,384.74730918804204,384.70198210639984
2768,2769,4868764.914640217,4868769.28179706,558086.6456237995,558084.6083372756,384.70198210639984,384.63559107609996
2769,2770,4868769.28179706,4868773.151634639,558084.6083372756,558082.8929997622,384.63559107609996,384.5735998790729
2770,2771,4868773.151634639,4868774.095062265,558082.8929997622,558082.4707980461,384.5735998790729,384.56013658012137
2771,2772,4868774.095062265,4868779.194469571,558082.4707980461,558080.0809239206,384.56013658012137,384.4801726923162
2772,2773,4868779.194469571,4868783.526932644,558080.0809239206,558078.0746326188,384.4801726923162,384.41356907158035
2773,2774,4868783.526932644,4868789.607292632,558078.0746326188,558075.2604313428,384.41356907158035,384.31914388912816
2774,2775,4868789.607292632,4868793.501238421,558075.2604313428,558073.4994244005,384.31914388912816,384.26287006825396
2775,2776,4868793.501238421,4868799.5046079,558073.4994244005,558070.6929770419,384.26287006825396,384.1800012418809
2776,2777,4868799.5046079,4868803.833520561,558070.6929770419,558068.6811834086,384.1800012418809,384.11634470017975
2777,2778,4868803.833520561,4868805.45130531,558068.6811834086,558067.9603139894,384.11634470017975,384.09299695158126
2778,2779,4868805.45130531,4868808.6896961825,558067.9603139894,558066.4412248838,384.09299695158126,384.04123551300313
2779,2780,4868808.6896961825,4868813.764480818,558066.4412248838,558064.0092584983,384.04123551300313,383.970801408423
2780,2781,4868813.764480818,4868815.945938199,558064.0092584983,558063.0391042578,383.970801408423,383.9419011002141
2781,2782,4868815.945938199,4868819.840829564,558063.0391042578,558061.2795576832,383.9419011002141,383.8883889766992
2782,2783,4868819.840829564,4868824.20346951,558061.2795576832,558059.1799238067,383.8883889766992,383.82169614247863
2783,2784,4868824.20346951,4868825.845432982,558059.1799238067,558058.4274823249,383.82169614247863,383.80407394390414
2784,2785,4868825.845432982,4868829.014700705,558058.4274823249,558056.9920032907,383.80407394390414,383.76276197735734
2785,2786,4868829.014700705,4868834.022697193,558056.9920032907,558054.6190425442,383.76276197735734,383.68511715633804
2786,2787,4868834.022697193,4868837.326399156,558054.6190425442,558053.18236966,383.68511715633804,383.64678539344567
2787,2788,4868837.326399156,4868839.978064793,558053.18236966,558051.8986083312,383.64678539344567,383.6173885096183
2788,2789,4868839.978064793,4868844.41392384,558051.8986083312,558049.8244571073,383.6173885096183,383.55072351227045
2789,2790,4868844.41392384,4868848.279326501,558049.8244571073,558048.0386229692,383.55072351227045,383.50004924893557
2790,2791,4868848.279326501,4868849.258083824,558048.0386229692,558047.5978982045,383.50004924893557,383.4851096094988
2791,2792,4868849.258083824,4868854.3129347125,558047.5978982045,558045.1984051726,383.4851096094988,383.4215261430616
2792,2793,4868854.3129347125,4868858.755439678,558045.1984051726,558043.1510160813,383.4215261430616,383.3635776464702
2793,2794,4868858.755439678,4868863.857555922,558043.1510160813,558040.7939875133,383.3635776464702,383.29393439764357
2794,2795,4868863.857555922,4868868.566346402,558040.7939875133,558038.6143870044,383.29393439764357,383.2403017448689
2795,2796,4868868.566346402,4868869.540545667,558038.6143870044,558038.1799840438,383.2403017448689,383.2244890822379
2796,2797,4868869.540545667,4868874.607014907,558038.1799840438,558035.7826619495,383.2244890822379,383.1621925965262
2797,2798,4868874.607014907,4868879.0468637515,558035.7826619495,558033.7373055528,383.1621925965262,383.1117728839884
2798,2799,4868879.0468637515,4868880.669683043,558033.7373055528,558032.9348028604,383.1117728839884,383.0935690473716
2799,2800,4868880.669683043,4868884.126466667,558032.9348028604,558031.3517630004,383.0935690473716,383.04267694115475
2800,2801,4868884.126466667,4868888.906702586,558031.3517630004,558029.1741837838,383.04267694115475,382.991430813429
2801,2802,4868888.906702586,4868890.998040688,558029.1741837838,558028.1557759363,382.991430813429,382.9667830411518
2802,2803,4868890.998040688,4868894.87310843,558028.1557759363,558026.3158335114,382.9667830411518,382.9204133358518
2803,2804,4868894.87310843,4868898.605614543,558026.3158335114,558024.641335471,382.9204133358518,382.8737923079401
2804,2805,4868898.605614543,4868901.819755885,558024.641335471,558023.1519211445,382.8737923079401,382.8415105998447
2805,2806,4868901.819755885,4868904.399115702,558023.1519211445,558021.910434734,382.8415105998447,382.8123817539213
2806,2807,4868904.399115702,4868909.250904368,558021.910434734,558019.6650749061,382.8123817539213,382.7589072236633
2807,2808,4868909.250904368,4868913.038712461,558019.6650749061,558018.0220254984,382.7589072236633,382.7135532570836
2808,2809,4868913.038712461,4868913.776021031,558018.0220254984,558017.6696712602,382.7135532570836,382.703069143522
2809,2810,4868913.776021031,4868918.849596604,558017.6696712602,558015.2065761117,382.703069143522,382.65058118579157
2810,2811,4868918.849596604,4868923.48396409,558015.2065761117,558013.1513673752,382.65058118579157,382.60199956355126
2811,2812,4868923.48396409,4868924.706038969,558013.1513673752,558012.5449085636,382.60199956355126,382.5854575138372
2812,2813,4868924.706038969,4868929.457290475,558012.5449085636,558010.2709729514,382.5854575138372,382.5347104917892
2813,2814,4868929.457290475,4868933.984930524,558010.2709729514,558008.2475651582,382.5347104917892,382.48528965242974
2814,2815,4868933.984930524,4868938.7026828155,558008.2475651582,558005.9904687923,382.48528965242974,382.43831531597164
2815,2816,4868938.7026828155,4868943.742069864,558005.9904687923,558003.6587099773,382.43831531597164,382.3792591946822
2816,2817,4868943.742069864,4868944.964078738,558003.6587099773,558003.0854241746,382.3792591946822,382.3588204693736
2817,2818,4868944.964078738,4868949.77028289,558003.0854241746,558000.766465422,382.3588204693736,382.31427084166654
2818,2819,4868949.77028289,4868953.639023283,558000.766465422,557999.0117636694,382.31427084166654,382.27256172121673
2819,2820,4868953.639023283,4868955.830601506,557999.0117636694,557997.9504778441,382.27256172121673,382.25327785058835
2820,2821,4868955.830601506,4868959.27619928,557997.9504778441,557996.3291556981,382.25327785058835,382.21452498909446
2821,2822,4868959.27619928,4868963.936906115,557996.3291556981,557994.185540805,382.21452498909446,382.16350880280396
2822,2823,4868963.936906115,4868966.034161976,557994.185540805,557993.1637788669,382.16350880280396,382.143026560547
2823,2824,4868966.034161976,4868969.81595984,557993.1637788669,557991.3933983878,382.143026560547,382.10152486036986
2824,2825,4868969.81595984,4868974.1965736905,557991.3933983878,557989.3715298912,382.10152486036986,382.0648807207575
2825,2826,4868974.1965736905,4868976.308514862,557989.3715298912,557988.3813466936,382.0648807207575,382.0423133247501
2826,2827,4868976.308514862,4868978.861879322,557988.3813466936,557987.2116050881,382.0423133247501,382.010945436229
2827,2828,4868978.861879322,4868984.010449373,557987.2116050881,557984.7656510132,382.010945436229,381.9657974158564
2828,2829,4868984.010449373,4868987.352890352,557984.7656510132,557983.2274134741,381.9657974158564,381.92116269453487
2829,2830,4868987.352890352,4868990.02322929,557983.2274134741,557981.923641122,381.92116269453487,381.8916606774918
2830,2831,4868990.02322929,4868994.387272794,557981.923641122,557979.8947424816,381.8916606774918,381.8427368045909
2831,2832,4868994.387272794,4868998.172381029,557979.8947424816,557978.1209851127,381.8427368045909,381.8052904918006
2832,2833,4868998.172381029,4868999.093710668,557978.1209851127,557977.6799885571,381.8052904918006,381.7958538433083
2833,2834,4868999.093710668,4869003.825586981,557977.6799885571,557975.4704199616,381.7958538433083,381.74430576975857
2834,2835,4869003.825586981,4869008.409880122,557975.4704199616,557973.2904151699,381.74430576975857,381.7056387716569
2835,2836,4869008.409880122,4869009.219453602,557973.2904151699,557972.8898932177,381.7056387716569,381.6919047986502
2836,2837,4869009.219453602,4869013.930148905,557972.8898932177,557970.6752978739,381.6919047986502,381.6419784094113
2837,2838,4869013.930148905,4869018.676967933,557970.6752978739,557968.3997085294,381.6419784094113,381.6073189270864
2838,2839,4869018.676967933,4869024.71788126,557968.3997085294,557965.5499377586,381.6073189270864,381.55738612065875
2839,2840,4869024.71788126,4869029.424759221,557965.5499377586,557963.3136858583,381.55738612065875,381.5275389803843
2840,2841,4869029.424759221,4869034.590694265,557963.3136858583,557960.8748250109,381.5275389803843,381.4963165760059
2841,2842,4869034.590694265,4869039.065283748,557960.8748250109,557958.8264022262,381.4963165760059,381.4500317806046
2842,2843,4869039.065283748,4869040.6153634945,557958.8264022262,557958.0731808726,381.4500317806046,381.43133613129925
2843,2844,4869040.6153634945,4869043.598833914,557958.0731808726,557956.6628331413,381.43133613129925,381.39571776002424
2844,2845,4869043.598833914,4869048.728470215,557956.6628331413,557954.2716784046,381.39571776002424,381.32025479048053
2845,2846,4869048.728470215,4869050.985838061,557954.2716784046,557953.1697944265,381.32025479048053,381.28277007730304
2846,2847,4869050.985838061,4869054.820730352,557953.1697944265,557951.3867700769,381.28277007730304,381.21736060566445
2847,2848,4869054.820730352,4869059.30196411,557951.3867700769,557949.2865720552,381.21736060566445,381.13615260880016
2848,2849,4869059.30196411,4869061.708068936,557949.2865720552,557948.0827651558,381.13615260880016,381.0831568091
2849,2850,4869061.708068936,4869064.220200952,557948.0827651558,557946.9225857895,381.0831568091,381.03215652560857
2850,2851,4869064.220200952,4869069.249865598,557946.9225857895,557944.5733573225,381.03215652560857,380.9215054342034
2851,2852,4869069.249865598,4869073.006312265,557944.5733573225,557942.718707661,380.9215054342034,380.83271413845694
2852,2853,4869073.006312265,4869073.873436818,557942.718707661,557942.3198407093,380.83271413845694,380.8153125336542
2853,2854,4869073.873436818,4869079.003061808,557942.3198407093,557939.8963868623,380.8153125336542,380.68884541333256
2854,2855,4869079.003061808,4869082.222508377,557939.8963868623,557938.3225789653,380.68884541333256,380.61056794302095
2855,2856,4869082.222508377,4869084.975118559,557938.3225789653,557937.0291084223,380.61056794302095,380.5378196758946
2856,2857,4869084.975118559,4869089.405429527,557937.0291084223,557934.8993460111,380.5378196758946,380.42225275447294
2857,2123,4869089.405429527,4869089.185972938,557934.8993460111,557928.5868095097,380.42225275447294,381.60350986360777
2123,2858,4869089.185972938,4869094.034604066,557928.5868095097,557932.7091867527,381.60350986360777,380.30119305495174
2858,2859,4869094.034604066,4869099.149913453,557932.7091867527,557930.2653157416,380.30119305495174,380.16179097399356
2859,2860,4869099.149913453,4869103.652301969,557930.2653157416,557928.0759652602,380.16179097399356,380.0467743189541
2860,2861,4869103.652301969,4869109.585754553,557928.0759652602,557925.3018485744,380.0467743189541,379.8914424810872
2861,2862,4869109.585754553,4869114.202101227,557925.3018485744,557923.1085893129,379.8914424810872,379.76697735773956
2862,2863,4869114.202101227,4869119.27338472,557923.1085893129,557920.6756481196,379.76697735773956,379.6344895314136
2863,2864,4869119.27338472,4869123.726919766,557920.6756481196,557918.5078411686,379.6344895314136,379.5160575286685
2864,2865,4869123.726919766,4869124.723362643,557918.5078411686,557918.0236706436,379.5160575286685,379.4901046777565
2865,2866,4869124.723362643,4869129.650614808,557918.0236706436,557915.7370896973,379.4901046777565,379.36167909057536
2866,2867,4869129.650614808,4869133.905534238,557915.7370896973,557913.6121603755,379.36167909057536,379.25137094244815
2867,2868,4869133.905534238,4869135.333524302,557913.6121603755,557912.9552225717,379.25137094244815,379.2180680146897
2868,2869,4869135.333524302,4869138.681517027,557912.9552225717,557911.4108125276,379.2180680146897,379.1325584467886
2869,2870,4869138.681517027,4869143.635459669,557911.4108125276,557909.0467859558,379.1325584467886,379.00003170054816
2870,2871,4869143.635459669,4869145.851060464,557909.0467859558,557908.0045058372,379.00003170054816,378.94405134606416
2871,2872,4869145.851060464,4869149.4920032695,557908.0045058372,557906.2272208439,378.94405134606416,378.8566908580515
2872,2873,4869149.4920032695,4869154.033505486,557906.2272208439,557904.045537367,378.8566908580515,378.7409815176783
2873,2141,4869154.033505486,4869154.200633199,557904.045537367,557898.6555571452,378.7409815176783,379.93395273951654
2141,2874,4869154.200633199,4869158.8311979845,557898.6555571452,557901.7722991658,379.93395273951654,378.6264070239282
2874,2875,4869158.8311979845,4869163.8158301795,557901.7722991658,557899.3399289787,378.6264070239282,378.5000956888379
2875,2144,4869163.8158301795,4869163.555372034,557899.3399289787,557894.3379221371,378.5000956888379,379.65306987131754
2144,2876,4869163.555372034,4869169.808844046,557894.3379221371,557896.4851191422,379.65306987131754,378.3505430864274
2876,2877,4869169.808844046,4869174.159127471,557896.4851191422,557894.4337634221,378.3505430864274,378.24888371378114
2877,2147,4869174.159127471,4869174.161839723,557894.4337634221,557889.4179234146,378.24888371378114,379.3400114540178
2147,2878,4869174.161839723,4869178.554567361,557889.4179234146,557892.2676412626,379.3400114540178,378.13904614613716
2878,2879,4869178.554567361,4869184.3227969175,557892.2676412626,557889.495616399,378.13904614613716,378.00564669203885
2879,2150,4869184.3227969175,4869184.6133470945,557889.495616399,557884.6114430235,378.00564669203885,379.02470137470027
2150,2880,4869184.6133470945,4869188.835236617,557884.6114430235,557887.3204622162,379.02470137470027,377.8950542868101
2880,2881,4869188.835236617,4869193.925130236,557887.3204622162,557884.9284964147,377.8950542868101,377.780481771131
2881,2153,4869193.925130236,4869194.449548827,557884.9284964147,557880.0367761012,377.780481771131,378.74397672558337
2153,2882,4869194.449548827,4869199.447104056,557880.0367761012,557882.234689531,378.74397672558337,377.6514889324112
2882,2883,4869199.447104056,4869204.427121624,557882.234689531,557879.9085330607,377.6514889324112,377.54601308530613
2883,2884,4869204.427121624,4869206.650526767,557879.9085330607,557878.8515551237,377.54601308530613,377.49381575698885
2884,2885,4869206.650526767,4869208.147106705,557878.8515551237,557878.0902904471,377.49381575698885,377.456972792324
2885,2886,4869208.147106705,4869208.995276263,557878.0902904471,557877.6811809194,377.456972792324,377.4369602506583
2886,2887,4869208.995276263,4869214.15714154,557877.6811809194,557875.2273568284,377.4369602506583,377.3331206939972
2887,2888,4869214.15714154,4869218.82872284,557875.2273568284,557872.9434589809,377.3331206939972,377.23286573009983
2888,2889,4869218.82872284,4869223.647168112,557872.9434589809,557870.6209245354,377.23286573009983,377.1239427581741
2889,2890,4869223.647168112,4869228.549392567,557870.6209245354,557868.23669008,377.1239427581741,377.0251813350949
2890,2891,4869228.549392567,4869234.593850653,557868.23669008,557865.2819160938,377.0251813350949,376.90208565450286
2891,2892,4869234.593850653,4869239.043309081,557865.2819160938,557863.1545045109,376.90208565450286,376.8128660571204
2892,2893,4869239.043309081,4869243.709337898,557863.1545045109,557860.8452573105,376.8128660571204,376.70686894717
2893,2168,4869243.709337898,4869249.051266909,557860.8452573105,557854.6820639787,376.70686894717,377.2807838591128
2168,2894,4869249.051266909,4869254.692013925,557854.6820639787,557855.4959522766,377.2807838591128,376.5036043291891
2894,2895,4869254.692013925,4869258.707764534,557855.4959522766,557853.5481938943,376.5036043291891,376.4221393464296
2895,2171,4869258.707764534,4869259.632943572,557853.5481938943,557849.776557716,376.4221393464296,377.0262530535614
2171,2896,4869259.632943572,4869264.730435513,557849.776557716,557850.5859955957,377.0262530535614,376.30616516102174
2896,2897,4869264.730435513,4869268.743663321,557850.5859955957,557848.6179871518,376.30616516102174,376.22959912976836
2897,2174,4869268.743663321,4869269.641319755,557848.6179871518,557845.1021537177,376.22959912976836,376.8032968900264
2174,2898,4869269.641319755,4869274.810013726,557845.1021537177,557845.6413117849,376.8032968900264,376.11764114113726
2898,2899,4869274.810013726,4869278.759308118,557845.6413117849,557843.7044143005,376.11764114113726,376.05360709268257
2899,2177,4869278.759308118,4869278.8303809855,557843.7044143005,557840.7835697996,376.05360709268257,376.58244388350363
2177,2900,4869278.8303809855,4869284.009731941,557840.7835697996,557841.1496408479,376.58244388350363,375.9837632347689
2900,2901,4869284.009731941,4869289.222507046,557841.1496408479,557838.6071436452,375.9837632347689,375.9129190796824
2901,2179,4869289.222507046,4869288.867103424,557838.6071436452,557836.0319832274,375.9129190796824,376.3640107536253
2180,2902,4869294.02008168,4869299.374670663,557833.6533435566,557833.6403321103,376.2649336929464,375.79158731016554
2902,2182,4869299.374670663,4869298.960516259,557833.6403321103,557831.2856956067,375.79158731016554,376.16393756471473
2183,2903,4869304.544954481,4869309.459719492,557828.6249528232,557828.7342676412,376.0464755287033,375.67760625124777
2903,2185,4869309.459719492,4869308.662352557,557828.7342676412,557826.6760481903,375.67760625124777,375.97102527568035
2186,2904,4869313.772642939,4869319.6191057125,557824.2362302108,557823.7171952273,375.8827202310136,375.5735127459174
2904,2188,4869319.6191057125,4869318.747964291,557823.7171952273,557821.9273719303,375.5735127459174,375.81477649143
2189,2905,4869323.906631376,4869329.633746735,557819.4389999261,557818.7692909755,375.7437807630755,375.47703870119847
2905,2191,4869329.633746735,4869328.839067653,557818.7692909755,557817.1496377261,375.47703870119847,375.6831566582061
2192,2906,4869334.233066306,4869339.110476948,557814.565049108,557814.0692778621,375.614559236189,375.3939809934508
2906,2194,4869339.110476948,4869339.336896994,557814.0692778621,557812.1346763625,375.3939809934508,375.5559986458741
2195,2907,4869343.954593431,4869349.6303984355,557809.8665759873,557808.8507531245,375.50199269343705,375.30589852161205
2907,2197,4869349.6303984355,4869348.940101249,557808.8507531245,557807.4968220593,375.30589852161205,375.45142313710676
2198,2908,4869354.394039747,4869359.058305524,557804.9394760156,557804.1538676829,375.39421557921605,375.2412282953517
2908,2200,4869359.058305524,4869359.577711716,557804.1538676829,557802.3783165319,375.2412282953517,375.34391268934604
2201,2909,4869363.690001817,4869369.556569304,557800.480927959,557798.913294988,375.3111031855746,375.17446435929946
2909,2202,4869369.556569304,4869368.542099496,557798.913294988,557798.0920336033,375.17446435929946,375.26845371965896
2203,2910,4869373.666939097,4869379.670430635,557795.6308004032,557793.8887905574,375.2239188247993,375.1186694142392
2910,2205,4869379.670430635,4869379.7803018745,557793.8887905574,557792.6837370684,375.1186694142392,375.1790994983727
2206,2911,4869383.673788153,4869389.595106193,557790.7896566862,557788.9070621502,375.1544749092932,375.072753851206
2911,2207,4869389.595106193,4869389.773489817,557788.9070621502,557787.8933314582,375.072753851206,375.11994542767064
2208,2912,4869393.733077159,4869398.558035984,557785.913127438,557784.3383120531,375.0957857509004,375.03267287454815
2912,556,4869398.558035984,4869399.56607545,557784.3383120531,557778.6704017719,375.03267287454815,375.0830837164266
2913,2914,4868811.0,4868814.9920540545,557952.0,557950.8025858159,386.19000244140625,386.0907370614578
2914,2915,4868814.9920540545,4868819.524331929,557950.8025858159,557949.4723874205,386.0907370614578,385.9806095226215
2915,2916,4868819.524331929,4868823.481474948,557949.4723874205,557948.2995804221,385.9806095226215,385.88391425900056
2916,2917,4868823.481474948,4868823.928724112,557948.2995804221,557948.1765176381,385.88391425900056,385.8746465405052
2917,2918,4868823.928724112,4868830.007639319,557948.1765176381,557946.4538406956,385.8746465405052,385.73709498568496
2918,2919,4868830.007639319,4868834.540277226,557946.4538406956,557945.1242832225,385.73709498568496,385.6345904868582
2919,2920,4868834.540277226,4868838.916309395,557945.1242832225,557943.8473050164,385.6345904868582,385.5331673391967
2920,2921,4868838.916309395,4868840.449904382,557943.8473050164,557943.4262308475,385.5331673391967,385.499719225365
2921,2922,4868840.449904382,4868844.940546871,557943.4262308475,557942.1412251464,385.499719225365,385.4017589671821
2922,2923,4868844.940546871,4868849.209786054,557942.1412251464,557940.8927907958,385.4017589671821,385.3080585665891
2923,2924,4868849.209786054,4868854.037510801,557940.8927907958,557939.5185682001,385.3080585665891,385.2071706291489
2924,2925,4868854.037510801,4868858.417923973,557939.5185682001,557938.2385437277,385.2071706291489,385.1165121532352
2925,2926,4868858.417923973,4868859.624116751,557938.2385437277,557937.8819158504,385.1165121532352,385.0916648275981
2926,2927,4868859.624116751,4868864.540458713,557937.8819158504,557936.4843638873,385.0916648275981,384.9930359097963
2927,2928,4868864.540458713,4868869.502095637,557936.4843638873,557935.0073705793,384.9930359097963,384.89122791933806
2928,2929,4868869.502095637,4868873.7468450265,557935.0073705793,557933.7759223556,384.89122791933806,384.8092775458471
2929,2930,4868873.7468450265,4868875.102716564,557933.7759223556,557933.3933088841,384.8092775458471,384.78515120801586
2930,2931,4868875.102716564,4868878.777315265,557933.3933088841,557932.3454716746,384.78515120801586,384.71690104428484
2931,2932,4868878.777315265,4868884.33096484,557932.3454716746,557930.7403332194,384.71690104428484,384.6075618075156
2932,2933,4868884.33096484,4868889.355069094,557930.7403332194,557929.2910719239,384.6075618075156,384.51813047039417
2933,2934,4868889.355069094,4868892.15061155,557929.2910719239,557928.4994869415,384.51813047039417,384.4611128870345
2934,2935,4868892.15061155,4868893.546899325,557928.4994869415,557928.1030612896,384.4611128870345,384.43611466202606
2935,2936,4868893.546899325,4868898.618004362,557928.1030612896,557926.6333586498,384.43611466202606,384.3495726257287
2936,2937,4868898.618004362,4868904.132766126,557926.6333586498,557925.0624383446,384.3495726257287,384.24554171075704
2937,2938,4868904.132766126,4868909.150018293,557925.0624383446,557923.6213913956,384.24554171075704,384.1618699128785
2938,2939,4868909.150018293,4868910.528994044,557923.6213913956,557923.2071496977,384.1618699128785,384.1404626702136
2939,2940,4868910.528994044,4868914.706808752,557923.2071496977,557921.9987490198,384.1404626702136,384.071672547296
2940,2941,4868914.706808752,4868919.739587327,557921.9987490198,557920.5505140842,384.071672547296,383.9838986186861
2941,2942,4868919.739587327,4868923.911535776,557920.5505140842,557919.320082896,383.9838986186861,383.91392077083907
2942,2943,4868923.911535776,4868927.84958903,557919.320082896,557918.2170698165,383.91392077083907,383.8516245060042
2943,2944,4868927.84958903,4868928.942872704,557918.2170698165,557917.8966643265,383.8516245060042,383.83388440723394
2944,2945,4868928.942872704,4868934.498368861,557917.8966643265,557916.2899668353,383.83388440723394,383.74539781491177
2945,2946,4868934.498368861,4868939.520390611,557916.2899668353,557914.8442849,383.74539781491177,383.6674217004283
2946,2947,4868939.520390611,4868943.70758419,557914.8442849,557913.6249172374,383.6674217004283,383.60605502768124
2947,2948,4868943.70758419,4868945.079278739,557913.6249172374,557913.2342949125,383.60605502768124,383.58149539176713
2948,2949,4868945.079278739,4868948.70148144,557913.2342949125,557912.1678573578,383.58149539176713,383.5276079572265
2949,2950,4868948.70148144,4868953.906542553,557912.1678573578,557910.6793303235,383.5276079572265,383.45317576098876
2950,2951,4868953.906542553,4868958.904688963,557910.6793303235,557909.2712466476,383.45317576098876,383.3820437247008
2951,2952,4868958.904688963,4868961.601395282,557909.2712466476,557908.4449399471,383.3820437247008,383.3391256257008
2952,2953,4868961.601395282,4868963.8829729,557908.4449399471,557907.7694047434,383.3391256257008,383.31175234190323
2953,2954,4868963.8829729,4868969.083063849,557907.7694047434,557906.2989309748,383.31175234190323,383.2351927190871
2954,2955,4868969.083063849,4868974.0756573025,557906.2989309748,557904.8281579231,383.2351927190871,383.1621886980666
2955,2956,4868974.0756573025,4868979.067252221,557904.8281579231,557903.3690592317,383.1621886980666,383.0860640304903
2956,2957,4868979.067252221,4868984.253684198,557903.3690592317,557901.8932265101,383.0860640304903,383.00532159846966
2957,2958,4868984.253684198,4868989.2659224365,557901.8932265101,557900.4433334154,383.00532159846966,382.93255696494316
2958,2959,4868989.2659224365,4868994.002116778,557900.4433334154,557899.0217562793,382.93255696494316,382.83901184860036
2959,2960,4868994.002116778,4868996.64510947,557899.0217562793,557898.246489876,382.83901184860036,382.79804634662685
2960,2961,4868996.64510947,4868999.410434797,557898.246489876,557897.4724222731,382.79804634662685,382.74605937625466
2961,2962,4868999.410434797,4869004.445586193,557897.4724222731,557896.0361258968,382.74605937625466,382.6508502061975
2962,2963,4869004.445586193,4869009.274559123,557896.0361258968,557894.6056269178,382.6508502061975,382.54228513829435
2963,2964,4869009.274559123,4869011.8164107315,557894.6056269178,557893.7971682464,382.54228513829435,382.4831858795651
2964,2965,4869011.8164107315,4869013.092215601,557893.7971682464,557893.4686445515,382.4831858795651,382.4527045178319
2965,2966,4869013.092215601,4869014.544475459,557893.4686445515,557893.0180401442,382.4527045178319,382.4222757191047
2966,2967,4869014.544475459,4869019.600184586,557893.0180401442,557891.5779537804,382.4222757191047,382.3112634824614
2967,2968,4869019.600184586,4869024.311791387,557891.5779537804,557890.2158254326,382.3112634824614,382.18608351852754
2968,2969,4869024.311791387,4869029.293054681,557890.2158254326,557888.7138166325,382.18608351852754,382.0635023985154
2969,2970,4869029.293054681,4869030.618819608,557888.7138166325,557888.2994973863,382.0635023985154,382.0326100879868
2970,2971,4869030.618819608,4869034.755866768,557888.2994973863,557887.0887073845,382.0326100879868,381.9315592892857
2971,2972,4869034.755866768,4869039.479056416,557887.0887073845,557885.7020063003,381.9315592892857,381.80003917639993
2972,2973,4869039.479056416,4869044.474558311,557885.7020063003,557884.2949744699,381.80003917639993,381.6714954544338
2973,2974,4869044.474558311,4869047.185078558,557884.2949744699,557883.4644994005,381.6714954544338,381.597084248156
2974,2975,4869047.185078558,4869048.5762161985,557883.4644994005,557883.0872223395,381.597084248156,381.55791665864695
2975,2976,4869048.5762161985,4869054.654397847,557883.0872223395,557881.2675425106,381.55791665864695,381.3897945368482
2976,2977,4869054.654397847,4869058.536354909,557881.2675425106,557880.1706725768,381.3897945368482,381.2810391693801
2977,2978,4869058.536354909,4869063.741467833,557880.1706725768,557878.6256629088,381.2810391693801,381.1206513646249
2978,2979,4869063.741467833,4869065.105789024,557878.6256629088,557878.2286348857,381.1206513646249,381.0856414899572
2979,2980,4869065.105789024,4869069.802467702,557878.2286348857,557876.8181520904,381.0856414899572,380.95295751628254
2980,2981,4869069.802467702,4869073.611506865,557876.8181520904,557875.7087837625,380.95295751628254,380.84665315147424
2981,2982,4869073.611506865,4869078.890839688,557875.7087837625,557874.1473363042,380.84665315147424,380.685075081051
2982,2983,4869078.890839688,4869081.27330419,557874.1473363042,557873.4391794874,380.685075081051,380.6160225621502
2983,2984,4869081.27330419,4869083.641133974,557873.4391794874,557872.7975712334,380.6160225621502,380.5483980996431
2984,2985,4869083.641133974,4869088.727249884,557872.7975712334,557871.2126729799,380.5483980996431,380.4018718311337
2985,2986,4869088.727249884,4869093.956380364,557871.2126729799,557869.6221722601,380.4018718311337,380.24902048238863
2986,2987,4869093.956380364,4869098.772744047,557869.6221722601,557868.2194200341,380.24902048238863,380.10855763169315
2987,2988,4869098.772744047,4869103.735767913,557868.2194200341,557866.772711918,380.10855763169315,379.9752489172019
2988,2989,4869103.735767913,4869109.103029477,557866.772711918,557865.0910214141,379.9752489172019,379.8186629481198
2989,2990,4869109.103029477,4869113.9290493615,557865.0910214141,557863.6904276689,379.8186629481198,379.6939887155519
2990,2991,4869113.9290493615,4869115.298625,557863.6904276689,557863.2760328626,379.6939887155519,379.6528845092869
2991,2992,4869115.298625,4869118.807324381,557863.2760328626,557862.2348275518,379.6528845092869,379.56481730815864
2992,2993,4869118.807324381,4869124.248490109,557862.2348275518,557860.5447380415,379.56481730815864,379.41564191224575
2993,2994,4869124.248490109,4869129.084666789,557860.5447380415,557859.1586996602,379.41564191224575,379.29694811766836
2994,2995,4869129.084666789,4869131.731798114,557859.1586996602,557858.376947577,379.29694811766836,379.23141509589425
2995,2996,4869131.731798114,4869133.953638008,557858.376947577,557857.7062232777,379.23141509589425,379.17896656808495
2996,2997,4869133.953638008,4869139.385714994,557857.7062232777,557856.0669137716,379.17896656808495,379.0430613482459
2997,2998,4869139.385714994,4869144.236983177,557856.0669137716,557854.6226195898,379.0430613482459,378.9321975277504
2998,2999,4869144.236983177,4869149.1018260475,557854.6226195898,557853.1902747216,378.9321975277504,378.8143341547171
2999,3000,4869149.1018260475,4869154.335495669,557853.1902747216,557851.6102077019,378.8143341547171,378.68218861630913
3000,3001,4869154.335495669,4869159.317461613,557851.6102077019,557850.1760299276,378.68218861630913,378.5700555679817
3001,3002,4869159.317461613,4869164.240211205,557850.1760299276,557848.6364238841,378.5700555679817,378.4538321400165
3002,3003,4869164.240211205,4869165.648051565,557848.6364238841,557848.2238831999,378.4538321400165,378.418787364356
3003,3004,4869165.648051565,4869168.50854907,557848.2238831999,557847.3672963013,378.418787364356,378.35510906950725
3004,3005,4869168.50854907,4869174.0079810815,557847.3672963013,557845.7504943375,378.35510906950725,378.2327038267983
3005,3006,4869174.0079810815,4869179.025034853,557845.7504943375,557844.253761925,378.2327038267983,378.1114546667417
3006,3007,4869179.025034853,4869181.481853128,557844.253761925,557843.492097881,378.1114546667417,378.06139434949887
3007,3008,4869181.481853128,4869183.839871887,557843.492097881,557842.7695217427,378.06139434949887,378.01056443619865
3008,3009,4869183.839871887,4869189.097698978,557842.7695217427,557841.1745478277,378.01056443619865,377.8909037471852
3009,3010,4869189.097698978,4869194.396381257,557841.1745478277,557839.625219479,377.8909037471852,377.7746501786537
3010,3011,4869194.396381257,4869198.342687678,557839.625219479,557838.4653890263,377.7746501786537,377.6916610330461
3011,3012,4869198.342687678,4869199.155321506,557838.4653890263,557838.1737478826,377.6916610330461,377.6703573942569
3012,3013,4869199.155321506,4869204.766434774,557838.1737478826,557836.4860715005,377.6703573942569,377.548309525828
3013,3014,4869204.766434774,4869207.34442416,557836.4860715005,557835.7109448349,377.548309525828,377.49747329471774
3014,3015,4869207.34442416,4869209.503489429,557835.7109448349,557835.064448737,377.49747329471774,377.45596487561716
3015,2709,4869209.503489429,4869217.390933679,557835.064448737,557838.0513324386,377.45596487561716,377.3306717964119
2709,3016,4869217.390933679,4869215.598335294,557838.0513324386,557833.1616827317,377.3306717964119,377.3270277211181
3016,3017,4869215.598335294,4869219.896076698,557833.1616827317,557831.891797979,377.3270277211181,377.2432764314764
3017,3018,4869219.896076698,4869224.63745839,557831.891797979,557830.4531577525,377.2432764314764,377.14646761586204
3018,2713,4869224.63745839,4869232.380301185,557830.4531577525,557833.1267563413,377.14646761586204,377.0268894868468
2713,3019,4869232.380301185,4869232.551889697,557833.1267563413,557828.0691282796,377.0268894868468,376.99500618591856
3019,3020,4869232.551889697,4869233.825822165,557828.0691282796,557827.6600681933,376.99500618591856,376.96708728322557
3020,3021,4869233.825822165,4869239.4628103115,557827.6600681933,557825.9750820692,376.96708728322557,376.85651526520644
3021,2717,4869239.4628103115,4869247.500720522,557825.9750820692,557828.1708446279,376.85651526520644,376.72984478105985
2717,3022,4869247.500720522,4869248.5894534625,557828.1708446279,557823.2007633037,376.72984478105985,376.68117073934116
3022,3023,4869248.5894534625,4869253.610592362,557823.2007633037,557821.6731209639,376.68117073934116,376.59366783189716
3023,2721,4869253.610592362,4869262.091361418,557821.6731209639,557823.3645667966,376.59366783189716,376.4590726301364
2721,3024,4869262.091361418,4869264.177004822,557823.3645667966,557818.4391170163,376.4590726301364,376.4146141623802
3024,3025,4869264.177004822,4869268.773957514,557818.4391170163,557817.0438378449,376.4146141623802,376.33523321305495
3025,2724,4869268.773957514,4869277.428524095,557817.0438378449,557818.3140119911,376.33523321305495,376.2053818107532
2725,3026,4869279.1223388,4869280.846068942,557817.7325465137,557813.3491638385,376.17649835069864,376.13773062983876
3026,3027,4869280.846068942,4869283.892750041,557813.3491638385,557812.4168810348,376.13773062983876,376.08708094124916
3027,2727,4869283.892750041,4869292.097542159,557812.4168810348,557813.402895528,376.08708094124916,375.970701330658
2728,3028,4869294.900060263,4869297.6659677215,557812.4999375765,557808.1817917767,375.92566588147884,375.8828998429001
3028,3029,4869297.6659677215,4869299.000819792,557808.1817917767,557807.7895765692,375.8828998429001,375.85870078397704
3029,2730,4869299.000819792,4869307.459894679,557807.7895765692,557808.3062288577,375.85870078397704,375.7452208870531
2731,3030,4869309.077862618,4869312.904734497,557807.7792012895,557803.4220260261,375.7281466975219,375.670599395356
3030,3031,4869312.904734497,4869314.253655132,557803.4220260261,557803.0455666975,375.670599395356,375.6541678558342
3031,2733,4869314.253655132,4869322.491179795,557803.0455666975,557803.2835794212,375.6541678558342,375.5728823217072
2734,3032,4869324.169440304,4869329.2581515275,557802.7492362837,557798.3842550252,375.5559229362075,375.5021134653096
3032,2735,4869329.2581515275,4869337.465249359,557798.3842550252,557798.301001268,375.5021134653096,375.433392152055
543,3033,4869347.437251665,4869345.811319935,557797.998135096,557793.2357237097,375.50649928155076,375.3602738200627
3033,2737,4869345.811319935,4869352.448373049,557793.2357237097,557793.2449826713,375.3602738200627,375.31146253250745
547,3034,4869360.892757928,4869362.516141175,557793.0403596672,557787.9699580993,375.3656616193474,375.2413151595894
3034,2739,4869362.516141175,4869367.683059272,557787.9699580993,557788.1580901559,375.2413151595894,375.20952298886846
550,3035,4869374.314679887,4869377.7562827235,557788.0609926936,557783.2482865199,375.2516051842018,375.1483607552186
3035,2741,4869377.7562827235,4869382.498789026,557783.2482865199,557783.1489658603,375.1483607552186,375.1250889462991
3036,3037,4868904.0,4868908.387427662,558070.0,558067.4985530768,384.9700012207031,384.84978356766686
3037,3038,4868908.387427662,4868910.025395408,558067.4985530768,558066.5795004038,384.84978356766686,384.80840493220563
3038,3039,4868910.025395408,4868913.818166515,558066.5795004038,558064.4445327921,384.80840493220563,384.71026190207493
3039,3040,4868913.818166515,4868915.995639721,558064.4445327921,558063.2153881359,384.71026190207493,384.6538718015203
3040,3041,4868915.995639721,4868919.817390475,558063.2153881359,558061.0750917257,384.6538718015203,384.5647067393494
3041,3042,4868919.817390475,4868923.65005775,558061.0750917257,558058.9301731772,384.5647067393494,384.4729045091303
3042,3043,4868923.65005775,4868924.816885367,558058.9301731772,558058.2617752418,384.4729045091303,384.44561759467456
3043,3044,4868924.816885367,4868928.567155382,558058.2617752418,558056.1594552128,384.44561759467456,384.35670723398323
3044,3045,4868928.567155382,4868933.820996914,558056.1594552128,558053.2261413358,384.35670723398323,384.23850010326424
3045,3046,4868933.820996914,4868939.434436557,558053.2261413358,558050.093441918,384.23850010326424,384.1183138236063
3046,3047,4868939.434436557,4868943.572686975,558050.093441918,558047.7699736066,384.1183138236063,384.03095966713886
3047,3048,4868943.572686975,4868948.99822306,558047.7699736066,558044.7164408296,384.03095966713886,383.922997988747
3048,3049,4868948.99822306,4868951.278670671,558044.7164408296,558043.443702188,383.922997988747,383.8760535086218
3049,3050,4868951.278670671,4868954.957816062,558043.443702188,558041.3654176198,383.8760535086218,383.8044704684623
3050,3051,4868954.957816062,4868959.649423778,558041.3654176198,558038.719504461,383.8044704684623,383.7176124196081
3051,3052,4868959.649423778,4868960.928884449,558038.719504461,558038.0300509937,383.7176124196081,383.6914320405346
3052,3053,4868960.928884449,4868964.383750525,558038.0300509937,558036.0841260984,383.6914320405346,383.6281450748599
3053,3054,4868964.383750525,4868969.156832632,558036.0841260984,558033.3743218504,383.6281450748599,383.5388275128502
3054,3055,4868969.156832632,4868974.12893964,558033.3743218504,558030.6400216462,383.5388275128502,383.45513049940354
3055,3056,4868974.12893964,4868978.882002084,558030.6400216462,558027.9831491758,383.45513049940354,383.3729838775782
3056,3057,4868978.882002084,4868984.510848028,558027.9831491758,558024.8168645306,383.3729838775782,383.2787056797617
3057,3058,4868984.510848028,4868988.20117699,558024.8168645306,558022.7493845077,383.2787056797617,383.218960585638
3058,3059,4868988.20117699,4868989.146530514,558022.7493845077,558022.1849227109,383.218960585638,383.20406109359016
3059,3060,4868989.146530514,4868994.137540249,558022.1849227109,558019.4316748427,383.20406109359016,383.12431078690884
3060,3061,4868994.137540249,4868996.278575888,558019.4316748427,558018.2481611157,383.12431078690884,383.09284245601503
3061,3062,4868996.278575888,4868999.589176776,558018.2481611157,558016.3578256562,383.09284245601503,383.04455393368073
3062,3063,4868999.589176776,4869004.352217943,558016.3578256562,558013.729286994,383.04455393368073,382.96965056364866
3063,3064,4869004.352217943,4869005.587831788,558013.729286994,558013.0100087033,382.96965056364866,382.95153529516267
3064,3065,4869005.587831788,4869009.029580532,558013.0100087033,558011.1488302276,382.95153529516267,382.9028298091818
3065,3066,4869009.029580532,4869013.774296561,558011.1488302276,558008.4961849863,382.9028298091818,382.838711222883
3066,3067,4869013.774296561,4869019.198618349,558008.4961849863,558005.4391289698,382.838711222883,382.7601803837018
3067,3068,4869019.198618349,4869022.60541412,558005.4391289698,558003.4787222615,382.7601803837018,382.71373094416737
3068,3069,4869022.60541412,4869023.73656544,558003.4787222615,558002.8669876636,382.71373094416737,382.6985097130837
3069,3070,4869023.73656544,4869029.397949882,558002.8669876636,557999.7506453794,382.6985097130837,382.6208016299632
3070,3071,4869029.397949882,4869032.466326936,557999.7506453794,557998.0101340719,382.6208016299632,382.58066131074406
3071,3072,4869032.466326936,4869033.625599008,557998.0101340719,557997.3686039014,382.58066131074406,382.5651755169814
3072,3073,4869033.625599008,4869039.46137493,557997.3686039014,557994.0487107636,382.5651755169814,382.4921577645891
3073,3074,4869039.46137493,4869040.739326713,557994.0487107636,557993.3366270264,382.4921577645891,382.4750376137156
3074,3075,4869040.739326713,4869043.873626766,557993.3366270264,557991.492904774,382.4750376137156,382.43479218867583
3075,3076,4869043.873626766,4869049.388365479,557991.492904774,557988.4879088565,382.43479218867583,382.36860963578465
3076,3077,4869049.388365479,4869054.181473683,557988.4879088565,557985.7549421509,382.36860963578465,382.3109548471763
3077,3078,4869054.181473683,4869058.903744271,557985.7549421509,557983.1081118856,382.3109548471763,382.2554619995354
3078,3079,4869058.903744271,4869064.572833897,557983.1081118856,557979.9572234097,382.2554619995354,382.1912803205726
3079,3080,4869064.572833897,4869067.721076086,557979.9572234097,557978.1645446857,382.1912803205726,382.15649531712324
3080,3081,4869067.721076086,4869069.081351318,557978.1645446857,557977.4063680607,382.15649531712324,382.1390056443391
3081,3082,4869069.081351318,4869074.651767677,557977.4063680607,557974.3202644684,382.1390056443391,382.0825060792472
3082,3083,4869074.651767677,4869076.921949595,557974.3202644684,557973.0341251488,382.0825060792472,382.05534428886364
3083,3084,4869076.921949595,4869079.124157154,557973.0341251488,557971.8112897872,382.05534428886364,382.0320459888592
3084,3085,4869079.124157154,4869084.768733573,557971.8112897872,557968.6048372453,382.0320459888592,381.97091808662987
3085,3086,4869084.768733573,4869085.853548373,557968.6048372453,557968.0586504374,381.97091808662987,381.96451783358987
3086,3087,4869085.853548373,4869089.0411658,557968.0586504374,557966.2819877067,381.96451783358987,381.92635964330583
3087,3088,4869089.0411658,4869094.528828236,557966.2819877067,557963.1674729934,381.92635964330583,381.8468177629109
3088,3089,4869094.528828236,4869099.082621436,557963.1674729934,557960.6755878235,381.8468177629109,381.7623871961266
3089,3090,4869099.082621436,4869103.683011374,557960.6755878235,557958.0570347852,381.7623871961266,381.6672081634256
3090,3091,4869103.683011374,4869109.4996203035,557958.0570347852,557954.7661687213,381.6672081634256,381.5282695855383
3091,3092,4869109.4996203035,4869112.436227591,557954.7661687213,557953.099742152,381.5282695855383,381.44775473238036
3092,3093,4869112.436227591,4869113.691887464,557953.099742152,557952.4255957645,381.44775473238036,381.41928486515087
3093,3094,4869113.691887464,4869119.3675204525,557952.4255957645,557949.215138083,381.41928486515087,381.2616853128064
3094,3095,4869119.3675204525,4869121.507722612,557949.215138083,557948.0047002609,381.2616853128064,381.2061502006171
3095,3096,4869121.507722612,4869123.553085857,557948.0047002609,557946.8592510172,381.2061502006171,381.1380612967257
3096,3097,4869123.553085857,4869129.333630946,557946.8592510172,557943.6306279158,381.1380612967257,380.9699443242869
3097,3098,4869129.333630946,4869130.3423164,557943.6306279158,557943.0828328233,380.9699443242869,380.9406996815361
3098,3099,4869130.3423164,4869133.6153523885,557943.0828328233,557941.2644579099,380.9406996815361,380.8381485699124
3099,3100,4869133.6153523885,4869139.198239455,557941.2644579099,557938.0919256837,380.8381485699124,380.6637908840969
3100,3101,4869139.198239455,4869143.676609647,557938.0919256837,557935.5543734626,380.6637908840969,380.52686778505245
3101,3102,4869143.676609647,4869148.4709039675,557935.5543734626,557932.8869554095,380.52686778505245,380.37790473002144
3102,3103,4869148.4709039675,4869149.329570413,557932.8869554095,557932.358113764,380.37790473002144,380.35005900143915
3103,3104,4869149.329570413,4869153.90726339,557932.358113764,557929.7774055682,380.35005900143915,380.2080114973574
3104,3105,4869153.90726339,4869157.2088734945,557929.7774055682,557927.8305601375,380.2080114973574,380.0986425494648
3105,3106,4869157.2088734945,4869159.4317454845,557927.8305601375,557926.6139142269,380.0986425494648,380.0318669360824
3106,3107,4869159.4317454845,4869164.168059021,557926.6139142269,557923.9359211493,380.0318669360824,379.87862373636756
3107,3108,4869164.168059021,4869165.022241933,557923.9359211493,557923.4401818302,379.87862373636756,379.85047251696733
3108,3109,4869165.022241933,4869169.520690871,557923.4401818302,557920.9157523513,379.85047251696733,379.71093016466017
3109,3110,4869169.520690871,4869173.965832949,557920.9157523513,557918.3216606125,379.71093016466017,379.57144088463787
3110,3111,4869173.965832949,4869179.780275876,557918.3216606125,557915.0524484403,379.57144088463787,379.3945640746782
3111,3112,4869179.780275876,4869182.811067259,557915.0524484403,557913.2500308576,379.3945640746782,379.30400197292187
3112,3113,4869182.811067259,4869183.948625492,557913.2500308576,557912.6523959986,379.30400197292187,379.26800533749037
3113,3114,4869183.948625492,4869189.599241107,557912.6523959986,557909.4379167354,379.26800533749037,379.0911510735136
3114,3115,4869189.599241107,4869191.7811882645,557909.4379167354,557908.1651061085,379.0911510735136,379.02949347524174
3115,3116,4869191.7811882645,4869194.105882798,557908.1651061085,557906.9262550292,379.02949347524174,378.96082448728845
3116,3117,4869194.105882798,4869199.569657499,557906.9262550292,557903.7800948096,378.96082448728845,378.79850559070496
3117,3118,4869199.569657499,4869200.864889784,557903.7800948096,557903.0336509135,378.79850559070496,378.7624202316951
3118,3119,4869200.864889784,4869204.259726106,557903.0336509135,557901.1410887755,378.7624202316951,378.65637384828574
3119,3120,4869204.259726106,4869208.882476614,557901.1410887755,557898.4651105979,378.65637384828574,378.51667016841344
3120,3121,4869208.882476614,4869214.76950144,557898.4651105979,557895.1397936341,378.51667016841344,378.3528091022528
3121,3122,4869214.76950144,4869217.800049362,557895.1397936341,557893.3647219398,378.3528091022528,378.26378951891905
3122,3123,4869217.800049362,4869218.954132525,557893.3647219398,557892.7049378547,378.26378951891905,378.2322158199192
3123,3124,4869218.954132525,4869224.612825127,557892.7049378547,557889.4923850541,378.2322158199192,378.0693485636793
3124,3125,4869224.612825127,4869226.833597137,557889.4923850541,557888.2413387088,378.0693485636793,378.0094674850492
3125,3126,4869226.833597137,4869229.038892031,557888.2413387088,557886.9215239019,378.0094674850492,377.9494948490289
3126,3127,4869229.038892031,4869234.569556236,557886.9215239019,557883.8181668652,377.9494948490289,377.7952690915213
3127,3128,4869234.569556236,4869235.898384386,557883.8181668652,557883.0667033151,377.7952690915213,377.75085644615393
3128,3129,4869235.898384386,4869239.094353921,557883.0667033151,557881.1731990122,377.75085644615393,377.6696857405845
3129,3130,4869239.094353921,4869243.953163163,557881.1731990122,557878.428598768,377.6696857405845,377.5496087057848
3130,3131,4869243.953163163,4869246.148654435,557878.428598768,557877.1491102489,377.5496087057848,377.48666597316173
3131,3132,4869246.148654435,4869248.501723077,557877.1491102489,557875.7961719121,377.48666597316173,377.4284582240919
3132,3133,4869248.501723077,4869253.311381491,557875.7961719121,557873.0484518958,377.4284582240919,377.29794626860553
3133,3134,4869253.311381491,4869254.2704997435,557873.0484518958,557872.4716094232,377.29794626860553,377.2741567473674
3134,3135,4869254.2704997435,4869258.846279979,557872.4716094232,557869.8659684971,377.2741567473674,377.1607821905413
3135,3136,4869258.846279979,4869262.065956049,557869.8659684971,557868.0322674095,377.1607821905413,377.0827370047072
3136,3137,4869262.065956049,4869264.310483137,557868.0322674095,557866.7127993286,377.0827370047072,377.0229049496158
3137,3138,4869264.310483137,4869269.049096109,557866.7127993286,557864.0422787336,377.0229049496158,376.91294298297197
3138,3139,4869269.049096109,4869269.938911312,557864.0422787336,557863.4983095037,376.91294298297197,376.8879640615672
3139,3140,4869269.938911312,4869274.901966607,557863.4983095037,557860.6009380814,376.8879640615672,376.7746156027452
3140,3141,4869274.901966607,4869278.551322881,557860.6009380814,557858.5111012895,376.7746156027452,376.6866676585347
3141,3142,4869278.551322881,4869279.500504827,557858.5111012895,557857.9471100742,376.6866676585347,376.6672388044205
3142,3143,4869279.500504827,4869284.571755701,557857.9471100742,557855.0530150308,376.6672388044205,376.54490948620764
3143,3144,4869284.571755701,4869287.923202188,557855.0530150308,557853.0878566147,376.54490948620764,376.47074407373873
3144,3145,4869287.923202188,4869288.9689904,557853.0878566147,557852.4394614011,376.47074407373873,376.44486376096376
3145,3146,4869288.9689904,4869294.481560233,557852.4394614011,557849.2671526063,376.44486376096376,376.32977329592177
3146,3147,4869294.481560233,4869296.613355093,557849.2671526063,557847.923100496,376.32977329592177,376.290846134053
3147,3148,4869296.613355093,4869298.922486312,557847.923100496,557846.6308734214,376.290846134053,376.2354398302562
3148,3149,4869298.922486312,4869304.579693844,557846.6308734214,557843.3399042083,376.2354398302562,376.1228734492058
3149,3150,4869304.579693844,4869309.821632756,557843.3399042083,557840.3135689847,376.1228734492058,376.0141395835735
3150,3151,4869309.821632756,4869313.000055868,557840.3135689847,557838.39797543,376.0141395835735,375.94718233111394
3151,3152,4869313.000055868,4869314.252563736,557838.39797543,557837.6756136859,375.94718233111394,375.92523653869796
3152,3153,4869314.252563736,4869318.872876683,557837.6756136859,557834.9773008196,375.92523653869796,375.8422667994622
3153,3154,4869318.872876683,4869321.552765976,557834.9773008196,557833.4447175504,375.8422667994622,375.80493575918535
3154,3155,4869321.552765976,4869323.717720155,557833.4447175504,557832.1575543464,375.80493575918535,375.7702675794843
3155,3156,4869323.717720155,4869329.359816791,557832.1575543464,557828.8156580377,375.7702675794843,375.6952043402371
3156,3157,4869329.359816791,4869330.696414809,557828.8156580377,557828.0959158561,375.6952043402371,375.67496437818545
3157,3158,4869330.696414809,4869334.229329769,557828.0959158561,557825.9661390181,375.67496437818545,375.6330441879036
3158,3159,4869334.229329769,4869339.472976561,557825.9661390181,557822.9757124983,375.6330441879036,375.5643509906133
3159,3160,4869339.472976561,4869344.82508925,557822.9757124983,557819.7488522341,375.5643509906133,375.50124264085673
3160,3161,4869344.82508925,4869347.216957044,557819.7488522341,557818.3266191112,375.50124264085673,375.47772197949223
3161,3162,4869347.216957044,4869348.521684405,557818.3266191112,557817.6308338372,375.47772197949223,375.4626674547933
3162,3163,4869348.521684405,4869354.757583847,557817.6308338372,557813.9648682519,375.4626674547933,375.39559087451806
3163,3164,4869354.757583847,4869356.1481214035,557813.9648682519,557813.1263263389,375.39559087451806,375.37981259842275
3164,3165,4869356.1481214035,4869359.037749976,557813.1263263389,557811.3743793757,375.37981259842275,375.3471435155085
3165,3166,4869359.037749976,4869363.973463518,557811.3743793757,557808.4901152867,375.3471435155085,375.29972684908745
3166,3167,4869363.973463518,4869368.812545793,557808.4901152867,557805.5489088418,375.29972684908745,375.257280524211
3167,3168,4869368.812545793,4869373.596084601,557805.5489088418,557802.8916737773,375.257280524211,375.2227712118421
3168,3169,4869373.596084601,4869379.474691333,557802.8916737773,557799.3881395742,375.2227712118421,375.17768810185413
3169,2910,4869379.474691333,4869379.670430635,557799.3881395742,557793.8887905574,375.17768810185413,375.1186694142392
2910,3170,4869379.670430635,4869383.823316322,557793.8887905574,557796.7475031757,375.1186694142392,375.1476163763753
3170,3171,4869383.823316322,4869389.00999653,557796.7475031757,557793.6792754078,375.1476163763753,375.1168141352813
3171,2911,4869389.00999653,4869389.595106193,557793.6792754078,557788.9070621502,375.1168141352813,375.072753851206
2911,3172,4869389.595106193,4869393.936912697,557788.9070621502,557790.7360863715,375.072753851206,375.0831727940877
3172,2912,4869393.936912697,4869398.558035984,557790.7360863715,557784.3383120531,375.0831727940877,375.03267287454815
2912,3173,4869398.558035984,4869404.311211652,557784.3383120531,557784.5925400425,375.03267287454815,375.03461273663595
3173,2209,4869404.311211652,4869404.205291467,557784.5925400425,557780.8939415796,375.03461273663595,375.0479894793437
2210,3174,4869409.067966749,4869413.888725312,557778.6086736113,557778.7751072736,375.0288484868776,375.0041415550641
3174,2211,4869413.888725312,4869413.555066718,557778.7751072736,557776.3512949953,375.0041415550641,375.0133604353874
