id,x,y,z,type
0,558515.0,4867230.0,395.32000732421875,inlet
1,558513.9900447575,4867233.9645384755,394.96604935991354,junction
2,558513.478581667,4867235.475756131,394.949166666757,junction
3,558512.4238859273,4867238.606267191,394.91807864365893,junction
4,558510.2016995671,4867245.224195892,394.8493706952324,junction
5,558508.9411817284,4867248.996091914,394.8107306036787,junction
6,558508.491518492,4867250.333050499,394.79731004689165,junction
7,558507.0089516891,4867254.879505838,394.75518684572273,junction
8,558505.5155771393,4867259.381186547,394.7110239635301,junction
9,558504.0108448972,4867263.872666634,394.6658996019206,junction
10,558503.4961226372,4867265.417034023,394.6520731994199,junction
11,558502.0279414733,4867269.924706143,394.61103848227157,junction
12,558500.5349845991,4867274.394206251,394.5675191430621,junction
13,558499.040485658,4867278.878565567,394.5261215685498,junction
14,558498.0533458705,4867281.967335825,394.50135200121093,junction
15,558497.0643048818,4867284.947898563,394.47271564950836,junction
16,558495.5808936652,4867289.406761811,394.4330360338545,junction
17,558494.1291656048,4867293.896613286,394.3960681374293,junction
18,558493.1647636235,4867296.82276806,394.37083569727145,junction
19,558492.1563189467,4867299.819323177,394.34569429654755,junction
20,558490.6532003818,4867304.419677381,394.3107686774709,junction
21,558489.1625271394,4867308.900793449,394.27306588927934,junction
22,558488.2387069656,4867311.843557922,394.2507023068021,junction
23,558487.2274637352,4867314.85473251,394.22555334960975,junction
24,558485.7157430808,4867319.434303218,394.18743618056396,junction
25,558484.255049645,4867323.926464724,394.15312000482913,junction
26,558483.2656431643,4867326.849017269,394.1278662498034,junction
27,558482.2578470194,4867329.755462283,394.10856175274023,junction
28,558480.7975631319,4867334.240259882,394.075202791736,junction
29,558479.2379494391,4867338.927699791,394.0383959279244,junction
30,558478.2853154168,4867341.85054999,394.014361696441,junction
31,558477.3234787072,4867344.780499204,393.9947053636871,junction
32,558475.8360961619,4867349.248763642,393.9605534499931,junction
33,558474.2749039844,4867353.93886028,393.93032580434186,junction
34,558473.2710615227,4867356.842871353,393.9068099245613,junction
35,558472.3313828913,4867359.760751589,393.8849918466186,junction
36,558470.7863012553,4867364.458708381,393.85202424279515,junction
37,558469.3536304253,4867368.809603845,393.8191496355846,junction
38,558468.4192985842,4867371.706874977,393.80282790703285,junction
39,558467.7510930808,4867373.740744191,393.7876669432933,junction
40,558465.8857855983,4867379.321537646,393.7540428446968,junction
41,558464.4568919049,4867383.664264009,393.72124566324436,junction
42,558463.3595781932,4867386.960555261,393.6990601347051,junction
43,558462.4194563542,4867389.869862386,393.68136687553084,junction
44,558461.0023501056,4867394.183165841,393.65028266070385,junction
45,558459.4112097903,4867398.987432505,393.61814167322524,junction
46,558458.4249677046,4867401.895401012,393.60292091480056,junction
47,558457.4560552386,4867404.71350907,393.58251420382203,junction
48,558455.9420261355,4867409.509647152,393.553372168469,junction
49,558454.5185704677,4867413.808379401,393.52554784901895,junction
50,558453.4091843291,4867417.257974601,393.50555680343723,junction
51,558452.9892626246,4867418.558272559,393.4970668078487,junction
52,558451.0934117477,4867424.136189645,393.46196089014643,junction
53,558449.49253771,4867429.015982859,393.4326332512964,junction
54,558448.0793031047,4867433.356366292,393.40547492458,junction
55,558447.6111504234,4867434.736007511,393.3967778279521,junction
56,558446.0046019427,4867439.53213931,393.37021919864435,junction
57,558444.5726218262,4867443.829481178,393.3465805150143,junction
58,558443.4184627528,4867447.272163513,393.32682671061394,junction
59,558443.0035783738,4867448.567473544,393.31887312876984,junction
60,558441.1686050355,4867454.258615434,393.2858429838669,junction
61,558439.5702424212,4867459.0454700235,393.2585649518149,junction
62,558438.1069376805,4867463.329086882,393.2350088342156,junction
63,558437.6870131495,4867464.69917939,393.22578046100335,junction
64,558436.1065350998,4867469.5701505635,393.20050107383884,junction
65,558434.7078485575,4867473.880518644,393.1757411331647,junction
66,558433.1514017711,4867478.564477717,393.1529814569373,junction
67,558431.111627108,4867484.628318187,393.11717558622354,junction
68,558429.7278202251,4867488.939223911,393.0949339195776,junction
69,558428.192718849,4867493.641640785,393.0726662270192,junction
70,558426.2689939109,4867499.208381341,393.04279231024975,junction
71,558424.7186086753,4867503.938441099,393.0197569812875,junction
72,558423.1829892872,4867508.643011606,392.99427215614884,junction
73,558421.3695123408,4867514.245828578,392.9650933492119,junction
74,558419.7485417873,4867518.951644023,392.9445953385035,junction
75,558418.218565303,4867523.658179797,392.9199773561949,junction
76,558416.4129324215,4867529.261382386,392.8919391869135,junction
77,558414.8325298713,4867533.983633548,392.86944403238175,junction
78,558413.2652135042,4867538.676580976,392.8480580333848,junction
79,558411.4648007334,4867544.279895528,392.8210401301465,junction
80,558409.8926094978,4867549.007979808,392.7986231126904,junction
81,558408.3393187919,4867553.70693155,392.77446064289626,junction
82,558406.5126931925,4867559.297489351,392.75117860867635,junction
83,558404.8993149726,4867564.170877812,392.7283013744365,junction
84,558403.2976622417,4867568.99597627,392.70395600018816,junction
85,558401.5765516892,4867574.421198616,392.68135986360215,junction
86,558399.9576175212,4867579.192269396,392.6614675148028,junction
87,558398.3666861972,4867584.180715958,392.63951659071154,junction
88,558396.6022363331,4867589.4340077685,392.61382520692496,junction
89,558394.9875903956,4867594.205288661,392.5958187424396,junction
90,558393.5860775495,4867598.515587169,392.57630619182805,junction
91,558393.178323571,4867599.794000768,392.57137471174076,junction
92,558391.6067132538,4867604.541197387,392.54908357540137,junction
93,558390.0788668066,4867609.239851511,392.53023857140624,junction
94,558388.4600885921,4867614.217705047,392.51237488891553,junction
95,558387.1155318433,4867618.073406364,392.4940985093807,junction
96,558386.6915159039,4867619.468227372,392.4877957420838,junction
97,558385.1340254637,4867624.257454528,392.46885788803417,junction
98,558383.719841146,4867628.565220972,392.44978649515656,junction
99,558383.2627303514,4867629.808134753,392.44446907774164,junction
100,558381.6824066887,4867634.5700841155,392.42469171912694,junction
101,558380.1359616767,4867639.262207435,392.4060945635441,junction
102,558378.755453258,4867643.57951023,392.38920786445044,junction
103,558378.3224870005,4867644.84507144,392.386050303471,junction
104,558376.7322070504,4867649.587964418,392.3663138635086,junction
105,558375.1818678167,4867654.279360462,392.348095641319,junction
106,558373.804351856,4867658.597833411,392.3318488815635,junction
107,558373.3756575197,4867659.952781862,392.32689862411473,junction
108,558371.7681590116,4867664.673045159,392.3090411828125,junction
109,558370.2372978952,4867669.299516075,392.2914399119457,junction
110,558368.8805765804,4867673.525843595,392.2764980477599,junction
111,558368.2747284247,4867675.436805941,392.2691146168372,junction
112,558366.8750283368,4867679.546367665,392.25436467047865,junction
113,558365.2872339456,4867684.241671935,392.23663978554805,junction
114,558363.7591758036,4867688.95663888,392.2187882630788,junction
115,558363.3241184795,4867690.33212748,392.2139969747418,junction
116,558361.9580424991,4867694.361928947,392.1964167490954,junction
117,558360.3606907766,4867699.132722551,392.1818553700599,junction
118,558358.8365115548,4867703.832741108,392.1646598772429,junction
119,558358.3851115947,4867705.273060317,392.1606835258367,junction
120,558357.2026076919,4867708.85448149,392.14637246218,junction
121,558355.4001363519,4867714.049280513,392.1306530226417,junction
122,558353.8976169676,4867718.748182926,392.1131568196889,junction
123,558353.4646496929,4867720.149709572,392.1091201440193,junction
124,558351.9005416256,4867724.784680901,392.0905066417878,junction
125,558350.3368226876,4867729.418395909,392.0779558302284,junction
126,558348.9617915001,4867733.658191724,392.0629355473251,junction
127,558348.2805462372,4867735.782053701,392.05697571797924,junction
128,558346.9117197684,4867739.791962954,392.0399710898038,junction
129,558345.3789730369,4867744.436494482,392.02485697498116,junction
130,558343.9556676205,4867748.656892709,392.011490489212,junction
131,558343.3169564102,4867750.727622526,392.00649228332645,junction
132,558341.9932898923,4867754.597640972,391.9905872698436,junction
133,558340.439637783,4867759.310004028,391.97601411314685,junction
134,558338.8533593904,4867763.9974212255,391.96209288748184,junction
135,558338.4455277774,4867765.30880252,391.95865755729227,junction
136,558337.2996051176,4867768.893300986,391.94718481780797,junction
137,558335.4768887942,4867774.246370124,391.928786502065,junction
138,558333.8942573874,4867778.932856205,391.91551053652915,junction
139,558333.4610116073,4867780.316279057,391.9118969831344,junction
140,558332.3165065254,4867783.900151411,391.90079400385804,junction
141,558330.5271958157,4867789.263429673,391.8808867855478,junction
142,558328.9416185434,4867794.032677054,391.8678782891147,junction
143,558328.097970017,4867796.759876606,391.8621409555273,junction
144,558327.3482211335,4867798.911451723,391.8553441215509,junction
145,558325.579223524,4867804.220391056,391.83567443539397,junction
146,558324.040417887,4867808.914900786,391.8221146262164,junction
147,558323.2065095735,4867811.699958369,391.814913687178,junction
148,558322.4464655527,4867813.801408993,391.8098330282046,junction
149,558320.6099482484,4867819.297058255,391.79061921945254,junction
150,558319.0459753958,4867824.068772085,391.77709767843004,junction
151,558318.1706956957,4867826.790671074,391.7686469829049,junction
152,558317.397642352,4867828.926194865,391.76337074427374,junction
153,558315.5927917828,4867834.292668308,391.7454082693097,junction
154,558314.0549918325,4867839.07290911,391.73321779478334,junction
155,558313.1799955288,4867841.795898237,391.7251224547886,junction
156,558312.4031045019,4867843.92917142,391.7201214462525,junction
157,558310.6002634336,4867849.29740713,391.70272990223754,junction
158,558309.0659079538,4867854.077905484,391.69104835792467,junction
159,558308.190675627,4867856.801270589,391.68322900890087,junction
160,558307.4712862021,4867858.955530534,391.6767248664786,junction
161,558305.6482200177,4867864.243836183,391.6608643267107,junction
162,558304.1656835558,4867868.960714362,391.6481301781863,junction
163,558303.2462958558,4867871.719992662,391.6424770611052,junction
164,558302.5300340527,4867873.974153493,391.63180286635117,junction
165,558300.7023948428,4867879.262105788,391.61815563056086,junction
166,558299.2114637734,4867883.976896754,391.60645172351593,junction
167,558298.2922833859,4867886.737294419,391.6009716019522,junction
168,558297.5647007573,4867888.990969891,391.5909624694096,junction
169,558295.7562330886,4867894.221377139,391.5784370925125,junction
170,558294.2892042223,4867898.849184008,391.56746280355935,junction
171,558293.3940407819,4867901.574821633,391.5616905935847,junction
172,558292.7154446281,4867903.609889622,391.5556320399562,junction
173,558291.0206917184,4867908.520775117,391.54117053630233,junction
174,558289.385104473,4867913.665791129,391.5295630827026,junction
175,558288.264240604,4867917.0164003465,391.5225702493622,junction
176,558287.3445143924,4867919.729050089,391.5105491187758,junction
177,558285.7613047,4867924.360157833,391.5020721333787,junction
178,558284.2140708163,4867929.064578447,391.4901463484498,junction
179,558283.3148159127,4867931.8559443075,391.4842713495124,junction
180,558282.5899792172,4867934.019947658,391.4759293454343,junction
181,558280.9142200084,4867939.239055873,391.46030286908695,junction
182,558279.3228784319,4867943.864397481,391.45086127531215,junction
183,558278.4476975536,4867946.592208929,391.44601903154694,junction
184,558277.8123775455,4867948.512466373,391.4385056055403,junction
185,558276.1681746551,4867953.573195893,391.42397803811116,junction
186,558274.4241655205,4867958.649152452,391.41420754927464,junction
187,558273.3328639214,4867962.013491693,391.40767675753006,junction
188,558272.3836151877,4867964.73431904,391.3977756938194,junction
189,558270.9057971444,4867969.414738955,391.3864633987262,junction
190,558269.267186157,4867974.155268257,391.3776420441496,junction
191,558268.394043663,4867976.889065662,391.3727743912151,junction
192,558267.6552760644,4867979.047358428,391.3653722669046,junction
193,558265.9948655401,4867984.217639038,391.35221019985374,junction
194,558264.4168230235,4867988.899752715,391.3403248102609,junction
195,558263.2904396675,4867992.375733563,391.33399395598474,junction
196,558262.8465243101,4867993.664200574,391.3301353296241,junction
197,558261.2351760168,4867998.618505549,391.3177167833461,junction
198,558259.5324382626,4868003.655388205,391.30614692998137,junction
199,558258.4277169337,4868007.052088039,391.3005024426177,junction
200,558257.4777229646,4868009.74649581,391.29198513166193,junction
201,558255.9817886784,4868014.446051246,391.2825825901542,junction
202,558254.3514637405,4868019.18966363,391.2709628101202,junction
203,558253.44017557,4868021.908833565,391.2641046192603,junction
204,558252.7106664786,4868024.070060628,391.25933561774593,junction
205,558251.068399403,4868029.213917217,391.2495482265398,junction
206,558249.5246512458,4868033.942280565,391.2382238863302,junction
207,558248.4044730859,4868037.150197275,391.229445650686,junction
208,558247.9559086782,4868038.571229728,391.22369101765236,junction
209,558246.3149782644,4868043.648666615,391.2154376101719,junction
210,558244.6265905323,4868048.796659101,391.2044655011747,junction
211,558243.4680342134,4868052.069987583,391.19641190397044,junction
212,558242.5831319594,4868054.765547771,391.1891960563245,junction
213,558241.0249863679,4868059.6125842305,391.1810888000971,junction
214,558239.6959136567,4868063.672343529,391.172726096027,junction
215,558238.4928108436,4868067.080659834,391.16481008183325,junction
216,558237.6087792403,4868069.764574559,391.15793910780815,junction
217,558236.0509714695,4868074.604048374,391.15054238695217,junction
218,558234.5055422066,4868079.246604559,391.14022976955874,junction
219,558233.1419177608,4868083.274189333,391.13017277593207,junction
220,558232.8449459219,4868084.1206630645,391.12883785982893,junction
221,558231.2395711842,4868089.233405847,391.1175636226505,junction
222,558229.6566069121,4868093.993395889,391.1092320541721,junction
223,558228.0592049636,4868098.619785738,391.09814653558675,junction
224,558226.0599237619,4868104.789776612,391.0852523174212,junction
225,558224.6566590741,4868108.921746917,391.07524526361414,junction
226,558223.1194835121,4868113.470001438,391.0681348939589,junction
227,558222.6787142057,4868114.759391423,391.066224487398,junction
228,558221.0842208053,4868119.585461348,391.05485007088294,junction
229,558219.5446786465,4868124.26224371,391.04117886407,junction
230,558218.2217194882,4868128.198028657,391.036089389326,junction
231,558217.8931875495,4868129.140741477,391.0346953657575,junction
232,558216.1172392578,4868134.506390293,391.0245181313409,junction
233,558214.5400291327,4868139.26132651,391.0111842509186,junction
234,558213.218541495,4868143.195195888,391.00644393987443,junction
235,558212.8889654225,4868144.140795269,391.0050970692972,junction
236,558211.110654353,4868149.505653772,390.99542721963013,junction
237,558209.5339852938,4868154.259758109,390.98280182998093,junction
238,558208.2500916348,4868158.203519024,390.97431534928256,junction
239,558207.9191862121,4868159.152976745,390.9729983122353,junction
240,558206.079852864,4868164.498308967,390.9606508685152,junction
241,558204.5331108563,4868169.259933978,390.9522332345057,junction
242,558203.2422814654,4868173.199045859,390.9447136388629,junction
243,558202.9103595831,4868174.15102842,390.94344384613197,junction
244,558201.0763092121,4868179.498056089,390.9320448743296,junction
245,558199.5390465632,4868184.262302647,390.9228454737801,junction
246,558198.2341690877,4868188.194010639,390.9170843839896,junction
247,558197.9011402876,4868189.148768832,390.9158532328087,junction
248,558196.1039680437,4868194.5101021435,390.9009111352305,junction
249,558194.55354574,4868199.267794693,390.89337738822684,junction
250,558193.2431007829,4868203.195368391,390.88840477038104,junction
251,558192.9091104469,4868204.152515105,390.8872222982737,junction
252,558191.1062453466,4868209.511577533,390.87351529641535,junction
253,558189.5534701635,4868214.267745427,390.8664246845806,junction
254,558188.1946513326,4868218.174837246,390.8576784593301,junction
255,558187.8771759782,4868219.142367744,390.8544797183775,junction
256,558186.089470027,4868224.506544742,390.84650395201754,junction
257,558184.5660686799,4868229.272331806,390.8359425053326,junction
258,558183.2074411554,4868233.177352378,390.8286791451964,junction
259,558182.8890683505,4868234.131458072,390.82608085184324,junction
260,558181.086966153,4868239.516633289,390.81879909287505,junction
261,558179.5599970701,4868244.269198927,390.8078554490847,junction
262,558178.2048338967,4868248.173532039,390.80252193431204,junction
263,558177.8880612634,4868249.117028405,390.79998905638973,junction
264,558176.1141008283,4868254.528813503,390.78897554051144,junction
265,558174.5598049103,4868259.268386748,390.78152407668824,junction
266,558173.2285307873,4868263.179755534,390.7736048418095,junction
267,558172.9098803008,4868264.111848367,390.77179112992803,junction
268,558171.117462003,4868269.530569249,390.76259673377905,junction
269,558169.5163738097,4868274.252446315,390.7514348978853,junction
270,558168.2155885261,4868278.171639919,390.74735443778474,junction
271,558167.8986587953,4868279.095536768,390.74569006592316,junction
272,558166.0977765287,4868284.525019113,390.7370693767019,junction
273,558164.5253418077,4868289.256459414,390.72389226527486,junction
274,558163.2007754568,4868293.163088238,390.7229884612373,junction
275,558162.8994976601,4868294.083696261,390.7196489825185,junction
276,558161.1759324779,4868299.331876663,390.71034218467037,junction
277,558159.6066831555,4868304.005785388,390.7000384381843,junction
278,558158.4288229289,4868307.459651705,390.6967873056659,junction
279,558158.013016232,4868308.725254285,390.6943845814259,junction
280,558156.3768486044,4868313.518005742,390.68349857792157,junction
281,558154.6576044026,4868318.801587014,390.675560571237,junction
282,558153.4933875742,4868322.116912698,390.6721911908,junction
283,558152.6343071632,4868324.832238404,390.66752432813973,junction
284,558151.0513380078,4868329.5096111195,390.6530649258179,junction
285,558149.4970628009,4868334.240644388,390.6478044297775,junction
286,558148.1580425202,4868338.265691791,390.64413038038896,junction
287,558147.8824739436,4868339.048696491,390.6433253274594,junction
288,558146.1111119338,4868344.305252093,390.6311607919491,junction
289,558144.5626053328,4868348.992692272,390.62492794616765,junction
290,558143.3985457474,4868352.3564903345,390.6224846222263,junction
291,558142.93289847,4868353.70250578,390.6150453062302,junction
292,558140.9215157614,4868359.731921004,390.6061663302428,junction
293,558139.6015363339,4868363.8542628,390.59950770029286,junction
294,558138.4624896842,4868367.115224563,390.59617515000105,junction
295,558137.5859637178,4868369.678967721,390.5907389469385,junction
296,558135.9589182496,4868374.566353161,390.58414104202365,junction
297,558134.44413906,4868379.229555065,390.57478111726397,junction
298,558133.0911858116,4868383.232813768,390.56590141240645,junction
299,558132.816304107,4868383.9971319055,390.56318847274406,junction
300,558131.0310377941,4868389.349503707,390.55921384095575,junction
301,558129.4719831409,4868393.967548109,390.54728328910966,junction
302,558128.2944495131,4868397.408224473,390.5439455779359,junction
303,558127.8808709743,4868398.733104404,390.541330550422,junction
304,558125.8587248992,4868404.722975812,390.534174180615,junction
305,558124.5231459158,4868408.745640105,390.5269896978249,junction
306,558123.376068467,4868412.09312564,390.51925764863347,junction
307,558122.5275241937,4868414.650453508,390.5194440619165,junction
308,558120.9288932608,4868419.479851595,390.50922226732035,junction
309,558119.3309521707,4868424.226823585,390.50277968379106,junction
310,558118.4180649903,4868426.864871226,390.4990854056631,junction
311,558117.735204403,4868428.950000411,390.4960089721052,junction
312,558116.0005183263,4868434.084956296,390.4865535545578,junction
313,558114.4034447467,4868438.951197913,390.4752943414837,junction
314,558113.2742797106,4868442.25298046,390.4739439487976,junction
315,558112.840486954,4868443.579052608,390.47292758110507,junction
316,558110.7427675241,4868449.704727746,390.4604158162296,junction
317,558109.4519174228,4868453.71960656,390.45539187353165,junction
318,558108.3020476107,4868457.09151858,390.44633189929635,junction
319,558107.843779948,4868458.520793632,390.4475803495807,junction
320,558105.7258876618,4868464.702411045,390.4358965303187,junction
321,558104.4193867974,4868468.706256861,390.42586921427966,junction
322,558103.262242702,4868472.081040505,390.4142980500775,junction
323,558102.804468723,4868473.505322386,390.4136675946685,junction
324,558100.6728666378,4868479.665296079,390.38532118429356,junction
325,558099.3565320686,4868483.71624325,390.37073142771635,junction
326,558098.2035064438,4868487.05842812,390.350093031737,junction
327,558097.2392996526,4868489.846639222,390.33228166841116,junction
328,558095.6318521317,4868494.647968044,390.29396186162467,junction
329,558094.2631017495,4868498.754760049,390.25974223791417,junction
330,558093.0911824995,4868502.016694914,390.22464387797754,junction
331,558092.1283538786,4868504.888068788,390.1932964945955,junction
332,558090.8889003535,4868508.523547586,390.15831330308094,junction
333,558089.1493441837,4868513.704055981,390.0969112533794,junction
334,558088.4024116108,4868515.573531707,390.06645442672,junction
335,558086.9913243136,4868519.832474674,390.0138197720695,junction
336,558085.3596848671,4868524.582451055,389.95061316117886,junction
337,558083.6486571544,4868529.323273681,389.88104101019724,junction
338,558083.1923932411,4868530.578096144,389.8606286188257,junction
339,558081.7827355217,4868534.8394747535,389.80701827197873,junction
340,558080.1670420095,4868539.510861064,389.74039686566323,junction
341,558078.7545340111,4868543.556264536,389.67518185157184,junction
342,558078.4305301335,4868544.354124011,389.6628417366123,junction
343,558076.6164271678,4868549.771592589,389.5843830021459,junction
344,558074.9758582587,4868554.442931097,389.5057253693328,junction
345,558073.2781333536,4868559.318704719,389.4353323849563,junction
346,558071.4887492731,4868564.651030445,389.35773421995816,junction
347,558069.8724295794,4868569.273487561,389.28516715362747,junction
348,558068.3066670356,4868573.865493911,389.2163145508548,junction
349,558066.6486243447,4868578.746527142,389.13531510584096,junction
350,558064.8556289373,4868584.065613442,389.0637489359722,junction
351,558063.1833606139,4868588.77092678,388.9888501897499,junction
352,558061.641098063,4868593.511967846,388.92214122380136,junction
353,558059.8761594158,4868598.761473652,388.8495030333223,junction
354,558058.2049112017,4868603.51406061,388.7778347805179,junction
355,558056.1282050838,4868609.600748896,388.6911330984883,junction
356,558054.5256768815,4868614.285150833,388.6243331398098,junction
357,558053.1948621784,4868618.199133759,388.57310542655705,junction
358,558052.8608087384,4868619.15656974,388.55808423685517,junction
359,558051.0945871626,4868624.262243611,388.48690913073125,junction
360,558049.4393893133,4868629.021179782,388.4276998192029,junction
361,558048.255523466,4868632.537621731,388.3799599312405,junction
362,558047.8439483783,4868633.680395735,388.3603172989612,junction
363,558046.2374164279,4868638.535208629,388.29716539677213,junction
364,558044.1920960475,4868644.379849506,388.21065406707146,junction
365,558043.3096287079,4868647.053103599,388.1801055016876,junction
366,558042.420947387,4868649.700122365,388.1477392440422,junction
367,558040.7200981692,4868654.44675452,388.0817301576715,junction
368,558039.12627917,4868659.120006043,388.0231165785591,junction
369,558038.2302811609,4868661.853470378,387.9860319600173,junction
370,558037.5605047405,4868663.92793264,387.9674325490552,junction
371,558035.7244023021,4868668.893154785,387.89795701363323,junction
372,558034.0940021569,4868673.8327258015,387.8443661272795,junction
373,558033.2851071989,4868676.181401609,387.8132459878621,junction
374,558032.449933169,4868678.549376743,387.785450877475,junction
375,558030.3497325849,4868684.536804445,387.72605429126537,junction
376,558028.7735699579,4868689.279917642,387.6739175233247,junction
377,558028.3166832498,4868690.541174149,387.66245711863894,junction
378,558026.9403259807,4868694.487704039,387.6255060396978,junction
379,558025.3254183958,4868699.271097617,387.5846773741491,junction
380,558023.7394373406,4868703.987888685,387.5440068321999,junction
381,558023.2813731938,4868705.358321485,387.53308892908433,junction
382,558022.0816716057,4868708.740477928,387.50301346392746,junction
383,558021.6915968069,4868710.000657392,387.49013389530785,junction
384,558020.4116739362,4868713.833930833,387.4609883445437,junction
385,558018.6168034221,4868718.813644171,387.41774161154734,junction
386,558018.1616720228,4868720.166817625,387.40593653322463,junction
387,558017.0401984242,4868723.540288715,387.37918550886917,junction
388,558015.2540875068,4868728.736682909,387.33803974022777,junction
389,558013.5856563443,4868733.647126887,387.2989345968759,junction
390,558013.1620296672,4868734.902863349,387.28939357897394,junction
391,558011.548141008,4868739.744631603,387.2528696921566,junction
392,558009.92251911,4868744.449028854,387.21323113712276,junction
393,558008.2878048911,4868749.173489054,387.18218894100454,junction
394,558006.4817134195,4868754.561394919,387.14286031099806,junction
395,558004.8958141627,4868759.221002976,387.10789775926594,junction
396,558003.2645085865,4868763.967744551,387.0741356782734,junction
397,558001.6423867424,4868768.835769488,387.0429363790077,junction
398,557999.8452625433,4868774.083375229,387.00594713160285,junction
399,557998.2473636585,4868778.702889134,386.9773252160201,junction
400,557996.176807292,4868784.7093596645,386.93608058369813,junction
401,557994.617936709,4868789.409808345,386.9041060246862,junction
402,557993.2045429734,4868793.514446756,386.88120113261436,junction
403,557991.153363071,4868799.598959592,386.83859936421544,junction
404,557989.5430741427,4868804.385254093,386.81012297234366,junction
405,557988.0861710797,4868808.419465242,386.78598805492226,junction
406,557987.7671329288,4868809.339318331,386.7811093798467,junction
407,557986.0761300325,4868814.483692793,386.7498670799974,junction
408,557984.5213711403,4868819.085124839,386.7254411828072,junction
409,557983.2669195704,4868822.606209964,386.7018686646756,junction
410,557982.8468536701,4868823.773570222,386.69589832132965,junction
411,557981.2261297472,4868828.66105614,386.6676232454975,junction
412,557979.4201888364,4868833.88054228,386.62552130209116,junction
413,557978.249947542,4868837.183670953,386.5960297364541,junction
414,557977.3003125153,4868839.919166796,386.57324031466493,junction
415,557975.7737138445,4868844.512530562,386.534600599645,junction
416,557974.1268217674,4868849.240772755,386.477129327673,junction
417,557973.1357351389,4868851.978317925,386.44535424242264,junction
418,557972.3954255548,4868854.088648392,386.41807458286115,junction
419,557970.6824795317,4868858.94515343,386.3473502122158,junction
420,557969.0017688463,4868863.899803296,386.272155622293,junction
421,557968.49616637,4868865.333494911,386.25009137427196,junction
422,557967.3534032563,4868868.603958856,386.1945290855418,junction
423,557965.2382436888,4868874.582961124,386.0865315664503,junction
424,557963.8541848982,4868878.556551423,386.0124774680528,junction
425,557963.1515221148,4868880.57176436,385.9706760038219,junction
426,557961.6642174261,4868884.570499871,385.8892340242013,junction
427,557960.0951808416,4868889.254452623,385.7998214201009,junction
428,557958.4010307833,4868893.971329092,385.70366419316707,junction
429,557956.6438466128,4868898.769764067,385.6017221889321,junction
430,557955.0149384455,4868903.625719334,385.5037990010909,junction
431,557953.265286735,4868908.619771161,385.3979394512811,junction
432,557951.1305534284,4868914.624921468,385.27400909181426,junction
433,557949.4835279596,4868919.426355805,385.1692069320662,junction
434,557948.4916989729,4868922.088097952,385.11304096310954,junction
435,557947.6961162079,4868924.519636242,385.06621510722596,junction
436,557945.9757378378,4868929.566677099,384.9588998442604,junction
437,557944.3424920547,4868934.247244951,384.85897233849624,junction
438,557943.3840334096,4868936.962705762,384.80609132472637,junction
439,557942.67012994,4868939.146539391,384.75844941288585,junction
440,557940.8857975056,4868944.181418149,384.652960923019,junction
441,557939.2357679049,4868949.135559718,384.55423115194174,junction
442,557938.3174849242,4868951.691224651,384.50082757032885,junction
443,557937.528435197,4868953.837267518,384.4586860815869,junction
444,557935.7628493857,4868959.072456104,384.35935075393877,junction
445,557934.0718016643,4868963.834918704,384.26835520803456,junction
446,557933.3692114386,4868965.92916883,384.2265611477415,junction
447,557932.4619911079,4868968.582070264,384.1746727043712,junction
448,557930.4205217508,4868974.627308132,384.07196349771124,junction
449,557928.9965629965,4868978.581718502,383.9937983098845,junction
450,557928.2761150298,4868980.672947179,383.95980617946003,junction
451,557927.0218264109,4868984.464081151,383.89029121949613,junction
452,557925.2695907471,4868989.423724418,383.7926746649831,junction
453,557923.646417811,4868994.052056567,383.718050260222,junction
454,557923.1625946544,4868995.40746099,383.6983220988832,junction
455,557922.0874734055,4868998.627233301,383.6397557887327,junction
456,557920.2823562266,4869003.871897954,383.5516008362793,junction
457,557918.641201688,4869008.669882278,383.4678118497574,junction
458,557918.2758931878,4869009.664225046,383.4516202847849,junction
459,557916.4926190446,4869014.765279821,383.3707623977682,junction
460,557914.8862099746,4869019.434394682,383.29468312356437,junction
461,557913.5486186604,4869023.508035643,383.23044927087466,junction
462,557913.2670228477,4869024.301627344,383.2172101320053,junction
463,557911.3994288511,4869029.4511411255,383.1399958461591,junction
464,557909.8163121522,4869034.102470148,383.0636434133492,junction
465,557908.2431709996,4869038.784953796,382.9908268547074,junction
466,557906.0845692145,4869044.822624148,382.90291014963697,junction
467,557904.5037708689,4869049.475083668,382.8368151445141,junction
468,557903.10854708,4869053.520249645,382.77634037856643,junction
469,557901.0405628924,4869059.553800015,382.69115636066084,junction
470,557899.3835917101,4869064.180441312,382.61844679552826,junction
471,557898.1801309319,4869067.769614607,382.5563316336377,junction
472,557897.8027544254,4869068.8692899225,382.53940607878997,junction
473,557896.8410761408,4869071.724088523,382.4852152250746,junction
474,557895.8382402973,4869074.479636266,382.43181196982636,junction
475,557894.1615717296,4869079.179627593,382.3449784688799,junction
476,557893.2908198663,4869081.801852419,382.288219535408,junction
477,557892.5804992677,4869083.783669683,382.2359103883964,junction
478,557890.563130229,4869089.429780551,382.09624764115273,junction
479,557888.926661181,4869094.07386049,381.9767611661292,junction
480,557888.433261983,4869095.437631865,381.94423903827067,junction
481,557887.2833897457,4869098.842804178,381.8568968501206,junction
482,557885.278670952,4869104.216166541,381.69784542239057,junction
483,557883.6135126759,4869108.944551809,381.558893684985,junction
484,557883.1035739153,4869110.306759376,381.51443602125096,junction
485,557882.0172943169,4869113.511282011,381.4208452582876,junction
486,557879.8237307695,4869119.545486486,381.2338358630446,junction
487,557878.3283991831,4869123.814300339,381.09771277819675,junction
488,557876.1290027134,4869129.886122447,380.89776835200087,junction
489,557874.650978466,4869134.011534821,380.7661147175706,junction
490,557873.4377085302,4869137.311749438,380.64722975505447,junction
491,557872.9789439009,4869138.688713258,380.60420649194884,junction
492,557870.7792257181,4869144.849368525,380.38812843001165,junction
493,557869.3241583394,4869148.907239372,380.25305076935746,junction
494,557868.140411036,4869152.213835054,380.1366664679949,junction
495,557867.6608569091,4869153.546109195,380.09430374134587,junction
496,557865.4487826789,4869159.722614066,379.8942543430692,junction
497,557864.0074646132,4869163.773936528,379.75810053268486,junction
498,557863.2878686761,4869165.733989292,379.7003763080104,junction
499,557861.8269547872,4869169.734390422,379.5617557305298,junction
500,557860.1481823063,4869174.505754502,379.423285489144,junction
501,557858.4047672702,4869179.327303274,379.2762035092845,junction
502,557856.5393216666,4869184.713362735,379.12379848280887,junction
503,557854.8955391305,4869189.317494657,378.98660294998564,junction
504,557853.1429630647,4869194.247006919,378.84219505569683,junction
505,557851.250852489,4869199.5089155035,378.6915088651313,junction
506,557849.5759239534,4869204.295847336,378.5604552179196,junction
507,557848.2980429195,4869207.770406755,378.46539946938753,junction
508,557847.8436383067,4869209.099958979,378.42571735752,junction
509,557845.9636704164,4869214.47224034,378.2791911726254,junction
510,557844.2936303508,4869219.164306296,378.1475922257747,junction
511,557843.1778131826,4869222.0931498455,378.0678653706323,junction
512,557842.4805861689,4869224.186197036,378.01790030311037,junction
513,557840.6415879192,4869229.504782153,377.8806377898483,junction
514,557838.8329274306,4869234.469409027,377.74840509756393,junction
515,557838.4046589952,4869235.693002872,377.71684134165486,junction
516,557836.9917901586,4869239.715844189,377.61808486734367,junction
517,557835.2761651878,4869244.488248417,377.4941449791838,junction
518,557833.8629138228,4869248.612739572,377.3971549648079,junction
519,557832.9636540356,4869250.899374148,377.3396654804245,junction
520,557831.9736655288,4869253.665904943,377.27200672963903,junction
521,557830.2411852102,4869258.630799174,377.15816097910823,junction
522,557828.3510986642,4869263.85352057,377.0341975640926,junction
523,557826.4971134582,4869269.081850575,376.9060658781334,junction
524,557824.737636939,4869273.951854859,376.7936321865444,junction
525,557823.4761743699,4869277.513390717,376.71990034651964,junction
526,557822.9081847126,4869279.05367691,376.6794267493264,junction
527,557820.9579975909,4869284.463142732,376.5706392432982,junction
528,557819.1354154941,4869289.500402836,376.467983172224,junction
529,557818.1308939029,4869292.233515096,376.40974562974793,junction
530,557817.6099952093,4869293.599230674,376.3864013929114,junction
531,557815.3401533919,4869299.938437997,376.26074934305296,junction
532,557813.6498423495,4869304.508461443,376.17314755323224,junction
533,557813.2119770292,4869305.794463718,376.14012034858143,junction
534,557811.7795101798,4869309.790988033,376.0683439342712,junction
535,557810.3077968189,4869313.796913673,375.99138839872796,junction
536,557808.2727480439,4869319.276788514,375.90397145686916,junction
537,557806.6631558042,4869323.696456762,375.82796102129396,junction
538,557804.4462042336,4869329.752515674,375.7327623263423,junction
539,557803.4095811169,4869332.757164345,375.6862621224359,junction
540,557802.8423063838,4869334.201029127,375.66898606475127,junction
541,557801.2354934728,4869338.535842585,375.6072490141153,junction
542,557798.9902861776,4869344.70701947,375.5359316703289,junction
543,557797.998135096,4869347.437251665,375.50649928155076,junction
544,557797.4093630081,4869349.044774217,375.4888710544975,junction
545,557795.220556989,4869355.036496055,375.42342093331104,junction
546,557793.5871398512,4869359.494082443,375.37890644971986,junction
547,557793.0403596672,4869360.892757928,375.3656616193474,junction
548,557791.942764373,4869363.901626718,375.3379690308997,junction
549,557789.6845148815,4869369.841311343,375.28558853705044,junction
550,557788.0609926936,4869374.314679887,375.2516051842018,junction
551,557786.3989746564,4869378.791984291,375.2163313012399,junction
552,557784.1935290874,4869384.63247095,375.1739347270698,junction
553,557783.0996400841,4869387.650108907,375.14993489856073,junction
554,557782.5708413662,4869389.068703329,375.14413392567815,junction
555,557781.0154006486,4869393.509161804,375.11725862733323,junction
556,557778.6704017719,4869399.56607545,375.0830837164266,junction
557,557778.11533257,4869400.943701268,375.0753228291284,junction
558,557777.0965351332,4869403.8540652525,375.0565328715234,junction
559,557774.7637230322,4869410.182536018,375.0293966005419,junction
560,557773.2022416805,4869414.153776835,375.01531041690737,junction
561,557771.214118061,4869419.580486567,375.005256587727,junction
562,557769.2435358856,4869424.896885164,374.9999999999971,junction
563,557768.0494901356,4869428.129181161,374.9999999999971,junction
564,557767.6239604389,4869431.5052207215,374.9999999999971,junction
565,557766.245118,4869436.0,375.464,outlet
566,559567.0,4868494.0,394.6700134277344,inlet
567,559562.030014587,4868496.588191405,394.6113845823471,junction
568,559558.1800917939,4868498.582121626,394.565263097165,junction
569,559552.5217890806,4868501.505314997,394.5051831511717,junction
570,559547.3655654809,4868504.121128474,394.45185868299234,junction
571,559542.2583793277,4868506.730529936,394.39922702252613,junction
572,559538.6288769927,4868508.572878367,394.3630135040124,junction
573,559537.4404247901,4868509.190824508,394.35054480895434,junction
574,559532.5273631638,4868511.695474002,394.3012634041159,junction
575,559528.407950244,4868513.86252193,394.2602902172337,junction
576,559522.5961018654,4868516.8420907715,394.20321646200716,junction
577,559518.6933472137,4868518.82874613,394.1650755455855,junction
578,559517.5741520806,4868519.418715451,394.1540753197721,junction
579,559512.6807848087,4868521.9280269025,394.1064649445152,junction
580,559508.9395202468,4868523.810323107,394.07586431825024,junction
581,559508.2257235658,4868524.183057946,394.06928714612945,junction
582,559502.7071313161,4868526.989855402,394.0187101771454,junction
583,559498.7646836445,4868528.996619522,393.98290923124665,junction
584,559497.5642850825,4868529.625041216,393.9719319934621,junction
585,559492.910958162,4868532.031409308,393.93093096743723,junction
586,559489.0303489756,4868534.01590944,393.8942156113381,junction
587,559488.2644173094,4868534.418401108,393.8871441194602,junction
588,559482.9930726017,4868537.052036403,393.84625589401037,junction
589,559479.6075325976,4868538.853324292,393.8191593634842,junction
590,559476.9937809929,4868540.157906726,393.7957088625578,junction
591,559472.6271852154,4868542.387824111,393.75644207361887,junction
592,559469.877407481,4868543.769673831,393.73806951478616,junction
593,559467.0162051149,4868545.214515312,393.71702496957454,junction
594,559463.1107703245,4868547.301506479,393.68437254557506,junction
595,559459.1468207656,4868549.272872138,393.6517680144651,junction
596,559458.1935539444,4868549.781586876,393.6435846201554,junction
597,559453.0712622773,4868552.362079998,393.6072123363857,junction
598,559450.844068347,4868553.511875615,393.5909700522228,junction
599,559448.4412814411,4868554.780675801,393.5719194824694,junction
600,559443.165638954,4868557.427779122,393.5298208874611,junction
601,559440.8783431408,4868558.586986695,393.51053765526575,junction
602,559437.1614341411,4868560.5264761485,393.4879213237842,junction
603,559432.7872669699,4868562.705579997,393.4542785739545,junction
604,559431.1104769999,4868563.537418034,393.4405002417671,junction
605,559427.2866115625,4868565.538218116,393.41237841777746,junction
606,559422.9813620609,4868567.747355339,393.3851901063186,junction
607,559421.3826415126,4868568.575282443,393.3732396004808,junction
608,559418.1304380147,4868570.1848678505,393.3497092115467,junction
609,559413.2440088826,4868572.742344873,393.31602635482074,junction
610,559411.0352834286,4868573.906204662,393.2997471908302,junction
611,559407.2075408223,4868575.761321558,393.2741026861899,junction
612,559403.0475177704,4868577.906773021,393.24453522467064,junction
613,559401.5511402396,4868578.697335571,393.23443422936765,junction
614,559398.2496963392,4868580.38139208,393.21042028334415,junction
615,559393.2659196326,4868582.806757891,393.1815881912157,junction
616,559391.195339716,4868583.929585002,393.17027633722444,junction
617,559387.4655612268,4868585.870769092,393.1445568676633,junction
618,559383.1241883633,4868588.069608027,393.11383746861213,junction
619,559381.8500333653,4868588.71273139,393.1067601338961,junction
620,559378.3394627024,4868590.527489498,393.08320891201623,junction
621,559373.4570806896,4868592.98614903,393.0534127238241,junction
622,559371.2703156781,4868594.103286778,393.04061715684895,junction
623,559367.5743952353,4868596.0882817935,393.0152403861979,junction
624,559363.2043424152,4868598.242877933,392.9894684561854,junction
625,559361.9544910148,4868598.885933515,392.98218563599755,junction
626,559358.316367313,4868600.72691899,392.95899715484035,junction
627,559353.4349736746,4868603.177402139,392.9303603786203,junction
628,559352.5458875527,4868603.663093569,392.92545336006646,junction
629,559347.4231104605,4868606.235612658,392.894567224838,junction
630,559343.0504695232,4868608.577321358,392.8697721843981,junction
631,559338.1398688812,4868611.03825982,392.84253444541275,junction
632,559333.3857902917,4868613.468662454,392.8120759675716,junction
633,559332.3367087741,4868614.027015761,392.8064572439872,junction
634,559327.5975464707,4868616.373630892,392.78234117902497,junction
635,559323.2423652837,4868618.638647639,392.75545762646607,junction
636,559317.4019867834,4868621.630418595,392.7234427951025,junction
637,559313.7270957739,4868623.502619561,392.7025976812093,junction
638,559312.9417176002,4868623.929818374,392.6981050661225,junction
639,559307.9059097229,4868626.490693677,392.6725010879134,junction
640,559303.415923301,4868628.713129531,392.65012845838817,junction
641,559297.4548529822,4868631.7449942045,392.6150365295864,junction
642,559293.7638202154,4868633.58321611,392.5997967636087,junction
643,559292.9932936138,4868634.0236267205,392.59488251218886,junction
644,559287.9412424642,4868636.55272231,392.5670952920024,junction
645,559283.5292712972,4868638.833035518,392.5454323706302,junction
646,559282.5507138524,4868639.399219244,392.5393023745536,junction
647,559277.6819675671,4868641.783893447,392.51351686105323,junction
648,559273.4220208991,4868644.010975877,392.4937107668906,junction
649,559267.5514609953,4868646.9489006,392.46320585549336,junction
650,559263.8865801761,4868648.835318643,392.4480164935839,junction
651,559263.1284708935,4868649.277846074,392.4431250404692,junction
652,559258.4327955008,4868651.653855608,392.41960712946894,junction
653,559253.7206039235,4868653.941661079,392.39766513667496,junction
654,559252.7778350686,4868654.539268757,392.3923082570355,junction
655,559247.9089863705,4868656.961699666,392.36702519491485,junction
656,559244.8174885598,4868658.587437947,392.3522957262585,junction
657,559242.6748501874,4868659.753901625,392.3420465083401,junction
658,559237.9207018133,4868662.059353459,392.31971675949086,junction
659,559234.6425966538,4868663.772020142,392.3040040718594,junction
660,559232.5456316547,4868664.908357398,392.29513862449875,junction
661,559227.8283867446,4868667.206980027,392.27334929255477,junction
662,559224.5930536067,4868668.885849534,392.25814476980963,junction
663,559222.0279510767,4868670.229540537,392.24868584986496,junction
664,559217.6885795224,4868672.373493336,392.2281790139275,junction
665,559215.4264989916,4868673.568524571,392.2180177511275,junction
666,559213.1336062517,4868674.735701339,392.2063416868335,junction
667,559207.5550591224,4868677.507866931,392.1835589852979,junction
668,559205.0238256495,4868678.833184193,392.17193200848504,junction
669,559202.816348807,4868679.995008337,392.1596771139636,junction
670,559197.9579881632,4868682.474546331,392.13843128057414,junction
671,559195.7607801186,4868683.55358777,392.1315754099254,junction
672,559192.0877284672,4868685.4419352515,392.1141022700284,junction
673,559187.8253045483,4868687.655773258,392.0949082723581,junction
674,559185.628895865,4868688.72524185,392.08855934932063,junction
675,559183.3150960115,4868689.930170358,392.07626680988955,junction
676,559177.7651061448,4868692.789831019,392.05263035945455,junction
677,559175.518156893,4868693.880555845,392.0473601164019,junction
678,559173.0849963771,4868695.152892373,392.0341798755148,junction
679,559168.2351394624,4868697.620438085,392.01429695211965,junction
680,559166.0238220756,4868698.689522023,392.0088916741873,junction
681,559162.9505967217,4868700.300766269,391.9938827717434,junction
682,559158.1094893621,4868702.786069029,391.9747627088511,junction
683,559155.9284480243,4868703.897745259,391.9673526561332,junction
684,559152.2737717816,4868705.817843104,391.94998882124935,junction
685,559147.9716871561,4868707.994001064,391.93457978037077,junction
686,559145.8135611333,4868709.086974752,391.92758087280924,junction
687,559143.4581638038,4868710.330267806,391.91585417891724,junction
688,559137.7790135116,4868713.145502501,391.89373080162216,junction
689,559136.2827206276,4868713.867096069,391.8898586563603,junction
690,559133.1870584522,4868715.573144906,391.87561900060007,junction
691,559128.3370630994,4868717.916440567,391.85781630822584,junction
692,559126.1362269744,4868719.049040398,391.85209894840466,junction
693,559122.6198618574,4868720.933664573,391.83644707869564,junction
694,559118.1197323404,4868723.125675571,391.81988711941,junction
695,559117.1306467057,4868723.629157102,391.8174332040601,junction
696,559112.314411474,4868726.188689413,391.7990913034273,junction
697,559108.0011958026,4868728.279271593,391.78373105331434,junction
698,559106.5617671345,4868728.963206751,391.78070302835937,junction
699,559103.4076179579,4868730.7258379655,391.7671638911248,junction
700,559098.4652066538,4868733.173335931,391.748998708785,junction
701,559097.5654474454,4868733.675787171,391.74598352350745,junction
702,559093.1045517472,4868736.004438618,391.7308943850485,junction
703,559088.25809337,4868738.417360974,391.71283434504824,junction
704,559087.2917328898,4868738.936805895,391.7099192456466,junction
705,559082.5578798857,4868741.391235531,391.69505741525757,junction
706,559078.2458700733,4868743.540696171,391.6791874291873,junction
707,559072.4881726721,4868746.541402251,391.6610530527362,junction
708,559068.0877822422,4868748.741495939,391.6455699666018,junction
709,559062.3128669764,4868751.748093604,391.62822572552,junction
710,559058.6471570851,4868753.5323423,391.6150276908972,junction
711,559057.7545687509,4868754.032974507,391.612275571029,junction
712,559053.278492584,4868756.352183112,391.5989861947036,junction
713,559048.4283036626,4868758.761727672,391.58251163416196,junction
714,559042.7257455379,4868761.724218479,391.5666746319078,junction
715,559038.2147711624,4868763.984843228,391.5515310859909,junction
716,559032.368340533,4868767.097133792,391.53330377717845,junction
717,559028.6518645295,4868768.885859705,391.5216828440671,junction
718,559027.7289985314,4868769.392939229,391.5186603134029,junction
719,559022.8497225071,4868771.967591162,391.5044571791993,junction
720,559019.5501214861,4868773.601128155,391.4952914915866,junction
721,559018.4318676268,4868774.143614541,391.4904984007146,junction
722,559012.6208089204,4868777.228192494,391.47373289222105,junction
723,559009.1931768138,4868778.868538324,391.4641750371738,junction
724,559008.2773053959,4868779.401680387,391.45901817106187,junction
725,559002.598395377,4868782.342596484,391.4429758011336,junction
726,559000.3696178575,4868783.511044374,391.43797912242565,junction
727,558998.0772036779,4868784.637204678,391.42759568993483,junction
728,558993.0326145764,4868787.188550558,391.4141661381908,junction
729,558989.9673814705,4868788.789369042,391.4067574063643,junction
730,558987.7788067275,4868789.905242759,391.39740939985796,junction
731,558982.9859682192,4868792.32360286,391.3858494990451,junction
732,558980.7211110116,4868793.570129081,391.3806651943707,junction
733,558977.5932127968,4868795.099709077,391.3691559980254,junction
734,558972.7281233591,4868797.603700913,391.35781095036975,junction
735,558970.5057698209,4868798.769536009,391.35325992872276,junction
736,558968.193376274,4868799.902868769,391.3435693870094,junction
737,558963.2278676996,4868802.40430094,391.3315992288911,junction
738,558961.0393174819,4868803.60428851,391.3273764134177,junction
739,558957.9351155204,4868805.211749222,391.3144881706865,junction
740,558952.9890909905,4868807.7102957945,391.30407021100103,junction
741,558950.8294199884,4868808.8235790655,391.29567327122345,junction
742,558947.21848218,4868810.705301355,391.28649064843967,junction
743,558942.8947212541,4868812.938843419,391.27620424711245,junction
744,558941.825233629,4868813.534384119,391.26949451542595,junction
745,558938.271899022,4868815.3430119,391.2609834819772,junction
746,558933.3055230668,4868817.75744886,391.24720772966873,junction
747,558931.2023918643,4868818.926151195,391.2381570955049,junction
748,558927.8856746843,4868820.640630611,391.2317196105597,junction
749,558923.098607616,4868823.029711318,391.21906683620676,junction
750,558922.1907712189,4868823.582429656,391.21418114767823,junction
751,558917.3741819024,4868826.004576158,391.2042384016538,junction
752,558913.0250748512,4868828.203505225,391.19244612053984,junction
753,558911.9527166848,4868828.800609368,391.18746785660716,junction
754,558908.4259488924,4868830.600367382,391.18024825484076,junction
755,558903.4529399725,4868833.034124479,391.16859969003974,junction
756,558902.7275066536,4868833.529674065,391.16595817002695,junction
757,558898.0218260332,4868835.916360894,391.154669531523,junction
758,558893.1816419043,4868838.350972537,391.142630932419,junction
759,558892.2499554127,4868838.890153976,391.13864249087857,junction
760,558887.3556223183,4868841.35962806,391.1292119720779,junction
761,558883.1208026203,4868843.554505641,391.11617552984706,junction
762,558878.4811146772,4868845.9273688495,391.10537154107766,junction
763,558872.9058303596,4868848.877665532,391.0892647257094,junction
764,558868.3577633632,4868851.106273742,391.07666272525074,junction
765,558863.4697889903,4868853.680006755,391.06515402238654,junction
766,558857.6692834045,4868856.557218114,391.04960254222993,junction
767,558853.3019780046,4868858.922478498,391.04034778392656,junction
768,558847.3956350893,4868861.864149047,391.02364561860725,junction
769,558843.8232011546,4868863.732902095,391.01730076789084,junction
770,558843.0695339993,4868864.192370399,391.0153429302055,junction
771,558837.3160534767,4868867.090717039,390.9975674544334,junction
772,558833.6374307962,4868869.0125819845,390.993184461708,junction
773,558832.7423862106,4868869.518485562,390.99027179989,junction
774,558827.8670000636,4868871.926733628,390.97611397572854,junction
775,558824.6758228715,4868873.588974739,390.97111299192545,junction
776,558823.4675346761,4868874.263666335,390.970053749482,junction
777,558817.5181705183,4868877.261700379,390.95312308488985,junction
778,558813.8977432876,4868879.0846331585,390.9450034202732,junction
779,558813.020145104,4868879.609983172,390.94345086618165,junction
780,558807.9655376514,4868882.104668864,390.9291762247873,junction
781,558804.7793740018,4868883.748918042,390.92309629069047,junction
782,558802.5249852294,4868884.961839972,390.9187308406952,junction
783,558797.7578675435,4868887.325300364,390.90565795171364,junction
784,558795.5478668357,4868888.506872975,390.90096140819213,junction
785,558793.411321731,4868889.6834723195,390.89406738364846,junction
786,558787.560512776,4868892.5816610465,390.8820346712986,junction
787,558785.3352548567,4868893.765139193,390.87753069036586,junction
788,558782.9353537614,4868895.068888974,390.870978716858,junction
789,558778.0397895619,4868897.435106732,390.86178530375867,junction
790,558775.8248558576,4868898.614015229,390.85845758918674,junction
791,558772.7055920971,4868900.299024828,390.8500749031811,junction
792,558767.917331436,4868902.640794505,390.840869506587,junction
793,558765.7035963052,4868903.819223991,390.8367671309599,junction
794,558762.189961377,4868905.629904582,390.82525704472687,junction
795,558757.7609494228,4868907.973394745,390.8128519687538,junction
796,558756.4145371219,4868908.654479639,390.81085046678425,junction
797,558753.1886784225,4868910.326980564,390.8027601570073,junction
798,558748.3698104392,4868912.793936434,390.79150204660897,junction
799,558746.0276460316,4868914.037652958,390.78853485952413,junction
800,558742.6051634564,4868915.752245214,390.7806948474733,junction
801,558737.9753676084,4868918.174893753,390.7702141050868,junction
802,558736.9544938116,4868918.7198734265,390.76851515395435,junction
803,558732.2069188375,4868921.119433403,390.75984439944875,junction
804,558727.8501554064,4868923.40207638,390.74856109921683,junction
805,558726.3826726931,4868924.147994881,390.7484361070126,junction
806,558723.3819204007,4868925.750230528,390.73630662203414,junction
807,558718.4320928187,4868928.18735772,390.7258960117803,junction
808,558717.6356172949,4868928.657351349,390.7244213279332,junction
809,558713.0668176593,4868931.021366832,390.71416861283376,junction
810,558708.1425336981,4868933.506007108,390.70302926849297,junction
811,558702.4006969652,4868936.494651007,390.69370707359604,junction
812,558698.0125186092,4868938.728597873,390.68296909172153,junction
813,558693.4728498465,4868941.109309221,390.6749533301596,junction
814,558688.6077274162,4868943.520919964,390.66649089273653,junction
815,558687.8823859779,4868943.979748732,390.66345246155316,junction
816,558683.4024901675,4868946.276901875,390.6541433368117,junction
817,558678.3364907802,4868948.850793669,390.64509797241465,junction
818,558672.5547507892,4868951.798926954,390.62940983597,junction
819,558668.2617904609,4868954.043790691,390.62400868078277,junction
820,558662.6091226791,4868956.906674229,390.61033282853253,junction
821,558659.4264181162,4868958.568736428,390.60525690895577,junction
822,558658.3153967172,4868959.151550241,390.60511712905776,junction
823,558652.6644607045,4868962.016163247,390.59235639063314,junction
824,558649.5031840446,4868963.721711744,390.58303673120895,junction
825,558648.3147587725,4868964.331585917,390.5824998122782,junction
826,558642.4725002762,4868967.256185009,390.5673079259566,junction
827,558638.9263404126,4868969.064454037,390.5601100560026,junction
828,558638.1464011371,4868969.516417669,390.5586140939763,junction
829,558633.4802338108,4868971.90631305,390.55201698801125,junction
830,558630.0580966348,4868973.704134618,390.54262044107287,junction
831,558627.7650668303,4868974.855869182,390.5396783299481,junction
832,558623.0900632766,4868977.272466351,390.53302889117026,junction
833,558620.0115852394,4868978.974004792,390.5257745019079,junction
834,558617.7309977335,4868980.057931764,390.52088536321196,junction
835,558612.937941247,4868982.58416087,390.5105006423196,junction
836,558610.7321020169,4868983.767368944,390.5083106909866,junction
837,558607.631366201,4868985.263339329,390.497624572541,junction
838,558602.9440416199,4868987.745004887,390.48905731140076,junction
839,558600.7970196602,4868988.897454505,390.4884811330089,junction
840,558597.6967293205,4868990.39954908,390.47904626286294,junction
841,558593.0236735384,4868992.870897837,390.4714109559226,junction
842,558590.8630553355,4868994.030594093,390.4709132225643,junction
843,558587.7586980525,4868995.595814763,390.4575578971794,junction
844,558582.915965502,4868998.134415182,390.45282749071276,junction
845,558581.965506316,4868998.646098565,390.4518817018428,junction
846,558577.1618959663,4869001.074359626,390.44294409187466,junction
847,558572.9350053831,4869003.268289901,390.431832090062,junction
848,558572.0189120173,4869003.758949837,390.4302035247952,junction
849,558567.2289932292,4869006.192406273,390.42431369236334,junction
850,558562.9995004685,4869008.397322379,390.4145946274018,junction
851,558562.0860583102,4869008.887312201,390.4130810195403,junction
852,558557.530124592,4869011.261713338,390.40812407553744,junction
853,558553.1399622927,4869013.569816135,390.3945511726736,junction
854,558547.3912860515,4869016.511605196,390.38685788172705,junction
855,558543.1753525827,4869018.738458132,390.3789451550691,junction
856,558537.4753794108,4869021.641034461,390.36882686268234,junction
857,558533.2428833678,4869023.87287361,390.36142742452375,junction
858,558527.4683969324,4869026.866540364,390.34690695799304,junction
859,558524.247066577,4869028.553776385,390.34419373441006,junction
860,558523.1567328228,4869029.124593587,390.3439913577829,junction
861,558517.3479009517,4869032.115161114,390.32664648114786,junction
862,558513.9678899334,4869033.820170928,390.3246288214494,junction
863,558512.9918959684,4869034.376456723,390.3227922492116,junction
864,558507.4054227453,4869037.259726714,390.3105981995875,junction
865,558503.8607113408,4869039.054940473,390.30051148042435,junction
866,558503.003692042,4869039.566606069,390.29512656667504,junction
867,558497.50207846,4869042.415235189,390.2634376346853,junction
868,558495.4044462718,4869043.514717424,390.2511420682275,junction
869,558493.1569103284,4869044.677090039,390.22504789103624,junction
870,558487.5991398321,4869047.588576915,390.1692664447179,junction
871,558485.4948178233,4869048.70614099,390.14375358974246,junction
872,558483.2200592178,4869049.896558339,390.11108710076076,junction
873,558477.4973051994,4869052.90482619,390.03194693188914,junction
874,558476.0852595239,4869053.648319703,390.0041459273624,junction
875,558472.8719600886,4869055.447860728,389.954389411987,junction
876,558467.8527712285,4869058.0325215245,389.8675102505354,junction
877,558466.8769520397,4869058.565085399,389.8479466844279,junction
878,558463.3647742607,4869060.501983405,389.7840291306173,junction
879,558458.3607858492,4869063.098094373,389.6907177558955,junction
880,558457.4570842773,4869063.598331437,389.67518784830395,junction
881,558452.5237689727,4869066.213043676,389.5784789867007,junction
882,558448.1242163446,4869068.524014599,389.49264693807754,junction
883,558442.1815665364,4869071.717686595,389.36631806596733,junction
884,558437.7666604604,4869074.051051326,389.2829289458216,junction
885,558433.1753440171,4869076.43566583,389.18896503334616,junction
886,558428.4036028556,4869079.0172456335,389.0922380428065,junction
887,558422.423658166,4869082.169880721,388.9764721737604,junction
888,558419.1077731953,4869083.911658897,388.91187487938885,junction
889,558418.2286231953,4869084.411913438,388.8925853556266,junction
890,558413.404681961,4869086.934483556,388.80405157061927,junction
891,558410.1386208647,4869088.686069639,388.7403086654354,junction
892,558407.7371638701,4869089.9416227415,388.69705248005636,junction
893,558402.9903211705,4869092.512576887,388.6014688839704,junction
894,558400.7906977892,4869093.644282097,388.5657567908226,junction
895,558397.0608715793,4869095.654837429,388.49495403734437,junction
896,558392.7844193204,4869097.9441638915,388.4163527104532,junction
897,558390.6931198812,4869099.013414201,388.37429710124866,junction
898,558388.4636153453,4869100.200722323,388.33268559619427,junction
899,558382.7659765735,4869103.300971365,388.2257591381748,junction
900,558381.2956434652,4869104.050008908,388.20209864356525,junction
901,558378.3417995431,4869105.672319719,388.15607680700066,junction
902,558373.3801169336,4869108.264292442,388.0808822807016,junction
903,558372.5149994006,4869108.688026704,388.0677644485246,junction
904,558367.6517225544,4869111.335257421,388.0020934459282,junction
905,558363.147527951,4869113.633998029,387.9446357201612,junction
906,558357.4446104631,4869116.684235144,387.87026821902987,junction
907,558353.1271194379,4869118.886640536,387.8159814775819,junction
908,558348.4951154363,4869121.36018794,387.75937923823625,junction
909,558343.5829929251,4869123.899858938,387.69905927772663,junction
910,558342.8661127277,4869124.322910059,387.6885184275451,junction
911,558338.3317567307,4869126.698838035,387.63885281048397,junction
912,558334.7357234327,4869128.556500236,387.5969649586761,junction
913,558333.4627093564,4869129.23139624,387.58216171928655,junction
914,558327.737172186,4869132.261696496,387.51992687877896,junction
915,558325.6307526688,4869133.405632764,387.493767409442,junction
916,558324.7561832396,4869133.854122587,387.4850354447042,junction
917,558323.4600746817,4869134.523100757,387.47164565882423,junction
918,558317.7907849563,4869137.458381725,387.4135557490837,junction
919,558315.5762430858,4869138.680886247,387.3887578038375,junction
920,558313.4148497508,4869139.799917237,387.36597404301637,junction
921,558307.6978919377,4869142.840271793,387.3074848329903,junction
922,558305.6106454843,4869143.983984771,387.2877407203012,junction
923,558303.3639745472,4869145.069221397,387.26272515927735,junction
924,558297.8135748523,4869148.05832365,387.2084522608158,junction
925,558296.8600680947,4869148.584645115,387.1986010971885,junction
926,558293.3714966633,4869150.315775667,387.16781856628575,junction
927,558287.7346550592,4869153.366462974,387.1162243084284,junction
928,558286.3522177169,4869154.080400564,387.10344197888605,junction
929,558283.14380055,4869155.697012544,387.0728275517733,junction
930,558277.7380163141,4869158.622568013,387.02687931180463,junction
931,558273.2182923434,4869160.975062553,386.98309824362696,junction
932,558268.4959207543,4869163.458495689,386.9482788979589,junction
933,558267.68456295,4869163.9335994255,386.9399085445119,junction
934,558263.2401321055,4869166.209845185,386.90126635338703,junction
935,558258.4766256938,4869168.740809984,386.8616340623214,junction
936,558253.3656942787,4869171.388601308,386.8184902572198,junction
937,558248.5493036179,4869173.931319911,386.78157607053134,junction
938,558247.8033749701,4869174.37482031,386.7768250592188,junction
939,558243.2807759045,4869176.721447651,386.7376262039645,junction
940,558238.8377062896,4869179.058615988,386.7085903102612,junction
941,558238.0196988384,4869179.540410111,386.7007161425281,junction
942,558232.4333397591,4869182.496018244,386.65892926128697,junction
943,558230.258629328,4869183.6839258885,386.6427141654318,junction
944,558228.1435774233,4869184.76656761,386.6281220048909,junction
945,558222.5301190896,4869187.681145287,386.56811808560633,junction
946,558220.3707370465,4869188.878559944,386.537313270974,junction
947,558218.2746614475,4869189.986131609,386.50802467417316,junction
948,558212.6211329317,4869192.935706588,386.4105588087148,junction
949,558211.3285011954,4869193.575271295,386.38386724012173,junction
950,558208.3672751471,4869195.189290468,386.3296229105057,junction
951,558202.7541274976,4869198.18044139,386.2033017304488,junction
952,558201.4931532886,4869198.811374114,386.17328922273487,junction
953,558197.1145247173,4869201.167981014,386.0676748382478,junction
954,558192.8568607065,4869203.438003778,385.95948479416563,junction
955,558191.4861325657,4869204.136313119,385.9213154375052,junction
956,558188.4821626907,4869205.738618706,385.84766442020657,junction
957,558182.921852622,4869208.69242217,385.7049017284475,junction
958,558178.466573942,4869211.027200422,385.58492130726285,junction
959,558172.862107888,4869214.081791776,385.42809949947787,junction
960,558168.4586030341,4869216.303597365,385.30509488754876,junction
961,558163.6893535587,4869218.88817109,385.17154944586423,junction
962,558162.8964200072,4869219.319395485,385.1512057724651,junction
963,558157.3623144104,4869222.260442407,384.9976475979339,junction
964,558153.836089255,4869224.085595658,384.901328989221,junction
965,558152.9678048915,4869224.568576503,384.87803250041486,junction
966,558148.4527432293,4869226.933360115,384.7539984310226,junction
967,558145.334264858,4869228.673058561,384.6753251537403,junction
968,558143.0733472058,4869229.895179535,384.6129380734019,junction
969,558137.5283557213,4869232.870665564,384.470129368973,junction
970,558136.1900510899,4869233.54514407,384.4345544674139,junction
971,558133.0497142174,4869235.213484055,384.35937084697696,junction
972,558127.661835172,4869238.118201576,384.2240657803323,junction
973,558126.3502244971,4869238.788572544,384.19171412448594,junction
974,558123.3200120989,4869240.349130893,384.12276585689347,junction
975,558117.7706025398,4869243.3493540315,383.9895757638921,junction
976,558116.4260320369,4869244.017100841,383.95502031963827,junction
977,558113.4852381201,4869245.6577457655,383.88605475147364,junction
978,558108.4744669872,4869248.321369905,383.7704004375104,junction
979,558107.6512844012,4869248.734110761,383.75570438834217,junction
980,558103.1963201901,4869251.070219872,383.6485880302924,junction
981,558098.4532030806,4869253.688872341,383.5463556853088,junction
982,558092.5702631731,4869256.7053347565,383.4255340462436,junction
983,558088.3214511547,4869259.040264492,383.3319489785401,junction
984,558082.6145286637,4869262.053943385,383.2179758059518,junction
985,558079.500325813,4869263.78479233,383.15333268794427,junction
986,558078.4508887996,4869264.337221616,383.13000921587997,junction
987,558072.6375492573,4869267.422056664,383.0174615923604,junction
988,558070.5278922265,4869268.5763367,382.97801534297315,junction
989,558068.4155167674,4869269.6939221565,382.93646053636576,junction
990,558062.6117731354,4869272.750481866,382.8275519126914,junction
991,558060.5426633504,4869273.863193073,382.7842644551726,junction
992,558058.3809404016,4869274.998617347,382.7471968530453,junction
993,558052.740825327,4869277.988213224,382.6405795542893,junction
994,558050.6213682954,4869279.165285471,382.608834777791,junction
995,558048.4310250245,4869280.31503319,382.5717803282476,junction
996,558044.8675859357,4869282.236526836,382.48686543264046,junction
997,558042.712193536,4869283.315116005,382.43305713420017,junction
998,558041.3472793628,4869284.074810918,382.3983316844504,junction
999,558037.0710769083,4869286.4549820395,382.2748379395613,junction
1000,558032.7230870529,4869288.764975042,382.13562943061225,junction
1001,558028.3221600471,4869291.152992738,381.97475136030255,junction
1002,558023.6570867074,4869293.694366171,381.8071938350025,junction
1003,558022.8847944278,4869294.147925516,381.7818862951272,junction
1004,558018.4274517923,4869296.534534251,381.6084328223195,junction
1005,558013.5876743682,4869299.176445662,381.41486644630487,junction
1006,558012.7537247529,4869299.682479383,381.3787716199597,junction
1007,558007.9693062847,4869302.251736166,381.16731722973356,junction
1008,558004.9165724851,4869303.899625654,381.0312361597085,junction
1009,558002.61237396,4869305.161457224,380.93111758227536,junction
1010,557997.9579291382,4869307.660525815,380.72311391494685,junction
1011,557995.8201335411,4869308.860200717,380.6208684692464,junction
1012,557992.3182615968,4869310.80051043,380.45603729030944,junction
1013,557987.9671872462,4869313.176942867,380.2665398815547,junction
1014,557986.964449438,4869313.758534662,380.2226028770708,junction
1015,557983.4777027068,4869315.701574034,380.0701950613376,junction
1016,557977.9126911642,4869318.700229486,379.82878584457836,junction
1017,557973.3162286615,4869321.216051558,379.6327819732698,junction
1018,557968.4696606869,4869323.887410765,379.44088014979525,junction
1019,557962.87761023,4869326.82417078,379.2355671323513,junction
1020,557958.561696454,4869329.206963368,379.06710776397597,junction
1021,557957.5440645,4869329.780241332,379.02883512378094,junction
1022,557952.6896896582,4869332.430801627,378.84753602461444,junction
1023,557950.5146505997,4869333.610264338,378.76579700188705,junction
1024,557948.4846197644,4869334.747403737,378.6901781706755,junction
1025,557942.6779022778,4869337.950100214,378.4757648410108,junction
1026,557940.5507460157,4869339.050620671,378.39765019792503,junction
1027,557938.4260533736,4869340.240783984,378.3220202221799,junction
1028,557932.7988861275,4869343.31184479,378.12942018830114,junction
1029,557931.4365747783,4869343.923978266,378.08350287754394,junction
1030,557928.2325870087,4869345.74494833,377.9730328563472,junction
1031,557923.271946984,4869348.4487209115,377.80298675826594,junction
1032,557922.3586671597,4869348.9497877015,377.7663382782231,junction
1033,557917.7421032863,4869351.42094288,377.61859804309694,junction
1034,557913.3343314184,4869353.904916717,377.47480512791435,junction
1035,557907.5071401093,4869357.034283924,377.2791791293724,junction
1036,557904.2549664527,4869358.83186503,377.1803667601558,junction
1037,557903.033956084,4869359.572270725,377.1372240210254,junction
1038,557897.4426607653,4869362.64580071,376.9750416466684,junction
1039,557895.2076864145,4869363.870896906,376.9065350976837,junction
1040,557892.8031933839,4869365.203251976,376.83710497238985,junction
1041,557887.7684946668,4869367.953409113,376.6891495455094,junction
1042,557886.7641243298,4869368.560288602,376.6595534583684,junction
1043,557883.1957586309,4869370.4811026985,376.5564535485656,junction
1044,557877.549874508,4869373.678258593,376.41003465236275,junction
1045,557872.9147498241,4869376.228194585,376.28443978446285,junction
1046,557868.0848684267,4869378.890433974,376.1653379098844,junction
1047,557862.121656905,4869382.241488401,376.0205590894785,junction
1048,557859.7862249115,4869383.537518542,375.95964859585445,junction
1049,557858.4265464996,4869384.371971826,375.9317801717908,junction
1050,557852.2858872842,4869387.753981858,375.7871028450075,junction
1051,557850.7140252694,4869388.60375999,375.75674642993255,junction
1052,557848.3374969496,4869389.929529012,375.71000750133794,junction
1053,557843.4424375073,4869392.736875373,375.61702700194377,junction
1054,557840.4174926789,4869394.437016055,375.5772437153983,junction
1055,557837.9961387456,4869395.78157802,375.54144863965314,junction
1056,557832.5469210845,4869398.742689546,375.4667233270213,junction
1057,557827.9933107065,4869401.39518607,375.4044207975896,junction
1058,557823.3295111973,4869403.95395575,375.3496751331862,junction
1059,557818.4667474958,4869406.747276341,375.2924458699294,junction
1060,557814.8190425033,4869408.7838718165,375.25110233474135,junction
1061,557813.4299307812,4869409.537458915,375.23809461641036,junction
1062,557807.9613184334,4869412.621696997,375.18453534784004,junction
1063,557805.4471716337,4869414.036698531,375.164920292914,junction
1064,557802.8519595583,4869415.646738041,375.14181355607565,junction
1065,557797.8612255636,4869418.403864119,375.1074244592427,junction
1066,557796.2209275776,4869419.330570978,375.0962153921584,junction
1067,557793.0681863951,4869421.066491085,375.07790405270265,junction
1068,557787.3963069834,4869424.317321741,375.0473891938498,junction
1069,557783.379895641,4869426.426912435,375.02915207150465,junction
1070,557779.2463386725,4869428.580525675,375.00628904033334,junction
1071,557776.8446137006,4869430.381103741,375.00471678025184,junction
1072,557772.1741120975,4869432.780229968,375.0000000000072,junction
1073,557770.1143476116,4869433.665882358,375.0000000000072,junction
1074,560322.0,4868051.0,393.7099914550781,inlet
1075,560317.8150090962,4868053.265490778,393.684879099282,junction
1076,560316.4284545035,4868053.997003155,393.67906278132494,junction
1077,560312.464846312,4868056.119111061,393.65642856546197,junction
1078,560308.4564148783,4868058.271796215,393.6368803216682,junction
1079,560306.777723485,4868059.179219323,393.627596885597,junction
1080,560303.0063186215,4868061.198171207,393.6055834346005,junction
1081,560298.6109036986,4868063.512008334,393.58299847483187,junction
1082,560297.7511604275,4868063.982167054,393.5787984558028,junction
1083,560292.5516085367,4868066.72502801,393.55231084027696,junction
1084,560288.4164400754,4868068.9043491855,393.5311905811634,junction
1085,560282.7980877568,4868071.884261653,393.502685378371,junction
1086,560279.0928901223,4868073.862202285,393.48448001882036,junction
1087,560278.0854899357,4868074.401855678,393.47948377254676,junction
1088,560273.1160822463,4868077.054179076,393.455697480436,junction
1089,560269.2511079173,4868079.122750002,393.43715623143476,junction
1090,560268.4003216067,4868079.587675855,393.43288134020844,junction
1091,560263.2688061765,4868082.293706276,393.4104211787061,junction
1092,560260.8800934493,4868083.571476702,393.39921163234817,junction
1093,560256.9721773248,4868085.597757111,393.37910210259076,junction
1094,560253.3876657237,4868087.519607059,393.36340549585873,junction
1095,560250.9929291897,4868088.798063457,393.35255424525815,junction
1096,560247.1196847536,4868090.885787457,393.3315140744266,junction
1097,560242.6052018502,4868093.24998611,393.31313456877285,junction
1098,560241.3090724691,4868093.953290164,393.31098605949404,junction
1099,560237.5403519671,4868095.956628367,393.2928422611448,junction
1100,560233.0303992174,4868098.3480867855,393.2691161983599,junction
1101,560231.553845826,4868099.136111596,393.2618950465553,junction
1102,560228.032182568,4868100.990775496,393.250542909641,junction
1103,560223.4636523095,4868103.41817158,393.2325010613231,junction
1104,560222.2511001737,4868104.077255429,393.2270760601613,junction
1105,560217.4648046802,4868106.578254937,393.2014991136356,junction
1106,560213.7809763369,4868108.553864247,393.1885288093898,junction
1107,560212.7728847283,4868109.0786818545,393.1864093156574,junction
1108,560207.7516547715,4868111.714812144,393.1652789287658,junction
1109,560204.1847779708,4868113.617058501,393.1451412450228,junction
1110,560203.2212970331,4868114.109060734,393.1426052731662,junction
1111,560198.1972943486,4868116.818875863,393.12078272780707,junction
1112,560194.7443701202,4868118.5887469575,393.10847817099415,junction
1113,560192.4262898342,4868119.836293048,393.0995780518351,junction
1114,560187.7646898293,4868122.317248993,393.08033210443296,junction
1115,560184.1271812997,4868124.231453175,393.0637307297705,junction
1116,560183.1647849557,4868124.783609101,393.05859117694706,junction
1117,560178.1437249334,4868127.402084222,393.0400373495711,junction
1118,560175.8658881631,4868128.660785839,393.03341153315387,junction
1119,560172.2561332047,4868130.526713091,393.0166508088761,junction
1120,560167.7178656976,4868132.973079004,392.995252222301,junction
1121,560166.5055561719,4868133.6553456485,392.9941063236204,junction
1122,560163.0211364435,4868135.41861127,392.9795765729691,junction
1123,560158.3943607754,4868137.884324461,392.95882694518434,junction
1124,560156.2633065192,4868139.022339515,392.9510854314615,junction
1125,560152.7380346854,4868140.92279717,392.9379241541384,junction
1126,560148.1730654117,4868143.2818969805,392.92143038010596,junction
1127,560146.8473978961,4868143.972925198,392.9150711459011,junction
1128,560143.4674631972,4868145.796856241,392.90197782732355,junction
1129,560137.6352304615,4868148.809556847,392.8807083131183,junction
1130,560132.9483276602,4868151.299390818,392.8609961361045,junction
1131,560128.4085496056,4868153.744139014,392.8459392451499,junction
1132,560122.4869039989,4868156.876256995,392.8219229435907,junction
1133,560118.9655362997,4868158.752028609,392.81162867635857,junction
1134,560117.9035106192,4868159.301485141,392.8061684026164,junction
1135,560113.2383462475,4868161.8005304765,392.79032430448785,junction
1136,560109.7716371232,4868163.591397792,392.77818770075487,junction
1137,560107.3401647356,4868164.871692638,392.76821331459877,junction
1138,560102.7849208663,4868167.257046909,392.75037925095114,junction
1139,560099.4809952097,4868169.043462576,392.7352943378979,junction
1140,560098.4063599606,4868169.516146322,392.73299719090056,junction
1141,560092.5251699473,4868172.679558471,392.712832053926,junction
1142,560090.340117082,4868173.884535745,392.7039416110582,junction
1143,560087.9426350909,4868175.093327012,392.69920500893755,junction
1144,560083.2982181075,4868177.516514065,392.68363971190786,junction
1145,560081.0785693569,4868178.746650015,392.6723913215335,junction
1146,560077.5741857933,4868180.60842021,392.6610249487446,junction
1147,560072.9105608604,4868183.036178275,392.6442587343779,junction
1148,560071.7101894704,4868183.694283356,392.6389698058569,junction
1149,560068.4488415302,4868185.417541426,392.6293587548252,junction
1150,560062.8216822025,4868188.346449775,392.6088484497566,junction
1151,560061.671214455,4868188.975145257,392.6042711460236,junction
1152,560058.3003651844,4868190.758217549,392.59477853405826,junction
1153,560052.8577789423,4868193.703967186,392.575540579854,junction
1154,560048.0916819328,4868196.249318161,392.55613447636154,junction
1155,560043.587467317,4868198.542724652,392.54349651857177,junction
1156,560042.6683072452,4868199.142617813,392.5408104070843,junction
1157,560038.1021390152,4868201.527481976,392.5221780084202,junction
1158,560033.5014536963,4868203.892721492,392.50985034896297,junction
1159,560032.5347242769,4868204.487741535,392.5071625019495,junction
1160,560030.0994516289,4868205.711099302,392.4958602549375,junction
1161,560027.8171167613,4868206.907093808,392.4879921922153,junction
1162,560024.3346075033,4868208.748375372,392.4764437321563,junction
1163,560023.3126636993,4868209.381226623,392.4729528847066,junction
1164,560017.62947337,4868212.274995273,392.45338594638054,junction
1165,560014.2096305254,4868214.094984606,392.44260282875086,junction
1166,560013.2150366926,4868214.742918503,392.4387673138634,junction
1167,560007.4205391429,4868217.630307078,392.41986607756667,junction
1168,560005.2112624799,4868218.815785096,392.41308692689614,junction
1169,560003.0789343591,4868220.1142093735,392.4059141756836,junction
1170,559998.3972971346,4868222.57303897,392.3912822371794,junction
1171,559996.1002418221,4868223.740930588,392.3838149285388,junction
1172,559992.7275449197,4868225.563612589,392.37077842265325,junction
1173,559988.2510669276,4868227.944211476,392.3585776316852,junction
1174,559987.1637197855,4868228.541847673,392.35523755416614,junction
1175,559982.6902147817,4868230.854806973,392.33893196762455,junction
1176,559978.1044058495,4868233.297234344,392.32674623564776,junction
1177,559976.8588965943,4868233.977016125,392.3228376679613,junction
1178,559972.42665484,4868236.205898104,392.30684870010066,junction
1179,559967.9874387108,4868238.618651299,392.295406436161,junction
1180,559962.2625236381,4868241.624382524,392.2721819537536,junction
1181,559957.8075316324,4868244.007893061,392.2632133397143,junction
1182,559953.2190871908,4868246.42132419,392.2450184112416,junction
1183,559948.7949475037,4868248.732442409,392.23536669641277,junction
1184,559947.8056180507,4868249.275751752,392.23277656304776,junction
1185,559943.1982243914,4868251.68866836,392.21448770930647,junction
1186,559938.7479231439,4868254.011781542,392.20544826494313,junction
1187,559937.6651985408,4868254.607509076,392.2023932208206,junction
1188,559933.3047106726,4868256.877124604,392.1850360955647,junction
1189,559930.0592883826,4868258.615441182,392.17725166458575,junction
1190,559927.6996738256,4868259.898502979,392.17075996910404,junction
1191,559922.9547601512,4868262.408811066,392.1563537765165,junction
1192,559920.7102291115,4868263.590252174,392.15035768884513,junction
1193,559918.4900553566,4868264.780574472,392.14450587542365,junction
1194,559912.5964428523,4868267.901628028,392.1270488955829,junction
1195,559911.4590342054,4868268.517473344,392.12426643889034,junction
1196,559908.2898608776,4868270.1771301,392.1159147106282,junction
1197,559902.6571082366,4868273.144580614,392.0995393577553,junction
1198,559901.5390760603,4868273.74814192,392.0966657366561,junction
1199,559898.2059470215,4868275.493181477,392.087861375508,junction
1200,559893.4193753965,4868278.056688673,392.07206840866553,junction
1201,559892.4305076854,4868278.600452337,392.06972318373334,junction
1202,559887.7862703425,4868281.018236258,392.0583651074073,junction
1203,559883.2272455982,4868283.451792812,392.04330956777636,junction
1204,559882.2116067492,4868284.010751391,392.0409635827975,junction
1205,559877.5224672222,4868286.410560594,392.02884124116406,junction
1206,559872.9801954835,4868288.859958805,392.0154652476107,junction
1207,559867.269401843,4868291.800659088,392.0007980744061,junction
1208,559863.7613423524,4868293.688659594,391.99027521316526,junction
1209,559862.7706591312,4868294.233215567,391.9880531067795,junction
1210,559858.1568790979,4868296.680264101,391.9755422664605,junction
1211,559853.5770826611,4868299.120591449,391.9609248988704,junction
1212,559852.5539102929,4868299.645683885,391.95973219638853,junction
1213,559847.8846961247,4868302.08421822,391.9463497838725,junction
1214,559844.5851600324,4868303.910793251,391.9349689732866,junction
1215,559843.3825362176,4868304.487343676,391.9338611918495,junction
1216,559837.7555213678,4868307.373893074,391.9182540593698,junction
1217,559835.5433143473,4868308.610387272,391.9106574022588,junction
1218,559833.2040863637,4868309.799436865,391.90691883876207,junction
1219,559827.453299431,4868312.77665261,391.89032718322477,junction
1220,559825.3378802928,4868313.972040903,391.88306796459324,junction
1221,559823.0418351016,4868315.184108585,391.87848877892714,junction
1222,559818.3255534791,4868317.66103886,391.8636011819069,junction
1223,559816.0994783036,4868318.80272291,391.85838231616214,junction
1224,559812.755618241,4868320.602000873,391.8511056458949,junction
1225,559808.2932923118,4868322.91233149,391.8372507545776,junction
1226,559806.1004740794,4868324.062810485,391.83207840395414,junction
1227,559802.713036267,4868325.8777360665,391.8248645706114,junction
1228,559798.2166339874,4868328.19677166,391.8115625847128,junction
1229,559797.2774916253,4868328.646812133,391.81023216069804,junction
1230,559792.6108478152,4868331.170272355,391.79909565912493,junction
1231,559788.059913815,4868333.501906599,391.786330269295,junction
1232,559782.4346924223,4868336.454284999,391.771788603197,junction
1233,559777.9494277003,4868338.835402825,391.75995285869436,junction
1234,559773.4489226461,4868341.316993149,391.74804780537636,junction
1235,559768.7417184076,4868343.692687503,391.7359120517633,junction
1236,559767.7390632534,4868344.200697598,391.73388416577365,junction
1237,559763.1894445115,4868346.723396272,391.72222361622283,junction
1238,559758.6509925852,4868348.999436326,391.71122022085285,junction
1239,559757.5538916208,4868349.558693683,391.70847493856536,junction
1240,559752.843157927,4868352.078757827,391.6957434655036,junction
1241,559749.5977435495,4868353.820536057,391.68519338408873,junction
1242,559747.4076057423,4868354.94919509,391.6808104278333,junction
1243,559742.9545483917,4868357.284873674,391.67079732300624,junction
1244,559739.7096324579,4868359.010439536,391.66098099585986,junction
1245,559737.5148226814,4868360.138115915,391.6566579463364,junction
1246,559733.0293479551,4868362.517652721,391.6463795489908,junction
1247,559730.6698337344,4868363.761527653,391.6373465169708,junction
1248,559727.3078276644,4868365.625989872,391.6293424379589,junction
1249,559722.7479898843,4868367.909245882,391.62002787606156,junction
1250,559720.490499412,4868369.150304575,391.61192439273503,junction
1251,559718.384879751,4868370.317885597,391.60717987095455,junction
1252,559712.5662579294,4868373.246400267,391.5951082346842,junction
1253,559711.3828050062,4868373.889435644,391.59166840740056,junction
1254,559707.9078343445,4868375.839479873,391.58251047989467,junction
1255,559703.3784678199,4868378.131991553,391.57509726547363,junction
1256,559702.299604735,4868378.630567052,391.57100495276444,junction
1257,559697.6279539578,4868381.239072327,391.55887124886493,junction
1258,559693.0850034105,4868383.488179229,391.55072012882823,junction
1259,559691.9320060837,4868384.06832353,391.54746631909916,junction
1260,559687.4910969922,4868386.534679126,391.5364337715062,junction
1261,559682.946393648,4868388.973258672,391.5211414816407,junction
1262,559677.3472370155,4868391.906248639,391.5118021135389,junction
1263,559673.9913444903,4868393.775876611,391.5035121748844,junction
1264,559672.8966224231,4868394.284532805,391.49674879513367,junction
1265,559667.3540504118,4868397.17600013,391.4889097074167,junction
1266,559663.9421166572,4868399.036521795,391.4788432371064,junction
1267,559662.9112991698,4868399.547013903,391.4741826183681,junction
1268,559658.3315977367,4868401.95438634,391.46716193239405,junction
1269,559654.9205261867,4868403.797646987,391.4601010471297,junction
1270,559652.4735133722,4868405.044797662,391.45111657229273,junction
1271,559648.0602810996,4868407.329882526,391.4450743618171,junction
1272,559645.821245853,4868408.533240604,391.44064152534145,junction
1273,559643.4946895771,4868409.752140052,391.43194638877196,junction
1274,559637.770873402,4868412.82596942,391.42133988841755,junction
1275,559635.4714797739,4868414.0541956,391.4166545271428,junction
1276,559633.2734653518,4868415.147713032,391.4085912661396,junction
1277,559627.6190827402,4868418.269420174,391.3955102928079,junction
1278,559626.390988478,4868418.936833583,391.3933912943406,junction
1279,559623.2140273345,4868420.483742457,391.3853489286354,junction
1280,559617.5644330255,4868423.581827017,391.37314692602536,junction
1281,559612.9522810979,4868425.898820394,391.36326318854594,junction
1282,559608.4953143622,4868428.339505579,391.3533180564823,junction
1283,559607.3799554474,4868428.954391466,391.35145898874765,junction
1284,559602.6529535906,4868431.323003373,391.3415787236985,junction
1285,559598.2495011605,4868433.729196678,391.3321698737556,junction
1286,559592.5844196654,4868436.687090739,391.31956858923775,junction
1287,559588.076332738,4868439.126071761,391.3106019294203,junction
1288,559582.3974411413,4868442.154208953,391.2945782097606,junction
1289,559579.0779050433,4868443.89135699,391.2898288705743,junction
1290,559577.9263824862,4868444.5135107385,391.28836002981166,junction
1291,559573.3776166982,4868446.924854239,391.27453751454794,junction
1292,559570.0743342537,4868448.640976582,391.2703295831871,junction
1293,559567.6750463259,4868449.939009351,391.2669604055362,junction
1294,559563.0282166445,4868452.374503285,391.2536214793635,junction
1295,559560.8438719818,4868453.557722376,391.2511898018308,junction
1296,559558.429069046,4868454.792077064,391.2478692319382,junction
1297,559552.7415061011,4868457.796967013,391.2335611264371,junction
1298,559550.5513979205,4868458.929905978,391.2308414024361,junction
1299,559548.2456358946,4868460.153251984,391.22771587662766,junction
1300,559542.5484567261,4868463.16274768,391.21381772851663,junction
1301,559541.505801329,4868463.793763455,391.21247431867704,junction
1302,559538.2477333889,4868465.563380807,391.2031573816062,junction
1303,559532.4796390467,4868468.559483664,391.1925987040085,junction
1304,559528.0435796818,4868470.983435774,391.1823113151855,junction
1305,559522.523716419,4868473.8334260285,391.17278505819155,junction
1306,559517.9772200873,4868476.307473546,391.1627977918931,junction
1307,559513.3174879217,4868478.647440511,391.15380071405434,junction
1308,559507.6845542478,4868481.731718093,391.1434823244423,junction
1309,559503.0953018606,4868484.062484642,391.1348345341611,junction
1310,559497.3845778005,4868487.161379021,391.12451139132685,junction
1311,559493.9248708914,4868488.8727623215,391.1162290010811,junction
1312,559492.9274313608,4868489.506405128,391.1124702633455,junction
1313,559487.2048533136,4868492.547595617,391.10466289014937,junction
1314,559484.8958315821,4868493.697639354,391.0976352282432,junction
1315,559482.6930955815,4868495.004844036,391.0925294504739,junction
1316,559478.0673259498,4868497.395459781,391.08623481649687,junction
1317,559475.8433250755,4868498.544541295,391.08140415859316,junction
1318,559472.5365183178,4868500.408793598,391.0733888239309,junction
1319,559467.815874227,4868502.826362405,391.06716120031535,junction
1320,559465.6039853641,4868503.939405059,391.0616386542113,junction
1321,559463.3652005988,4868505.216673997,391.05607700421245,junction
1322,559457.6554647553,4868508.258620283,391.0456963744967,junction
1323,559456.5998272233,4868508.854918177,391.04364573832305,junction
1324,559453.1205525643,4868510.6811801195,391.03639936694486,junction
1325,559448.4844052024,4868513.063762843,391.0299077893864,junction
1326,559447.4677128945,4868513.667054626,391.02629689119965,junction
1327,559443.0845408163,4868515.986857874,391.01817611990157,junction
1328,559437.5002601404,4868518.923465971,391.00874319576377,junction
1329,559432.9703265593,4868521.32948046,391.00055053770916,junction
1330,559428.2270755643,4868523.853136265,390.9920476773811,junction
1331,559422.6743553842,4868526.7829749575,390.9813186898694,junction
1332,559419.3150146087,4868528.557973323,390.97720323000203,junction
1333,559418.1593671209,4868529.211806215,390.9738615550278,junction
1334,559412.7080212338,4868532.087290925,390.96277182199265,junction
1335,559409.3527477393,4868533.895482198,390.9561684939563,junction
1336,559408.1734310974,4868534.526600539,390.95525481595104,junction
1337,559402.3045646031,4868537.627959236,390.94195079394177,junction
1338,559400.1055733222,4868538.777461859,390.9396990861755,junction
1339,559397.7166775013,4868540.0824384615,390.93721166880533,junction
1340,559393.1488334404,4868542.443932323,390.9286079828342,junction
1341,559390.9330031816,4868543.637768121,390.9231397019294,junction
1342,559387.6987501319,4868545.380922454,390.9203504137935,junction
1343,559383.1101433383,4868547.748991489,390.91148186963585,junction
1344,559380.6731187358,4868549.040820978,390.90685791865735,junction
1345,559378.3895678328,4868550.327346579,390.9053999845423,junction
1346,559372.6516870131,4868553.423332204,390.8903572164141,junction
1347,559371.4497152321,4868554.08052031,390.8887775726901,junction
1348,559368.0629239425,4868555.90793407,390.8871845217565,junction
1349,559362.4609094628,4868558.875658473,390.8730107219217,junction
1350,559357.742567747,4868561.399723104,390.8691459858637,junction
1351,559353.1967570548,4868563.793738097,390.858010886021,junction
1352,559347.5785135477,4868566.80100587,390.8509977015269,junction
1353,559344.0092666511,4868568.684904018,390.84380107831214,junction
1354,559342.8724813807,4868569.28264941,390.8414165055602,junction
1355,559338.4565388474,4868571.711294174,390.8350309022067,junction
1356,559334.941520359,4868573.505548549,390.82844157479605,junction
1357,559332.5261264343,4868574.75223135,390.81989516484686,junction
1358,559328.1298559504,4868577.104075094,390.8117266895855,junction
1359,559324.776105494,4868578.868099367,390.8096057658464,junction
1360,559322.5204584851,4868580.043425315,390.802240207835,junction
1361,559317.8309303183,4868582.617959176,390.7937100481604,junction
1362,559315.4396621104,4868583.919970762,390.79189020550683,junction
1363,559313.2095460471,4868584.994714696,390.78592100062014,junction
1364,559307.7477889883,4868587.983568266,390.777217900847,junction
1365,559306.6916493089,4868588.572072409,390.77605523127244,junction
1366,559303.313452071,4868590.316306077,390.76541969081995,junction
1367,559297.6171764651,4868593.391084541,390.7596777021793,junction
1368,559296.3878819748,4868594.063630869,390.75855113814896,junction
1369,559293.065986183,4868595.766970902,390.74891439052976,junction
1370,559287.4248361606,4868598.8123492375,390.74324306033037,junction
1371,559282.6854942285,4868601.273847918,390.7328927947149,junction
1372,559278.1314412784,4868603.720510745,390.72830675356437,junction
1373,559272.2295392127,4868606.803796479,390.7174855205442,junction
1374,559268.9754418784,4868608.624116701,390.7096388397579,junction
1375,559267.809921326,4868609.255780401,390.70894168425593,junction
1376,559263.2599814076,4868611.667708506,390.7025678651105,junction
1377,559258.537117309,4868614.1768275,390.6944388525305,junction
1378,559257.5191884619,4868614.751204025,390.69353537247326,junction
1379,559253.0203273231,4868617.183193876,390.68685680597065,junction
1380,559249.5021635919,4868619.093137561,390.67463957305125,junction
1381,559248.3428600163,4868619.6297633685,390.67468785394396,junction
1382,559242.7214386907,4868622.721396845,390.6645405144613,junction
1383,559240.472944023,4868623.895146402,390.6578034441654,junction
1384,559238.2260141541,4868625.0243925275,390.65701024889427,junction
1385,559232.4902637863,4868628.1817176305,390.64797235106283,junction
1386,559231.3274163615,4868628.804005538,390.6448992127972,junction
1387,559227.9624193681,4868630.496913754,390.64055216862374,junction
1388,559223.4819838013,4868632.961004282,390.63296543680303,junction
1389,559222.3064338291,4868633.6035631765,390.63220140171114,junction
1390,559217.5585870871,4868636.019356185,390.6240345707596,junction
1391,559213.0152867028,4868638.518377017,390.6179129887068,junction
1392,559208.4925464059,4868640.869547727,390.60775548502806,junction
1393,559202.6875589489,4868644.024482296,390.60183527883703,junction
1394,559198.3691232353,4868646.344790263,390.59132719745395,junction
1395,559193.6150517738,4868648.94023163,390.58677633732356,junction
1396,559192.4359592245,4868649.529560441,390.5864640660975,junction
1397,559187.9158393649,4868651.91078126,390.57355946675847,junction
1398,559184.3698708991,4868653.893211375,390.5680269251365,junction
1399,559183.3545691378,4868654.335276703,390.56388660841884,junction
1400,559177.4339497268,4868657.483283972,390.55322657013767,junction
1401,559175.1729602292,4868658.773341527,390.5513848734174,junction
1402,559173.0299349317,4868659.84974726,390.54554241672804,junction
1403,559167.4092468948,4868662.911976775,390.5374223446579,junction
1404,559165.22139013,4868664.10876229,390.5363130592775,junction
1405,559163.1053179924,4868665.15890961,390.5308426917626,junction
1406,559158.4805554376,4868667.698840157,390.52655624908533,junction
1407,559156.112563547,4868668.953318807,390.5222403202038,junction
1408,559152.7241275993,4868670.7179691065,390.5157219535086,junction
1409,559148.1773386126,4868673.162330164,390.5110444993844,junction
1410,559147.2260163794,4868673.736610779,390.50503017890685,junction
1411,559142.606740473,4868676.113149474,390.50080577738373,junction
1412,559138.0415418663,4868678.581248388,390.49437559310104,junction
1413,559132.1496536824,4868681.724658127,390.4820367695761,junction
1414,559128.9438596487,4868683.53406503,390.47759086447434,junction
1415,559127.750008773,4868684.10784361,390.475555612221,junction
1416,559123.1868377094,4868686.534690072,390.46689904930986,junction
1417,559118.6843474696,4868689.038521737,390.458375680159,junction
1418,559117.5260084332,4868689.606966795,390.4582210000956,junction
1419,559112.4799036596,4868692.263700087,390.45032915865266,junction
1420,559110.2635728111,4868693.548345375,390.444391051143,junction
1421,559108.0472049651,4868694.656848581,390.4440166994961,junction
1422,559103.3907975709,4868697.12827457,390.4370593088884,junction
1423,559100.0010753013,4868699.049095686,390.4304842716069,junction
1424,559097.7240230426,4868700.175825874,390.4300735130236,junction
1425,559092.7584303626,4868702.83234883,390.4192567164817,junction
1426,559090.5207071166,4868704.072937547,390.4117169197975,junction
1427,559088.3135095045,4868705.158350223,390.4113464635246,junction
1428,559082.8215141568,4868708.209787534,390.40328232230246,junction
1429,559081.6680408258,4868708.8491746355,390.400340410095,junction
1430,559078.1679303049,4868710.673679059,390.39519098625516,junction
1431,559072.3968755738,4868713.839980304,390.38851723286,junction
1432,559067.7436713349,4868716.348463424,390.3758062255434,junction
1433,559063.2278530981,4868718.79456557,390.3736336989183,junction
1434,559057.3276679963,4868721.898493509,390.35649463917855,junction
1435,559053.9009166422,4868723.818444255,390.3533340436304,junction
1436,559052.8429090311,4868724.2976079695,390.3524359975872,junction
1437,559048.3213213118,4868726.760813115,390.34615957057576,junction
1438,559044.8772314484,4868728.700614147,390.3384257781284,junction
1439,559042.6691228413,4868729.795720912,390.33363969400193,junction
1440,559037.6575273135,4868732.437145281,390.32725628803394,junction
1441,559035.3773296839,4868733.76621807,390.32554675502473,junction
1442,559033.1499276242,4868734.87775794,390.32017601359695,junction
1443,559027.3153260403,4868737.976512286,390.31371867104053,junction
1444,559026.2610677453,4868738.600816226,390.3133908589883,junction
1445,559022.829149305,4868740.384495463,390.30272174027857,junction
1446,559018.2971939456,4868742.821592193,390.29408296000366,junction
1447,559015.8625365092,4868744.20751247,390.2936141930608,junction
1448,559012.6424927992,4868745.928618604,390.28700425831363,junction
1449,559008.0284968576,4868748.477276303,390.2800909236562,junction
1450,559007.0588601421,4868749.0013443325,390.2797636037449,junction
1451,559002.4533508065,4868751.428711042,390.273648823593,junction
1452,558997.895661071,4868753.909009526,390.26259641519295,junction
1453,558992.2675430503,4868756.958330877,390.2538772949475,junction
1454,558988.9155932788,4868758.830179997,390.24746595458777,junction
1455,558987.8517522956,4868759.32041139,390.24743256022975,junction
1456,558982.8000900432,4868762.045465757,390.24013130764786,junction
1457,558979.5690481052,4868763.891753058,390.2343274434328,junction
1458,558978.3350419212,4868764.431109305,390.2345718198637,junction
1459,558972.4413631915,4868767.588621289,390.22004046992475,junction
1460,558970.119855923,4868768.931063996,390.21959254983597,junction
1461,558967.778977373,4868770.115939807,390.21426662666056,junction
1462,558963.151108224,4868772.579026501,390.205917716665,junction
1463,558960.8766815006,4868773.882382019,390.20558939743415,junction
1464,558958.4132262368,4868775.1209615795,390.20434890165285,junction
1465,558952.7592052779,4868778.145303865,390.18902399677273,junction
1466,558951.660518184,4868778.8091782825,390.18869486738714,junction
1467,558948.1354708846,4868780.727112722,390.1833417801343,junction
1468,558943.2963363182,4868783.31561377,390.1761937813905,junction
1469,558942.2794577548,4868783.873206955,390.17379326603213,junction
1470,558937.4643685094,4868786.492771451,390.1637198580207,junction
1471,558933.0304022852,4868788.905698113,390.1603201543045,junction
1472,558927.1509876928,4868792.098765863,390.15057778787195,junction
1473,558923.7266584542,4868794.043401906,390.1382058275396,junction
1474,558922.5214733616,4868794.643103395,390.1361631549271,junction
1475,558917.6544900776,4868797.241633803,390.1345726726763,junction
1476,558915.3780825159,4868798.586091989,390.1253122831692,junction
1477,558913.1925390622,4868799.671691437,390.1251299605585,junction
1478,558907.5204125555,4868802.7141664745,390.1144715587801,junction
1479,558905.190878642,4868804.090851489,390.11117225000163,junction
1480,558902.8805785162,4868805.251843218,390.1079791193284,junction
1481,558898.0285431857,4868807.870415972,390.0943311360971,junction
1482,558896.9062962071,4868808.526810773,390.0941932477076,junction
1483,558893.2552570379,4868810.51791085,390.0911174922503,junction
1484,558888.4984465272,4868813.132881079,390.08265218999935,junction
1485,558887.4916617305,4868813.615148992,390.0824984233134,junction
1486,558883.0575879918,4868816.130029279,390.07139594279505,junction
1487,558878.053338809,4868818.772589401,390.0619449160263,junction
1488,558872.4398972512,4868821.904744696,390.04493889259385,junction
1489,558869.2141231151,4868823.842523119,390.0347619012747,junction
1490,558868.0484079914,4868824.36417827,390.0327013306965,junction
1491,558862.3355874692,4868827.481526573,390.0215809440538,junction
1492,558860.0489740212,4868828.833312475,390.01929028563444,junction
1493,558857.7694140958,4868830.042559675,390.0098279263175,junction
1494,558852.9138350426,4868832.692532682,390.00010502792617,junction
1495,558850.4656058558,4868834.113266004,390.00000000000045,junction
1496,558848.312444903,4868835.178187776,390.00000000000045,junction
1497,558842.4806536533,4868838.329569923,390.00000000000045,junction
1498,558841.5274501343,4868838.937998148,390.00000000000045,junction
1499,558838.1258817333,4868840.689747679,390.0000000000005,junction
1500,558833.2892461644,4868843.268028951,390.0000000000005,junction
1501,558832.1453702046,4868843.941642662,390.0000000000005,junction
1502,558828.4704141401,4868845.947509424,390.0000000000005,junction
1503,558823.6869061003,4868848.54724307,390.0000000000005,junction
1504,558822.6942247892,4868849.047283808,390.0000000000005,junction
1505,558818.0023283877,4868851.651298638,390.0000000000005,junction
1506,558814.3293975891,4868853.680621823,390.0000000000005,junction
1507,558813.1249821737,4868854.197345949,390.00000000000057,junction
1508,558807.285954543,4868857.422967065,390.00000000000057,junction
1509,558805.087915193,4868858.742884684,390.00000000000057,junction
1510,558802.8902044205,4868859.83954943,389.99995602440504,junction
1511,558798.224558054,4868862.354336947,390.00000000000057,junction
1512,558795.5265300428,4868863.902176442,390.00000000000057,junction
1513,558793.2504045585,4868865.049029936,389.9987334791967,junction
1514,558787.4490205362,4868868.189679882,390.0000000000006,junction
1515,558786.4827816737,4868868.81539001,389.99992027763005,junction
1516,558783.0753734333,4868870.568343485,389.99995662246397,junction
1517,558778.1580542846,4868873.196328282,390.0000000000006,junction
1518,558776.9604758552,4868873.927981035,389.99993722433544,junction
1519,558773.3787254897,4868875.775946229,389.99995290560497,junction
1520,558767.4181443469,4868879.039421985,389.99995000525803,junction
1521,558762.8067524505,4868881.5678741215,389.9999275313487,junction
1522,558759.0598079929,4868883.616198438,389.99984958188355,junction
1523,558757.8296655325,4868884.234886461,389.9986326065274,junction
1524,558753.3150437517,4868886.7432471225,389.99984182441136,junction
1525,558749.921677841,4868888.680498437,389.99864748583946,junction
1526,558747.7422853748,4868889.789381035,389.99985679316165,junction
1527,558743.1719170724,4868892.248495285,389.99992560482144,junction
1528,558740.5987254194,4868893.731509561,390.00000000000074,junction
1529,558738.2050308198,4868894.946739252,389.99860233523606,junction
1530,558732.3792767038,4868898.1266778475,389.9999410847952,junction
1531,558731.4047353289,4868898.737571086,389.9998110359288,junction
1532,558728.1288886621,4868900.415715844,389.99984965666926,junction
1533,558722.2089843338,4868903.667184576,389.99860049977946,junction
1534,558717.9679598714,4868905.9280814035,389.99986640728787,junction
1535,558713.3161878344,4868908.407742422,390.00000000000085,junction
1536,558712.1325891385,4868909.150307017,389.9997999972558,junction
1537,558707.3653015379,4868911.624096517,389.99990434691904,junction
1538,558702.9223054213,4868914.1126462575,389.9999329104036,junction
1539,558697.1587193244,4868917.1674676025,389.99863937976124,junction
1540,558693.768274346,4868919.060373813,389.99982462367353,junction
1541,558692.7227721153,4868919.655501759,389.9984989192675,junction
1542,558688.1163560508,4868922.1468058545,389.99991347121596,junction
1543,558685.6162799577,4868923.575312162,389.99991490711545,junction
1544,558683.3589019275,4868924.740667844,389.9999358782761,junction
1545,558677.5058469546,4868927.91157735,389.99861714931706,junction
1546,558676.6364493694,4868928.50339048,389.9998387028271,junction
1547,558673.1015081046,4868930.335905184,389.9984954571582,junction
1548,558667.3863145647,4868933.460762412,389.99848022090373,junction
1549,558666.4489775387,4868934.017542365,389.9998941586504,junction
1550,558663.1377980332,4868935.750407831,389.99980603565666,junction
1551,558657.359802514,4868938.975765805,389.9984802079525,junction
1552,558652.816942014,4868941.380854985,389.99969922836544,junction
1553,558648.2105759296,4868943.913317829,389.99851755650684,junction
1554,558642.4978879599,4868946.948212199,389.99852343593113,junction
1555,558639.1575445661,4868948.837923814,389.9997118039327,junction
1556,558637.9283588674,4868949.492326431,389.9984192143264,junction
1557,558632.2706168782,4868952.506651909,389.9983784073784,junction
1558,558630.0193536463,4868953.761909815,389.99988203300745,junction
1559,558627.7486844499,4868955.033760289,389.9997969958637,junction
1560,558623.2438962823,4868957.380198043,389.99980427607574,junction
1561,558621.0424887027,4868958.614577296,389.99978112431756,junction
1562,558617.6926782603,4868960.480767944,389.9985296136534,junction
1563,558613.1045927197,4868963.0234215995,389.99852125753006,junction
1564,558612.0753396392,4868963.619837464,389.9998161466013,junction
1565,558607.657015871,4868965.986982098,389.99963531766605,junction
1566,558603.3146468579,4868968.374588745,389.99842241516023,junction
1567,558602.2244690278,4868969.011317205,389.9998144726437,junction
1568,558597.7141314253,4868971.388869182,389.99977778303213,junction
1569,558593.1839717112,4868973.891984851,389.9983364625189,junction
1570,558587.465473048,4868976.942971348,389.9985013554899,junction
1571,558584.1863025794,4868978.8028974915,389.99969612283894,junction
1572,558582.9265939541,4868979.475096429,389.9982303387298,junction
1573,558577.3752537293,4868982.460065994,389.9982794138389,junction
1574,558575.0261451454,4868983.752981078,389.99986240748774,junction
1575,558572.7969032354,4868984.99885758,389.999797871868,junction
1576,558568.293740643,4868987.453943917,389.99976526827874,junction
1577,558565.7559308929,4868988.768492489,389.9982909987397,junction
1578,558562.4956642481,4868990.637135396,389.99954393611296,junction
1579,558558.0803811027,4868992.986964583,389.99829535081324,junction
1580,558557.1006170618,4868993.549450835,389.9982467674229,junction
1581,558553.4658355191,4868995.488015688,389.9981493354876,junction
1582,558547.9462511458,4868998.487046379,389.99821172284976,junction
1583,558546.9048491108,4868999.088411355,389.9983984136535,junction
1584,558543.4318286222,4869000.951334463,389.99812643875646,junction
1585,558537.6964025091,4869004.052728329,389.9981014410849,junction
1586,558533.4565624214,4869006.480440193,389.99804636625373,junction
1587,558529.0915869615,4869008.83490358,389.9997356839754,junction
1588,558527.8904238289,4869009.482264896,389.99804590111853,junction
1589,558522.3863894664,4869012.502241774,389.9981225567867,junction
1590,558520.1627322587,4869013.688712853,389.998054206695,junction
1591,558518.089127026,4869014.850962066,389.99803707346473,junction
1592,558512.5806413537,4869017.854679358,389.99809665413454,junction
1593,558510.3521484311,4869019.040686656,389.99802359401133,junction
1594,558508.2758998653,4869020.20550863,389.9980051267573,junction
1595,558502.7696633177,4869023.197313985,389.9980700025147,junction
1596,558501.842043496,4869023.7447524145,389.99962707767617,junction
1597,558498.4581758194,4869025.550602863,389.9979722468368,junction
1598,558492.9553902509,4869028.533573026,389.9979685462858,junction
1599,558487.7814297478,4869031.459069871,389.9995446781694,junction
1600,558483.153732575,4869033.889816274,389.9979360567958,junction
1601,558477.969879925,4869036.801329054,389.9995373565967,junction
1602,558474.639302947,4869038.565557597,389.99786003946286,junction
1603,558473.3431216112,4869039.230827549,389.99790279680303,junction
1604,558468.1587574581,4869042.143722975,389.99825103622817,junction
1605,558464.8312581712,4869043.894401378,389.99782726586756,junction
1606,558462.5916010273,4869045.121006249,389.99948964907225,junction
1607,558458.317074424,4869047.497627798,389.9982093097597,junction
1608,558455.9730395648,4869048.65475975,389.9945564048108,junction
1609,558452.8944092942,4869050.499754251,389.98040159872744,junction
1610,558447.3636829524,4869053.493992507,389.9490010389366,junction
1611,558446.2699265656,4869054.01695314,389.9395244978497,junction
1612,558443.1127003288,4869055.872883915,389.91383265409826,junction
1613,558437.5940192871,4869058.898177743,389.85519077769794,junction
1614,558433.3582825471,4869061.283191525,389.8002226648681,junction
1615,558429.0285121824,4869063.805510223,389.7350234461343,junction
1616,558427.8783181596,4869064.411631812,389.7208125068738,junction
1617,558423.4399134759,4869066.8422408085,389.65042893377347,junction
1618,558420.063472137,4869068.783647293,389.59530471165607,junction
1619,558417.8880724509,4869069.972579351,389.5588872708366,junction
1620,558413.2268671639,4869072.514781061,389.4791825154521,junction
1621,558410.8221365394,4869073.839847175,389.4392218109642,junction
1622,558407.7698957808,4869075.581729087,389.3830394424559,junction
1623,558403.2746305927,4869078.06356652,389.3026274007615,junction
1624,558402.199122925,4869078.697290507,389.2823009226255,junction
1625,558398.4798749676,4869080.717113461,389.2168027169366,junction
1626,558392.7214921544,4869083.873154113,389.10897469856104,junction
1627,558388.2077053108,4869086.318598069,389.02488553429373,junction
1628,558383.7490103557,4869088.761787606,388.940903714356,junction
1629,558382.6101510271,4869089.395816783,388.9203958343831,junction
1630,558378.0039755262,4869091.994044967,388.83656628934295,junction
1631,558374.6013005597,4869093.867596812,388.77590021450334,junction
1632,558373.1628634011,4869094.651688106,388.74919471236734,junction
1633,558367.6026066974,4869097.693882637,388.6490913760625,junction
1634,558365.4553513629,4869098.879139896,388.6119105867614,junction
1635,558363.3886342671,4869100.101576698,388.57604458316194,junction
1636,558357.8709991565,4869103.103349475,388.4811251282545,junction
1637,558356.996356267,4869103.631563873,388.4659297871471,junction
1638,558352.6311049666,4869106.010240544,388.3954466845637,junction
1639,558347.8686867667,4869108.628701951,388.3196959625433,junction
1640,558343.3972757168,4869111.134546128,388.24841070772555,junction
1641,558338.8710828583,4869113.528777265,388.1786578621207,junction
1642,558337.7934042023,4869114.177334076,388.1635300457774,junction
1643,558333.1595101259,4869116.734391821,388.09462924814824,junction
1644,558328.9143280054,4869119.065824347,388.02898744837233,junction
1645,558327.9062091094,4869119.677186891,388.0171036823573,junction
1646,558323.3198723515,4869122.182993871,387.9538272945866,junction
1647,558320.0923204994,4869123.984429524,387.9062852210162,junction
1648,558317.8649171796,4869125.148374831,387.8774047358215,junction
1649,558313.2458466571,4869127.7753689615,387.8130027999616,junction
1650,558310.8278449329,4869129.038524364,387.7800757090684,junction
1651,558307.5891707222,4869130.819982354,387.738980954434,junction
1652,558303.0193138529,4869133.369952402,387.68282732342857,junction
1653,558302.1678387587,4869133.837540017,387.6700319412597,junction
1654,558297.7393594934,4869136.280080155,387.61502506039704,junction
1655,558293.019517339,4869138.861875583,387.56149345727636,junction
1656,558287.5092712353,4869141.898839164,387.49350219746293,junction
1657,558284.2866277348,4869143.7779723,387.4508631990863,junction
1658,558283.1112825883,4869144.3747068485,387.4391038944527,junction
1659,558277.4675208386,4869147.394762567,387.3784873843948,junction
1660,558275.3626154397,4869148.574606243,387.35309709959904,junction
1661,558273.2536113898,4869149.75884711,387.3290000399382,junction
1662,558267.6096419146,4869152.8520312775,387.26901405053553,junction
1663,558265.5048521896,4869154.019701185,387.2458325879172,junction
1664,558263.3699993312,4869155.177666015,387.2235812179832,junction
1665,558257.8006848365,4869158.19665564,387.1695432421477,junction
1666,558256.9437812705,4869158.683578715,387.1581349578282,junction
1667,558252.6318779101,4869161.111571587,387.1145828956674,junction
1668,558248.018740663,4869163.593050095,387.067741736706,junction
1669,558242.4884478176,4869166.655667291,387.01842432203983,junction
1670,558239.143102786,4869168.511616786,386.9838541473048,junction
1671,558237.984852547,4869169.10743226,386.97516340262075,junction
1672,558232.7499178803,4869171.949751236,386.9246711058047,junction
1673,558229.4088617463,4869173.824020369,386.8950585413328,junction
1674,558228.266906856,4869174.410312882,386.8861894376239,junction
1675,558222.9595010037,4869177.280088332,386.83901395693607,junction
1676,558220.5133749733,4869178.7104367195,386.81721938531695,junction
1677,558218.4909468751,4869179.804825286,386.79704561589796,junction
1678,558213.1829092856,4869182.625999254,386.75671131788863,junction
1679,558210.8499550734,4869183.96891566,386.73567810516323,junction
1680,558207.9596973596,4869185.58374118,386.71461046472325,junction
1681,558203.4284514233,4869188.009133865,386.675748246578,junction
1682,558202.3903599803,4869188.618272834,386.6701353874088,junction
1683,558198.1312201899,4869191.004018378,386.634260094876,junction
1684,558192.6453067455,4869194.049622842,386.5561439954801,junction
1685,558188.3766402339,4869196.422881296,386.4772184760336,junction
1686,558183.9590697571,4869198.837507796,386.38727634841473,junction
1687,558182.9110295295,4869199.448545132,386.3711050222825,junction
1688,558177.3342696255,4869202.522247076,386.23716295519074,junction
1689,558175.2569245696,4869203.680507755,386.18581567509204,junction
1690,558173.1915872089,4869204.910535263,386.1285934587364,junction
1691,558167.4952508053,4869208.033779578,385.98193444182397,junction
1692,558166.6281213445,4869208.56527477,385.9566378438721,junction
1693,558163.4570083487,4869210.359594393,385.86416911440455,junction
1694,558157.7933116431,4869213.53138606,385.7015133226677,junction
1695,558152.4892679732,4869216.384568604,385.5444289241535,junction
1696,558148.0148567802,4869218.954217235,385.4124050505977,junction
1697,558142.547477546,4869221.922944125,385.24884025372864,junction
1698,558139.5193114216,4869223.659941665,385.15961078734966,junction
1699,558138.2089170937,4869224.360913271,385.1202160063536,junction
1700,558132.7206794997,4869227.383676704,384.9579899577457,junction
1701,558130.63770824,4869228.636653355,384.89850427165595,junction
1702,558128.3998487105,4869229.823555467,384.8355662228551,junction
1703,558122.6538786192,4869232.995771758,384.67143514178485,junction
1704,558121.789862471,4869233.54989446,384.6483834723344,junction
1705,558117.2498440021,4869236.00166734,384.52397698349137,junction
1706,558112.840344551,4869238.490652456,384.40138464631633,junction
1707,558111.9275654051,4869239.02004857,384.37480760099464,junction
1708,558107.3693558214,4869241.506054984,384.2604506184783,junction
1709,558102.9291359596,4869244.0087755285,384.14497886037975,junction
1710,558097.3789743359,4869247.142961682,384.0078767343988,junction
1711,558094.4365479889,4869248.7031101035,383.92991516308985,junction
1712,558093.1838083924,4869249.428087812,383.89929276510696,junction
1713,558087.4746004915,4869252.5586718675,383.75649915975055,junction
1714,558085.4297051659,4869253.756660709,383.7069210480023,junction
1715,558083.282970738,4869255.000918847,383.6609171333001,junction
1716,558077.4962037469,4869258.090258514,383.5243366543872,junction
1717,558076.4830473786,4869258.620018708,383.50189881132616,junction
1718,558073.3057394004,4869260.452056714,383.4315542601936,junction
1719,558067.7694162701,4869263.530227471,383.3022744703645,junction
1720,558063.3130651476,4869266.091252243,383.20415063524536,junction
1721,558057.8898729534,4869269.072843396,383.08970350438295,junction
1722,558052.2132211274,4869272.199676749,382.97217739708464,junction
1723,558048.0498076448,4869274.480500891,382.8909620916131,junction
1724,558042.4346218624,4869277.6054795515,382.778753438618,junction
1725,558040.3183009871,4869278.701235463,382.73344612627847,junction
1726,558038.2053498126,4869279.915018949,382.6971404734107,junction
1727,558032.4816106436,4869283.113295583,382.56432752169803,junction
1728,558031.2022058951,4869283.794071656,382.5266418363795,junction
1729,558028.9895700233,4869285.051736514,382.46838863422266,junction
1730,558028.292578226,4869285.509293894,382.4497535063449,junction
1731,558022.674148307,4869288.600879572,382.2686829529794,junction
1732,558018.3367881007,4869291.116082933,382.10531503678357,junction
1733,558012.8046031552,4869294.201418419,381.89977767451194,junction
1734,558008.4743544171,4869296.626353374,381.71536398015803,junction
1735,558002.7355969159,4869299.9175381,381.4748439409616,junction
1736,557998.1691844686,4869302.4927561,381.27912000305264,junction
1737,557992.7603225998,4869305.5153379915,381.03420885206407,junction
1738,557987.9624844185,4869308.22172186,380.80234753086626,junction
1739,557982.469926981,4869311.346266429,380.54524819778624,junction
1740,557978.0877479451,4869313.89384091,380.3346596314835,junction
1741,557972.3020855743,4869317.16005262,380.05571760336943,junction
1742,557967.917246443,4869319.680025265,379.8579003619949,junction
1743,557962.4873958435,4869322.768795064,379.6121480075792,junction
1744,557958.0589141836,4869325.229005183,379.417490034547,junction
1745,557948.1041661882,4869330.853139016,379.0183975302803,junction
1746,557938.0345432068,4869336.6550796535,378.62828112213344,junction
1747,557928.1701473111,4869342.242361472,378.25401771659745,junction
1748,557917.8328512041,4869348.05449814,377.8801382432645,junction
1749,557912.0685698693,4869351.272763295,377.67845300277065,junction
1750,557907.9232068977,4869353.7375803795,377.5324852247176,junction
1751,557902.2561644648,4869356.875598921,377.3453942379268,junction
1752,557892.3467930058,4869362.573035408,377.02911085553495,junction
1753,557882.7135451142,4869368.144477819,376.73593731175924,junction
1754,557878.176477851,4869370.7831682535,376.6055788502587,junction
1755,557867.1327457572,4869377.180232595,376.28923203737975,junction
1756,557857.480163093,4869382.746804155,376.03438071318214,junction
1757,557847.9083945728,4869388.390774168,375.79887843363827,junction
1758,557831.9443969431,4869397.640335732,375.5053596024706,junction
1759,557822.5071798471,4869403.155584689,375.36861576288976,junction
1760,558522.0,4867747.0,393.1099853515625,inlet
1761,558520.6381019268,4867750.049495891,393.077340608511,junction
1762,558518.8753721914,4867753.999526021,393.03419557620595,junction
1763,558518.2270517283,4867755.482965967,393.02325171443414,junction
1764,558516.3628163511,4867759.753046311,392.97207011739897,junction
1765,558514.5319143123,4867763.985168363,392.92598525896176,junction
1766,558513.4813367509,4867766.372058759,392.89591724129565,junction
1767,558512.0269554373,4867769.716863171,392.8588528075597,junction
1768,558510.1535643883,4867774.05467821,392.80537643284583,junction
1769,558508.3174687732,4867778.2219113475,392.75249933683165,junction
1770,558507.8957713514,4867779.217296408,392.74972934251286,junction
1771,558505.5985387369,4867784.489418413,392.68813586415854,junction
1772,558503.4488160721,4867789.444970327,392.6392087048216,junction
1773,558501.1679367637,4867794.747592948,392.57759665875346,junction
1774,558499.4248657437,4867798.680058725,392.5333836556442,junction
1775,558498.3997886535,4867801.009221909,392.5090193755317,junction
1776,558497.9105414284,4867802.172647058,392.4957240691051,junction
1777,558496.7014742038,4867804.9910470145,392.46370753879785,junction
1778,558495.0866185211,4867808.764512376,392.42053145306886,junction
1779,558493.4987628936,4867812.413796412,392.38692699819984,junction
1780,558493.0039865036,4867813.584653316,392.37305527732326,junction
1781,558490.6916606927,4867818.991418089,392.3110791864457,junction
1782,558488.6136978774,4867823.773358296,392.2629611697434,junction
1783,558488.0562496502,4867825.002553153,392.2473180374164,junction
1784,558486.4823929411,4867828.601618045,392.2152164470015,junction
1785,558484.2925360326,4867833.686782457,392.1602851389113,junction
1786,558483.3232778949,4867836.001166788,392.13382044288966,junction
1787,558481.6878647334,4867839.709441158,392.0954720758474,junction
1788,558479.5534905257,4867844.398685125,392.047788259071,junction
1789,558478.009873811,4867848.117458823,392.008268523426,junction
1790,558477.5779822924,4867849.182613428,391.99976175227516,junction
1791,558475.3872063713,4867854.184830875,391.94552048894536,junction
1792,558473.3626833291,4867858.872052758,391.8969183770821,junction
1793,558471.2146457925,4867863.803524969,391.8497824686324,junction
1794,558469.1746272368,4867868.6496137995,391.79528868367964,junction
1795,558468.1097336536,4867871.048972325,391.76744594865204,junction
1796,558466.4945905919,4867874.632037686,391.73535895748677,junction
1797,558464.4832663072,4867879.400949427,391.6864232099754,junction
1798,558462.9000737546,4867883.083162044,391.6450167122353,junction
1799,558462.3567731063,4867884.299965471,391.631377807357,junction
1800,558460.3050627705,4867889.103365456,391.5857150135426,junction
1801,558458.2100623051,4867893.854022238,391.5380075452254,junction
1802,558456.2662627059,4867898.579104351,391.4927580296454,junction
1803,558454.0469317492,4867903.541864407,391.44113136831464,junction
1804,558453.0190993487,4867905.823344334,391.42665383085864,junction
1805,558451.4614599302,4867909.627483642,391.387855039581,junction
1806,558449.4551427257,4867914.2109520165,391.33713131659124,junction
1807,558448.4845944807,4867916.500932081,391.3126713325096,junction
1808,558447.4463036841,4867918.812920471,391.29327997923826,junction
1809,558445.3088027571,4867923.787326988,391.24615473718075,junction
1810,558443.324302172,4867928.483731358,391.1957506779147,junction
1811,558442.7428045932,4867929.741354184,391.1805552904085,junction
1812,558440.7185160054,4867934.300918866,391.14464313127166,junction
1813,558438.7919743984,4867938.917416455,391.0975291022271,junction
1814,558438.2798573261,4867940.066758334,391.0857338839852,junction
1815,558436.7943625478,4867943.5337042585,391.0529983845139,junction
1816,558434.2412165442,4867949.35281978,390.99982528967473,junction
1817,558433.1762655956,4867951.816048601,390.9737902023846,junction
1818,558432.2042323635,4867954.023967291,390.95435036301865,junction
1819,558430.1454905713,4867958.922637784,390.90569758194994,junction
1820,558428.1157959428,4867963.61618755,390.865974100878,junction
1821,558425.4723166295,4867969.690462091,390.8040072750874,junction
1822,558423.4953496276,4867974.301797534,390.762172047055,junction
1823,558421.4506008294,4867978.919514691,390.719094084434,junction
1824,558419.3909436531,4867983.8119594185,390.6747846498987,junction
1825,558418.3228817398,4867986.132899357,390.65221039835745,junction
1826,558416.9242837236,4867989.4803046435,390.62246061699545,junction
1827,558414.8654929067,4867994.179869901,390.58151703729715,junction
1828,558413.43741055,4867997.565344422,390.5448615401806,junction
1829,558412.9579516894,4867998.739794565,390.5352515715812,junction
1830,558410.3038041015,4868004.622647449,390.4777296594947,junction
1831,558408.3619384456,4868009.252120433,390.4362031412618,junction
1832,558406.3206384253,4868013.861516062,390.3926060564301,junction
1833,558404.177063356,4868018.670090146,390.3422936292898,junction
1834,558403.2249877772,4868020.952643684,390.32928940324723,junction
1835,558401.7004976384,4868024.517502375,390.2968092197578,junction
1836,558399.5438046494,4868029.28374225,390.244661335303,junction
1837,558398.1105167603,4868032.806424033,390.2123640445921,junction
1838,558397.6467843875,4868033.824856808,390.20730329495336,junction
1839,558395.5866960653,4868038.5297102025,390.16416544060263,junction
1840,558393.135442445,4868044.252668825,390.1111670404877,junction
1841,558391.0262688191,4868049.094397812,390.0711591665162,junction
1842,558388.9764339987,4868053.669601922,390.02768082048283,junction
1843,558387.951444532,4868056.05011784,390.0089179424518,junction
1844,558386.5150896067,4868059.426156478,389.9776803766148,junction
1845,558384.4512323845,4868064.055416173,389.9357876237027,junction
1846,558383.4577814419,4868066.344989146,389.91705778191215,junction
1847,558382.4723544808,4868068.718605363,389.8927715673294,junction
1848,558379.8007682543,4868074.59875614,389.8433701785783,junction
1849,558378.2245398416,4868078.28792089,389.81046087792527,junction
1850,558377.8125148974,4868079.309198508,389.80175541129836,junction
1851,558375.7894305007,4868084.088858607,389.7599404634316,junction
1852,558373.7383824745,4868088.741235113,389.72004909322925,junction
1853,558373.1876831744,4868089.976142317,389.7093797044215,junction
1854,558371.2605243387,4868094.504742206,389.67212529508197,junction
1855,558369.132227267,4868099.22088374,389.6323313460658,junction
1856,558368.2083287644,4868101.433504729,389.61179854042973,junction
1857,558367.2037332128,4868103.747952726,389.5960268039723,junction
1858,558364.6676276949,4868109.659107343,389.5381349567189,junction
1859,558363.150208004,4868113.115486836,389.51625600723605,junction
1860,558362.6900058845,4868114.208037325,389.50692445682836,junction
1861,558360.5692289673,4868118.975796292,389.4601781089723,junction
1862,558358.5529150917,4868123.666906222,389.4255232717457,junction
1863,558358.045147393,4868124.918073362,389.41092349103326,junction
1864,558355.9767858346,4868129.368637711,389.3750977029256,junction
1865,558353.9596767557,4868134.144077655,389.3347473639051,junction
1866,558352.9744499783,4868136.336042632,389.31889807312837,junction
1867,558351.9632101612,4868138.641159473,389.3012493669529,junction
1868,558349.4520879361,4868144.564011235,389.25280225122776,junction
1869,558348.4994142799,4868146.786473057,389.2346515479802,junction
1870,558347.4469077865,4868149.099799503,389.215464156543,junction
1871,558345.3975756064,4868153.779048641,389.1800641568534,junction
1872,558343.4864025965,4868158.245193785,389.14143894073044,junction
1873,558343.022054176,4868159.351796754,389.1306867712211,junction
1874,558340.9365097353,4868164.130874826,389.0885928408903,junction
1875,558338.7671094269,4868169.058279602,389.05592481353796,junction
1876,558338.3757601569,4868170.114507606,389.0407759250189,junction
1877,558336.3885070167,4868174.520064002,389.00357497773666,junction
1878,558334.2690326964,4868179.290646403,388.97410520794324,junction
1879,558333.338253173,4868181.510270069,388.9521561155789,junction
1880,558332.3291061564,4868183.605215442,388.93369330222293,junction
1881,558329.8270805915,4868189.5484107025,388.8882580926513,junction
1882,558328.3059069265,4868192.9025319815,388.86394497447344,junction
1883,558327.8274619835,4868193.838229053,388.85478264033594,junction
1884,558325.3170548959,4868199.7737965435,388.8078991833479,junction
1885,558323.4355097674,4868204.116707975,388.76950260588785,junction
1886,558321.4400397198,4868208.654364414,388.73718608341574,junction
1887,558319.2930954719,4868213.5623523425,388.69407424884514,junction
1888,558318.3017663121,4868215.8291548425,388.680365547904,junction
1889,558316.7161299657,4868219.39331453,388.6508308309558,junction
1890,558314.8176589496,4868223.840911828,388.6106182612396,junction
1891,558313.2914977415,4868227.295978205,388.5882639950497,junction
1892,558312.6909927498,4868228.5574233355,388.57750961666443,junction
1893,558310.2429202773,4868234.1949051535,388.5309094144624,junction
1894,558308.3275057015,4868238.689309054,388.4953773920923,junction
1895,558305.7296814076,4868244.487188756,388.4524810148629,junction
1896,558303.8039784074,4868248.911613064,388.4201241911102,junction
1897,558303.3207931026,4868250.084631454,388.41344979598114,junction
1898,558301.3302843239,4868254.507553613,388.3839244800262,junction
1899,558299.2880560809,4868259.299069866,388.34290498400145,junction
1900,558298.2890881847,4868261.573939104,388.32900302722055,junction
1901,558297.3078611712,4868263.71074949,388.3118207908258,junction
1902,558294.748947921,4868269.575135347,388.2662011817434,junction
1903,558293.1442252834,4868273.136980703,388.24039459327304,junction
1904,558292.7148237149,4868274.207081476,388.23638578705487,junction
1905,558290.5900461052,4868278.910860773,388.1936408045595,junction
1906,558288.5816510305,4868283.603184735,388.1645178326056,junction
1907,558288.1979925814,4868284.643757226,388.159544766228,junction
1908,558286.0623692345,4868289.1272084275,388.12188792558123,junction
1909,558284.1449868425,4868293.761465554,388.08643454064605,junction
1910,558283.1466485388,4868296.081617468,388.06635726406,junction
1911,558281.570906029,4868299.3372453535,388.04567982325585,junction
1912,558279.6769355796,4868303.783628006,388.0160546426383,junction
1913,558278.216733438,4868307.238925947,387.9834901889376,junction
1914,558277.6048753314,4868308.519384922,387.9735476409971,junction
1915,558275.0682741046,4868314.285038527,387.9379432300008,junction
1916,558272.9955807129,4868318.864497925,387.90257374307186,junction
1917,558270.5081326176,4868324.711079876,387.86540761326387,junction
1918,558268.5526775826,4868329.226580647,387.82731580776084,junction
1919,558268.0110028151,4868330.482658247,387.82071479835884,junction
1920,558266.4633712246,4868333.952990608,387.8037852865514,junction
1921,558264.3742948072,4868338.679421469,387.7640210616005,junction
1922,558263.3370877847,4868341.169886815,387.7504482783973,junction
1923,558261.8881566982,4868344.505441505,387.72374319237133,junction
1924,558259.7282030735,4868349.259326582,387.69009714413085,junction
1925,558258.2549836059,4868352.78191495,387.6695423594509,junction
1926,558257.771763251,4868353.8260578485,387.65933969514276,junction
1927,558255.2541114381,4868359.599351011,387.6190163502213,junction
1928,558253.2774441047,4868364.000168687,387.58851763795343,junction
1929,558251.3030128838,4868368.577209906,387.55447328128935,junction
1930,558248.6582229839,4868374.531544059,387.52389544294397,junction
1931,558247.9964696233,4868376.035402877,387.5175840284273,junction
1932,558247.0336637751,4868378.107415499,387.49377777748657,junction
1933,558246.5496936131,4868379.29128998,387.48305426010165,junction
1934,558244.5256481421,4868383.762578868,387.4641583593417,junction
1935,558243.1153027242,4868387.2077392945,387.4400940436885,junction
1936,558242.005853939,4868389.529208159,387.41953859231506,junction
1937,558239.9543630565,4868394.294118272,387.3905035361093,junction
1938,558238.4358018833,4868397.820882669,387.3730962239959,junction
1939,558237.9265142861,4868398.825241665,387.3620805554446,junction
1940,558235.333876766,4868404.833047191,387.3276894803527,junction
1941,558233.4025390911,4868409.127904864,387.2947519615124,junction
1942,558231.3731462399,4868413.906342379,387.26210511704994,junction
1943,558229.234510502,4868418.663518857,387.2354749398337,junction
1944,558228.1575061345,4868421.092586726,387.214315970191,junction
1945,558226.6901044619,4868424.441044879,387.1992060598144,junction
1946,558224.634547404,4868429.24485719,387.164526146803,junction
1947,558223.0551173753,4868432.671687163,387.1482944824243,junction
1948,558222.5752354771,4868433.712799788,387.13918096933986,junction
1949,558219.9924769053,4868439.671883492,387.10152698677297,junction
1950,558218.4656814361,4868442.950203319,387.0859987121213,junction
1951,558218.0249733625,4868444.031443896,387.07111831188774,junction
1952,558216.0240587394,4868448.7428457,387.0447524604255,junction
1953,558213.8173869936,4868453.528783778,387.01255607077843,junction
1954,558213.4401436584,4868454.500886165,387.0056642428428,junction
1955,558211.3270810923,4868459.259545107,386.97840867375584,junction
1956,558209.231215482,4868464.071250221,386.9437057441508,junction
1957,558208.1837858438,4868466.32163057,386.9366067834245,junction
1958,558207.2383468482,4868468.551218937,386.9231067493306,junction
1959,558204.5748069831,4868474.567998167,386.88539974351704,junction
1960,558202.8938227914,4868478.143513235,386.8580679891116,junction
1961,558202.5428154563,4868479.099464739,386.8518412391979,junction
1962,558200.4572176023,4868483.869230405,386.82348380478084,junction
1963,558198.3158836833,4868488.6554235285,386.78487447766923,junction
1964,558195.8361604552,4868494.362045778,386.7533967761535,junction
1965,558193.6689921186,4868499.148537854,386.72565202033405,junction
1966,558193.1548136793,4868500.209496276,386.716457563923,junction
1967,558191.6852946929,4868503.713897219,386.69904309310635,junction
1968,558189.00065014,4868509.609508095,386.65473234848685,junction
1969,558188.3607165493,4868510.903525366,386.65270647382226,junction
1970,558187.0014165406,4868514.12827329,386.62952013806864,junction
1971,558184.994496581,4868518.645246844,386.59350987796626,junction
1972,558183.4915427964,4868522.110485879,386.57068402027306,junction
1973,558182.3228787385,4868524.55801216,386.5497472227571,junction
1974,558180.3033635583,4868529.136387522,386.5206662961529,junction
1975,558178.1609412114,4868533.91390469,386.48965666500794,junction
1976,558176.0979573401,4868538.606867911,386.4683868388591,junction
1977,558173.4902301504,4868544.3763945885,386.43189544924553,junction
1978,558171.3568116623,4868549.143243648,386.41704129182045,junction
1979,558169.1892859221,4868553.997644887,386.397692889206,junction
1980,558168.2033599078,4868556.34077746,386.39204616179626,junction
1981,558167.2303081034,4868558.560211738,386.3848585293958,junction
1982,558164.5050385039,4868564.499984574,386.36221027333914,junction
1983,558162.9637536189,4868568.168794636,386.3485541803873,junction
1984,558162.5525457431,4868569.092690524,386.34657909467285,junction
1985,558160.4163712086,4868573.714014039,386.32927306248905,junction
1986,558158.388685066,4868578.381305663,386.3138805729406,junction
1987,558157.9854467079,4868579.282499647,386.31207783097796,junction
1988,558155.8908206709,4868583.931182415,386.29660921400193,junction
1989,558153.7209159321,4868588.865607373,386.2809920633001,junction
1990,558153.210008507,4868590.036775389,386.27785742549327,junction
1991,558151.2133658456,4868594.537174469,386.2612213655223,junction
1992,558149.1306261823,4868599.261769797,386.24671608240317,junction
1993,558148.1626911581,4868601.475165778,386.23923568644113,junction
1994,558147.2484460791,4868603.683202214,386.233788329394,junction
1995,558144.5898175016,4868609.471270986,386.21493055441783,junction
1996,558143.1980402585,4868612.770365795,386.2052222836348,junction
1997,558142.6886930856,4868613.871592224,386.20295492615304,junction
1998,558140.0477827946,4868619.679495186,386.18116329809686,junction
1999,558138.0915644581,4868624.189310892,386.1685370417471,junction
2000,558135.963520898,4868628.856866339,386.1525091734097,junction
2001,558133.7433390607,4868633.888534223,386.1399233597165,junction
2002,558133.265926547,4868635.026038427,386.13203690334274,junction
2003,558131.0720837486,4868639.823071934,386.1213268997735,junction
2004,558129.1571178476,4868644.316283598,386.10599086029475,junction
2005,558128.1112150545,4868646.563011179,386.09479066847433,junction
2006,558127.125722833,4868648.890245289,386.09110465686916,junction
2007,558124.8401404864,4868653.934529052,386.07837086988513,junction
2008,558123.3624388617,4868657.351191915,386.0664842825888,junction
2009,558122.7477539835,4868658.62415261,386.06281656181363,junction
2010,558120.0480515264,4868664.648333277,386.0475503649658,junction
2011,558118.0737034495,4868669.186136393,386.0300204736947,junction
2012,558116.0091723372,4868673.778542623,386.01790109001183,junction
2013,558113.7071698066,4868678.852855079,386.00160628288603,junction
2014,558113.3041356254,4868679.823179362,385.9998444856206,junction
2015,558111.1089612206,4868684.785387807,385.98765355224447,junction
2016,558109.0972013784,4868689.245708291,385.97441445043455,junction
2017,558108.1459842997,4868691.444708725,385.9658117531687,junction
2018,558107.2104437276,4868693.641272557,385.9626430932432,junction
2019,558104.558410321,4868699.469947073,385.9425243510345,junction
2020,558102.9467659632,4868703.127530713,385.9365562680188,junction
2021,558102.5458955055,4868704.057266086,385.93125085429745,junction
2022,558100.385687145,4868708.806425787,385.9149651857884,junction
2023,558098.2296113389,4868713.661144833,385.9050952878455,junction
2024,558095.4899684356,4868719.676082541,385.8849118722098,junction
2025,558093.4920092507,4868724.371106508,385.87471554605185,junction
2026,558091.4318305227,4868728.932570892,385.8608890406702,junction
2027,558089.2003355309,4868733.969028149,385.8482869673899,junction
2028,558088.2084300818,4868736.173890973,385.8443394910458,junction
2029,558086.8796721931,4868739.139437549,385.8326823469378,junction
2030,558084.5927119941,4868744.232505023,385.82121000511637,junction
2031,558083.1796594644,4868747.497530508,385.8137986191309,junction
2032,558082.5596956474,4868748.793645963,385.8071754451175,junction
2033,558079.9406031343,4868754.649248763,385.7940106001774,junction
2034,558078.4895189136,4868757.900328001,385.7835124434725,junction
2035,558077.9778720019,4868759.092061788,385.78167349875133,junction
2036,558075.7624570121,4868763.972521918,385.76981426272624,junction
2037,558073.733741298,4868768.521758641,385.7542250461038,junction
2038,558073.3045955265,4868769.563694251,385.7503598131918,junction
2039,558071.2268440579,4868774.2200378515,385.74359710304645,junction
2040,558069.1821789213,4868778.728155188,385.72933121607355,junction
2041,558068.1065504216,4868781.131009345,385.72505588151887,junction
2042,558066.646366665,4868784.420491535,385.7193403125485,junction
2043,558064.5297040362,4868789.084510124,385.7053302448227,junction
2044,558063.161921095,4868792.348213167,385.6973546251795,junction
2045,558062.5897039598,4868793.553547797,385.6941900669104,junction
2046,558059.9447677911,4868799.278009861,385.68021249875915,junction
2047,558057.9881026119,4868803.741317955,385.6705900837512,junction
2048,558055.3362092051,4868809.5458970675,385.6513253060047,junction
2049,558053.3503459106,4868814.137206946,385.6345696385277,junction
2050,558051.4146571123,4868818.50904763,385.6107807874576,junction
2051,558048.7763816182,4868824.337027033,385.56912062213235,junction
2052,558048.1135309761,4868825.749888632,385.5557885382959,junction
2053,558046.8055598725,4868828.688354997,385.5282288829645,junction
2054,558044.1741460819,4868834.538110699,385.4654218749127,junction
2055,558043.223660819,4868836.809804566,385.43942806336156,junction
2056,558042.1910409735,4868838.854481569,385.41470529487884,junction
2057,558040.0302867512,4868843.648928257,385.3471614406048,junction
2058,558037.8669900796,4868848.476647999,385.2793179775449,junction
2059,558037.4356734185,4868849.3410080075,385.26401285976505,junction
2060,558035.1831427405,4868854.4609613,385.1836335402788,junction
2061,558033.1310022353,4868858.9006930655,385.11244336223666,junction
2062,558030.9855558778,4868863.695920403,385.0260826231423,junction
2063,558028.7097616694,4868868.701010156,384.93714896017855,junction
2064,558028.2824649808,4868869.565705764,384.9180085869687,junction
2065,558026.2479957992,4868874.088547244,384.83937321782133,junction
2066,558024.1294981485,4868878.888071044,384.7459351376924,junction
2067,558023.062051394,4868881.170171763,384.6973274321767,junction
2068,558021.3931227559,4868884.988758146,384.6243501992004,junction
2069,558019.3343929881,4868889.438904758,384.5365159482324,junction
2070,558018.246460084,4868891.806178095,384.48871609963703,junction
2071,558017.1542730172,4868894.210809083,384.44252621518376,junction
2072,558014.8720184263,4868899.226653462,384.3425097886951,junction
2073,558013.476550222,4868902.338426075,384.28932263754683,junction
2074,558012.9092001781,4868903.615883368,384.2624734214484,junction
2075,558010.2135115349,4868909.52525197,384.1474652974466,junction
2076,558008.2037397228,4868914.003936088,384.06749613976876,junction
2077,558006.033642598,4868918.741375297,383.9780337695281,junction
2078,558003.7375674158,4868923.779523388,383.8853608676381,junction
2079,558003.3690819067,4868924.690235566,383.86942416438194,junction
2080,558001.1616451958,4868929.627661636,383.7843476013964,junction
2081,557999.0568148775,4868934.281862085,383.6964564546034,junction
2082,557998.4480849318,4868935.585496005,383.6758926886987,junction
2083,557996.9057224635,4868939.108495697,383.6184172686062,junction
2084,557994.57268599,4868944.1569628315,383.53094072710155,junction
2085,557993.0591957449,4868947.532104026,383.4765883685977,junction
2086,557992.5370220041,4868948.683880566,383.4599991397321,junction
2087,557989.8373612808,4868954.641870633,383.3557164359815,junction
2088,557988.1348424252,4868958.497710411,383.2945533492718,junction
2089,557987.7053596101,4868959.460331424,383.27386626259613,junction
2090,557985.369880471,4868964.485675793,383.1968847833183,junction
2091,557983.370951019,4868968.953470908,383.1319275741735,junction
2092,557980.7185093054,4868974.796141755,383.03555502909876,junction
2093,557979.0195665966,4868978.517313198,382.97742973164424,junction
2094,557977.9281184468,4868980.797141647,382.9419213283296,junction
2095,557976.5205938219,4868984.066479207,382.8971277870485,junction
2096,557974.2687754091,4868989.039745921,382.82037912650776,junction
2097,557973.2333166954,4868991.232929041,382.79130907139694,junction
2098,557971.5096126493,4868995.064044317,382.73888588131666,junction
2099,557969.4776009907,4868999.661339736,382.6666004556238,junction
2100,557968.4355853106,4869001.926275264,382.62953688126504,junction
2101,557967.3253064438,4869004.256981135,382.59184331885297,junction
2102,557965.0122787355,4869009.381936001,382.5180830573046,junction
2103,557963.9861056494,4869011.592860348,382.4923660749204,junction
2104,557963.0131619598,4869013.743474864,382.45326046299584,junction
2105,557960.3072122545,4869019.623883431,382.37168016762416,junction
2106,557958.2187763273,4869024.144267281,382.31217477703666,junction
2107,557956.0987890715,4869028.879880565,382.2437296183041,junction
2108,557953.7807255973,4869033.911518029,382.1830957718909,junction
2109,557953.2443379832,4869035.036529498,382.16338697944144,junction
2110,557951.0111564937,4869039.922924255,382.11216271849855,junction
2111,557948.956988959,4869044.432638347,382.06504150380897,junction
2112,557948.2722649988,4869045.952170692,382.05149497518164,junction
2113,557946.7769347036,4869049.188456529,382.01982986594453,junction
2114,557944.5448886867,4869054.128522811,381.97230146431025,junction
2115,557943.1068371369,4869057.41194582,381.9403208242085,junction
2116,557941.9171813397,4869059.871816441,381.921799309969,junction
2117,557939.8944865864,4869064.358831117,381.87886278937134,junction
2118,557938.4735324081,4869067.716943732,381.84521789588086,junction
2119,557937.9430880273,4869068.8836432565,381.8363389324899,junction
2120,557935.691559989,4869073.708365009,381.7928450615666,junction
2121,557933.398337524,4869078.743249331,381.7470556348973,junction
2122,557930.6374982697,4869084.7023072215,381.6719708441493,junction
2123,557928.5868095097,4869089.185972938,381.60350986360777,junction
2124,557927.875286514,4869090.777639237,381.5755370120946,junction
2125,557926.3714358871,4869094.004099198,381.5208626327129,junction
2126,557924.0391415259,4869099.111178835,381.42485357963545,junction
2127,557923.0514585951,4869101.253434216,381.38239931208676,junction
2128,557922.0106637392,4869103.551687122,381.33844702839866,junction
2129,557919.2946822293,4869109.501455016,381.2007486008082,junction
2130,557918.1657800935,4869112.000194561,381.1461792443328,junction
2131,557917.0808889351,4869114.300083169,381.0855709874947,junction
2132,557914.7489000353,4869119.360367113,380.9570651762267,junction
2133,557913.0566976805,4869122.952339137,380.8610629934,junction
2134,557912.6823868593,4869123.842692756,380.83936584395906,junction
2135,557910.0087819406,4869129.706957227,380.67442858107154,junction
2136,557908.3233105337,4869133.274472099,380.5731691741613,junction
2137,557907.9609772534,4869134.1090532215,380.54494620955313,junction
2138,557905.8355522471,4869138.7554508895,380.410353959183,junction
2139,557903.4570931287,4869143.746169991,380.2554247197051,junction
2140,557900.7234697847,4869149.793736477,380.07211941271464,junction
2141,557898.6555571452,4869154.200633199,379.93395273951654,junction
2142,557897.9713482403,4869155.671906415,379.8915607110683,junction
2143,557896.6257350838,4869158.66008689,379.8059457780781,junction
2144,557894.3379221371,4869163.555372034,379.65306987131754,junction
2145,557893.2399330002,4869165.940009097,379.58361736182405,junction
2146,557891.7878108227,4869169.070163183,379.4887142351127,junction
2147,557889.4179234146,4869174.161839723,379.3400114540178,junction
2148,557888.4318766376,4869176.420121783,379.27254209860956,junction
2149,557887.3437404835,4869178.727826821,379.19992998143,junction
2150,557884.6114430235,4869184.6133470945,379.02470137470027,junction
2151,557882.8189047229,4869188.408235204,378.9191374986284,junction
2152,557882.3918894698,4869189.356758232,378.89226188500675,junction
2153,557880.0367761012,4869194.449548827,378.74397672558337,junction
2154,557878.3889194448,4869198.03663357,378.63813569852977,junction
2155,557877.9873100808,4869198.995605874,378.61208852821153,junction
2156,557875.8056093893,4869203.592152158,378.4828472642978,junction
2157,557873.4548692283,4869208.69321097,378.34300617503857,junction
2158,557870.8998123009,4869214.254041078,378.18338237889407,junction
2159,557868.6602920132,4869219.008126088,378.0505111784251,junction
2160,557868.131258891,4869220.1196055375,378.0212602441944,junction
2161,557865.949014597,4869224.928101262,377.8997363714546,junction
2162,557864.2672518977,4869228.554601348,377.80106822161633,junction
2163,557863.151513225,4869230.911918125,377.739819337817,junction
2164,557861.7199865577,4869234.074589087,377.64768955765976,junction
2165,557859.3178834165,4869239.155079234,377.5276356294952,junction
2166,557858.2588909052,4869241.422765683,377.4715330159024,junction
2167,557857.2630752461,4869243.692841239,377.4106060445046,junction
2168,557854.6820639787,4869249.051266909,377.2807838591128,junction
2169,557853.0968026385,4869252.545557211,377.1892321212971,junction
2170,557852.592870595,4869253.645983214,377.1678023003,junction
2171,557849.776557716,4869259.632943572,377.0262530535614,junction
2172,557848.002814731,4869263.492596719,376.9414291801529,junction
2173,557847.5121435402,4869264.559026414,376.9139407677991,junction
2174,557845.1021537177,4869269.641319755,376.8032968900264,junction
2175,557843.4551615296,4869273.12190814,376.7162735521086,junction
2176,557843.0183965855,4869274.068222401,376.6906322085952,junction
2177,557840.7835697996,4869278.8303809855,376.58244388350363,junction
2178,557838.2789461091,4869284.095657154,376.4670284857051,junction
2179,557836.0319832274,4869288.867103424,376.3640107536253,junction
2180,557833.6533435566,4869294.02008168,376.2649336929464,junction
2181,557833.128058255,4869295.0579636395,376.2365210686722,junction
2182,557831.2856956067,4869298.960516259,376.16393756471473,junction
2183,557828.6249528232,4869304.544954481,376.0464755287033,junction
2184,557827.8209362935,4869306.181817818,376.0143128354848,junction
2185,557826.6760481903,4869308.662352557,375.97102527568035,junction
2186,557824.2362302108,4869313.772642939,375.8827202310136,junction
2187,557823.0565408987,4869316.28353273,375.8457826518933,junction
2188,557821.9273719303,4869318.747964291,375.81477649143,junction
2189,557819.4389999261,4869323.906631376,375.7437807630755,junction
2190,557818.2708832046,4869326.392463306,375.7125164807213,junction
2191,557817.1496377261,4869328.839067653,375.6831566582061,junction
2192,557814.565049108,4869334.233066306,375.614559236189,junction
2193,557813.3761133057,4869336.695467198,375.5851847098037,junction
2194,557812.1346763625,4869339.336896994,375.5559986458741,junction
2195,557809.8665759873,4869343.954593431,375.50199269343705,junction
2196,557808.1164779663,4869347.743419518,375.4622789293482,junction
2197,557807.4968220593,4869348.940101249,375.45142313710676,junction
2198,557804.9394760156,4869354.394039747,375.39421557921605,junction
2199,557803.0025557437,4869358.37610337,375.3590010077564,junction
2200,557802.3783165319,4869359.577711716,375.34391268934604,junction
2201,557800.480927959,4869363.690001817,375.3111031855746,junction
2202,557798.0920336033,4869368.542099496,375.26845371965896,junction
2203,557795.6308004032,4869373.666939097,375.2239188247993,junction
2204,557793.2963135495,4869378.435942022,375.189057830804,junction
2205,557792.6837370684,4869379.7803018745,375.1790994983727,junction
2206,557790.7896566862,4869383.673788153,375.1544749092932,junction
2207,557787.8933314582,4869389.773489817,375.11994542767064,junction
2208,557785.913127438,4869393.733077159,375.0957857509004,junction
2209,557780.8939415796,4869404.205291467,375.0479894793437,junction
2210,557778.6086736113,4869409.067966749,375.0288484868776,junction
2211,557776.3512949953,4869413.555066718,375.0133604353874,junction
2212,557773.6950680775,4869418.995611736,374.9999999999987,junction
2213,558345.0,4867990.0,390.6000061035156,inlet
2214,558343.5568673507,4867993.647590389,390.55727533186496,junction
2215,558343.3872336816,4867994.075817985,390.55187564790873,junction
2216,558340.9388197516,4868000.339684263,390.4673333375465,junction
2217,558339.4779503319,4868004.125732084,390.4176169443673,junction
2218,558338.3851928174,4868006.911178694,390.3797961820097,junction
2219,558337.1438488857,4868010.120053393,390.3400659102688,junction
2220,558335.4480298578,4868014.460719489,390.28482547361943,junction
2221,558333.7606818038,4868018.792575218,390.22466140298155,junction
2222,558333.1015397627,4868020.51683563,390.202390684359,junction
2223,558331.3918216922,4868024.838710461,390.1478329473278,junction
2224,558329.730198953,4868029.176674009,390.0946698078628,junction
2225,558328.0727078593,4868033.510690494,390.0425633308669,junction
2226,558325.719320088,4868039.565715195,389.9663150650612,junction
2227,558324.0686593703,4868043.903483958,389.9181821835667,junction
2228,558323.4442146628,4868045.452267636,389.8970381091425,junction
2229,558321.7427151598,4868049.820543969,389.84764759010545,junction
2230,558320.057675837,4868054.142381404,389.79765980724153,junction
2231,558318.2256942333,4868058.968318157,389.7432335157245,junction
2232,558316.2193939057,4868064.108510518,389.676044915816,junction
2233,558314.210898541,4868069.330801098,389.61836574189556,junction
2234,558313.2046792461,4868071.862592488,389.59004003274777,junction
2235,558312.2231752068,4868074.391000674,389.566815476634,junction
2236,558310.1732313583,4868079.722559741,389.51055828956595,junction
2237,558308.6974260557,4868083.535603385,389.4665183305181,junction
2238,558308.2101209423,4868084.802435722,389.45460434406766,junction
2239,558306.6798802335,4868088.770765073,389.40745714722163,junction
2240,558304.6656174571,4868093.936210566,389.36209332786444,junction
2241,558303.1303282132,4868097.803354121,389.3157720969754,junction
2242,558302.6188721283,4868099.145213763,389.3022514057258,junction
2243,558300.6699275404,4868104.351118631,389.2502023873289,junction
2244,558298.6383942344,4868109.553324678,389.19884116295026,junction
2245,558298.1330580744,4868110.883928008,389.1847747580646,junction
2246,558296.5715777375,4868114.722211993,389.1448380058038,junction
2247,558295.1275462988,4868118.5509855235,389.1032414687728,junction
2248,558293.0451293015,4868123.874390317,389.05287589083935,junction
2249,558291.091360868,4868128.92879023,389.00220757811155,junction
2250,558289.170701934,4868133.751909995,388.95450478501107,junction
2251,558288.2097256699,4868136.282944697,388.9305016025678,junction
2252,558287.2656777209,4868138.6184171885,388.90683506804044,junction
2253,558285.3425375813,4868143.637541894,388.857913797033,junction
2254,558283.4285553367,4868148.441051622,388.81505095600716,junction
2255,558282.9529779829,4868149.71514798,388.8012632904046,junction
2256,558281.3875281283,4868153.702777997,388.757380463751,junction
2257,558279.1134311589,4868159.769376112,388.70138838084375,junction
2258,558278.0668065838,4868162.376989233,388.6753434213667,junction
2259,558277.5514882228,4868163.6760705495,388.66401995468783,junction
2260,558275.1820315978,4868169.741839845,388.6085905845566,junction
2261,558273.7027242215,4868173.560218964,388.57598366463446,junction
2262,558273.2370660461,4868174.836907087,388.56326007614086,junction
2263,558271.3016084183,4868179.718892753,388.5176805685195,junction
2264,558269.3998458344,4868184.491691011,388.47398701631596,junction
2265,558268.4321935351,4868186.984444461,388.4499364376656,junction
2266,558267.48682669,4868189.448213426,388.4295236125589,junction
2267,558265.6248870334,4868194.2760834275,388.38615433808195,junction
2268,558263.737920081,4868198.961851153,388.3433512554547,junction
2269,558263.33354629,4868199.978148632,388.33496480294605,junction
2270,558261.9856033484,4868203.522887223,388.2995723628452,junction
2271,558259.5963795884,4868209.513367686,388.24766643644693,junction
2272,558258.1390892571,4868213.304777823,388.214551717097,junction
2273,558257.6632789085,4868214.529142215,388.2068827080288,junction
2274,558255.7715541444,4868219.343383398,388.1706296895133,junction
2275,558253.8160970991,4868224.196262046,388.1206217039289,junction
2276,558253.3597984109,4868225.382970752,388.11412655551305,junction
2277,558252.0913389805,4868228.784399799,388.0803320155441,junction
2278,558250.1358773882,4868233.637930937,388.041936359945,junction
2279,558248.2821539697,4868238.489758793,388.00593259164174,junction
2280,558247.8168166183,4868239.684609356,387.9925502748439,junction
2281,558245.8394736631,4868244.55151154,387.95527561311,junction
2282,558244.0079504123,4868249.3575493,387.9170479827848,junction
2283,558243.0989214452,4868251.848814,387.8934797166628,junction
2284,558242.0758049453,4868254.318849264,387.8628048389256,junction
2285,558240.1704762958,4868259.116013655,387.8244675162856,junction
2286,558238.2647924812,4868263.975711561,387.7816878942846,junction
2287,558236.4461645688,4868268.525611649,387.7420027562227,junction
2288,558234.0330504894,4868274.570480199,387.6954112437064,junction
2289,558233.1398825531,4868277.005817249,387.6694558170313,junction
2290,558232.1633028438,4868279.441074849,387.6525726913783,junction
2291,558230.1998088307,4868284.283594879,387.60929163618016,junction
2292,558228.29317713,4868289.079096746,387.57460375358903,junction
2293,558226.3867803168,4868294.039089072,387.54448623069857,junction
2294,558224.4618505297,4868298.849861851,387.50717231915485,junction
2295,558223.5250220601,4868301.18446901,387.4945328017629,junction
2296,558223.1687013144,4868302.357371797,387.4883069882719,junction
2297,558222.590552317,4868303.692005975,387.482133589532,junction
2298,558220.6425198424,4868308.670972411,387.4552498582775,junction
2299,558218.7405387752,4868313.567565753,387.4274238441151,junction
2300,558218.2447502273,4868314.807864635,387.4211797254621,junction
2301,558216.3139345379,4868319.587494037,387.39811822692235,junction
2302,558214.3727342065,4868324.512469804,387.3701851756363,junction
2303,558213.4538872152,4868327.001405882,387.3547829285516,junction
2304,558212.4628077373,4868329.49119693,387.34131125688276,junction
2305,558210.5536589471,4868334.2909923615,387.3207500450101,junction
2306,558208.8089824172,4868338.819389662,387.2967103960678,junction
2307,558208.2990087244,4868340.088748058,387.2903853477531,junction
2308,558206.8985665675,4868343.70098383,387.27271778156705,junction
2309,558204.9704395715,4868348.612100576,387.25062584176607,junction
2310,558203.0854451306,4868353.418518521,387.22336602096334,junction
2311,558202.6021707354,4868354.635099374,387.21728149781035,junction
2312,558200.726358265,4868359.500719562,387.1952339083096,junction
2313,558198.7672267025,4868364.2704700865,387.17079426183176,junction
2314,558198.2619594468,4868365.533466965,387.1645172267777,junction
2315,558196.8860379243,4868369.248666167,387.1448434792739,junction
2316,558195.0419256965,4868374.099305401,387.1250143309415,junction
2317,558193.0610447793,4868378.9805184975,387.1010543115861,junction
2318,558191.1368547062,4868383.959435805,387.07996123286927,junction
2319,558189.2683095856,4868388.79573195,387.0570249388119,junction
2320,558188.2939180229,4868391.120107268,387.046338357379,junction
2321,558187.3288530693,4868393.679898206,387.03402147194294,junction
2322,558185.3787498095,4868398.642533468,387.01222913998197,junction
2323,558183.4830862801,4868403.474064054,386.98767642772447,junction
2324,558182.9855572493,4868404.707313437,386.98176545263755,junction
2325,558181.0991596984,4868409.649065586,386.9619940671886,junction
2326,558179.2123547626,4868414.48214523,386.9419883181827,junction
2327,558178.2850860431,4868416.935076502,386.92810008697336,junction
2328,558177.2914024177,4868419.414388961,386.91775236049057,junction
2329,558175.3531091433,4868424.234712989,386.9002464729016,junction
2330,558173.4216260974,4868429.1358773,386.8772981479874,junction
2331,558171.5795821825,4868434.066898846,386.8564256049106,junction
2332,558169.7238176183,4868438.705055071,386.83988633374645,junction
2333,558168.270236146,4868442.3250642475,386.82089392999825,junction
2334,558167.3615099316,4868444.739775006,386.813621052698,junction
2335,558165.5157197258,4868449.49276591,386.79327257667273,junction
2336,558163.5827707348,4868454.362448064,386.7716323526837,junction
2337,558163.1278293772,4868455.5670777615,386.765345682933,junction
2338,558161.5924835232,4868459.446636094,386.75167759581393,junction
2339,558159.7397570285,4868464.196076209,386.7331696722072,junction
2340,558158.1874481302,4868468.098575407,386.7161862179902,junction
2341,558157.6829476922,4868469.528405604,386.709741758309,junction
2342,558155.7148124315,4868474.471586502,386.69299026037925,junction
2343,558153.7790347476,4868479.287669094,386.67423817786795,junction
2344,558153.3125442407,4868480.554872994,386.6670519502746,junction
2345,558151.8154424072,4868484.32226771,386.65504408401983,junction
2346,558149.9556810368,4868489.144085672,386.6368634299809,junction
2347,558148.4896819711,4868492.772127583,386.6215108271284,junction
2348,558148.0548861903,4868493.989400466,386.6191889342902,junction
2349,558146.1246476618,4868498.958637414,386.6006639529383,junction
2350,558144.3223774151,4868503.572741083,386.58017591064635,junction
2351,558143.2898293744,4868506.148749235,386.5708907186334,junction
2352,558142.2969090922,4868508.679155355,386.56321719924887,junction
2353,558140.4007842197,4868513.577502408,386.54589850223954,junction
2354,558138.0274904387,4868519.670884586,386.52155614015413,junction
2355,558136.1234304669,4868524.629916053,386.5035412430451,junction
2356,558134.145339471,4868529.442216127,386.4882054205299,junction
2357,558133.2081461077,4868531.935656155,386.47546754193024,junction
2358,558132.2411579457,4868534.42801582,386.46790111284037,junction
2359,558130.4385334097,4868539.027596728,386.44849021339473,junction
2360,558128.3738157613,4868544.126295528,386.43413010658196,junction
2361,558126.4563827292,4868549.097371529,386.4177558288311,junction
2362,558124.5881876715,4868553.698544386,386.40252251530933,junction
2363,558123.093471748,4868557.585213665,386.3882719100867,junction
2364,558122.6204694434,4868558.815688165,386.3854398484205,junction
2365,558120.7040244362,4868563.688324157,386.3660501102031,junction
2366,558118.2797707004,4868569.774522831,386.34626294448543,junction
2367,558116.4866091615,4868574.454364722,386.33212050895906,junction
2368,558114.6765899237,4868579.127144142,386.3147292649269,junction
2369,558113.1597694583,4868582.881108527,386.305813119898,junction
2370,558112.7398016264,4868583.935248436,386.3033262171571,junction
2371,558110.875386114,4868588.75638509,386.28281373538704,junction
2372,558108.4356272918,4868594.838453575,386.26454849982815,junction
2373,558106.5265721751,4868599.723597568,386.2449386285756,junction
2374,558104.6747016762,4868604.598573536,386.2318115556507,junction
2375,558103.2868303526,4868608.042805938,386.221754296642,junction
2376,558102.8983394812,4868609.043641671,386.21746572320546,junction
2377,558100.8968152681,4868614.177466376,386.20077635730195,junction
2378,558098.8779112938,4868619.349172085,386.18388495532656,junction
2379,558098.3595976646,4868620.625939958,386.18267894833303,junction
2380,558096.8297744674,4868624.404774911,386.16802154147814,junction
2381,558095.0306785065,4868629.175717374,386.1536265511404,junction
2382,558093.462219486,4868632.970884145,386.141220976397,junction
2383,558093.0110273669,4868634.082752196,386.13598784242816,junction
2384,558091.0395006578,4868639.227927391,386.123295207135,junction
2385,558089.0552319621,4868644.361616462,386.106150061684,junction
2386,558088.074593346,4868646.803824014,386.10096921907547,junction
2387,558087.1120033893,4868649.137675747,386.0925021600973,junction
2388,558085.2624310054,4868653.98267589,386.0794604801758,junction
2389,558083.3196555822,4868658.803343618,386.06177622328266,junction
2390,558081.5005078963,4868663.505334084,386.04883760418613,junction
2391,558079.4936108235,4868668.504093644,386.03290136508747,junction
2392,558078.0640220672,4868672.021456819,386.02374563583646,junction
2393,558077.0723688115,4868674.64339715,386.0144110007947,junction
2394,558075.5758461821,4868678.521907399,386.0063154600102,junction
2395,558073.3374968214,4868684.262515485,385.9875231952594,junction
2396,558071.3507226151,4868689.337001253,385.9734722088109,junction
2397,558069.3044028743,4868694.423064474,385.95978264494744,junction
2398,558068.4400584194,4868696.632179107,385.95261738141164,junction
2399,558067.5222815076,4868698.912483864,385.9468247180293,junction
2400,558065.586604288,4868703.872693546,385.9297008238706,junction
2401,558063.6897036277,4868708.752350811,385.9200744132325,junction
2402,558063.1447277304,4868710.077468956,385.9158505722337,junction
2403,558061.7838356479,4868713.543890879,385.9055814226198,junction
2404,558059.7706481492,4868718.616853419,385.889363510831,junction
2405,558058.3562842024,4868722.125922338,385.8798092218377,junction
2406,558057.3144203504,4868724.724952306,385.87631998113164,junction
2407,558055.4900942668,4868729.457451203,385.8637645816252,junction
2408,558053.5863254758,4868734.387033009,385.8476697563792,junction
2409,558053.1284413734,4868735.52659168,385.84707239711173,junction
2410,558051.5676742344,4868739.328529,385.8368821146446,junction
2411,558049.6887908515,4868744.147409994,385.8248985569978,junction
2412,558048.213893032,4868747.827332352,385.8125205516761,junction
2413,558047.791633518,4868748.887546755,385.81095701394116,junction
2414,558045.8904694209,4868753.665313697,385.7987907796334,junction
2415,558043.5069882661,4868759.727362122,385.7830277388401,junction
2416,558043.0266271203,4868760.985039839,385.775546269613,junction
2417,558041.6380088398,4868764.4333947925,385.7677514322806,junction
2418,558039.6353274715,4868769.529609107,385.74950734509696,junction
2419,558038.2919191765,4868772.812337444,385.7365984484868,junction
2420,558037.8502766398,4868773.9182342375,385.73446439253667,junction
2421,558035.9782257437,4868778.706019137,385.70058063680904,junction
2422,558033.7037769177,4868784.5035815835,385.6587917251213,junction
2423,558033.1064943149,4868785.97513801,385.64390748438916,junction
2424,558031.6739880343,4868789.444633838,385.6114585529529,junction
2425,558029.8734512532,4868794.2127096765,385.5620205201492,junction
2426,558028.288392704,4868797.893582569,385.5185009769777,junction
2427,558027.8055647835,4868799.111778586,385.50169101496436,junction
2428,558025.8539571547,4868804.0757311685,385.44085143163056,junction
2429,558023.9364391365,4868808.839377225,385.3675392227874,junction
2430,558023.4064102429,4868810.116407839,385.3485792176677,junction
2431,558021.9227086671,4868813.759327353,385.2939996182945,junction
2432,558019.9731064175,4868818.531895894,385.2177029116016,junction
2433,558018.4938346468,4868822.145642511,385.15576037787633,junction
2434,558017.4505595386,4868824.704391015,385.1149307818387,junction
2435,558015.5278606272,4868829.4411936775,385.02706917376645,junction
2436,558013.5191837598,4868834.365822327,384.941119370625,junction
2437,558013.085342372,4868835.463622495,384.920271730591,junction
2438,558011.4859228646,4868839.301941158,384.8479555964951,junction
2439,558009.6365247506,4868844.078590542,384.76588785425065,junction
2440,558008.1099483143,4868847.595553209,384.70071521543974,junction
2441,558007.5996805404,4868848.890112209,384.67530389528554,junction
2442,558005.6329508707,4868853.897716727,384.5802265480833,junction
2443,558003.6869644278,4868858.693215593,384.4916250806347,junction
2444,558003.1677943275,4868859.955903484,384.46917581369394,junction
2445,558001.7063785162,4868863.663540999,384.40157442143857,junction
2446,557999.2996488165,4868869.600649284,384.29207623503294,junction
2447,557998.2975958461,4868872.03422003,384.25226425153136,junction
2448,557997.3546281519,4868874.491786,384.21333036448556,junction
2449,557995.4638162777,4868879.252264829,384.1297758438091,junction
2450,557993.4576000363,4868884.245519957,384.04271377302325,junction
2451,557991.5665784904,4868889.119291386,383.955435464956,junction
2452,557989.5997522919,4868893.872757076,383.88256049223537,junction
2453,557988.1769070695,4868897.498978571,383.82195857128875,junction
2454,557987.6878553979,4868898.618607115,383.80175413659697,junction
2455,557985.441111499,4868904.355463561,383.7093895143877,junction
2456,557983.4122326276,4868909.425164337,383.6274405309181,junction
2457,557981.5128546918,4868914.024911444,383.5561832780092,junction
2458,557979.6750252836,4868918.883147606,383.4841866542607,junction
2459,557978.207978072,4868922.5019044755,383.42122798768,junction
2460,557977.6735081385,4868923.606326438,383.4051450716381,junction
2461,557975.3265492591,4868929.606172563,383.31803149296036,junction
2462,557973.4070538996,4868934.44174799,383.2410502292065,junction
2463,557971.4614824015,4868939.131619259,383.18044522753445,junction
2464,557969.4208153437,4868944.225409498,383.0985109759067,junction
2465,557968.0246246952,4868947.867048729,383.0467500988034,junction
2466,557967.5455997572,4868949.0179155525,383.02412687007035,junction
2467,557965.5830257116,4868953.742908299,382.9609515526552,junction
2468,557963.5002215904,4868958.868404316,382.892209741136,junction
2469,557963.1298785643,4868959.868515119,382.88154479988094,junction
2470,557961.6397829714,4868963.633122243,382.82190105000944,junction
2471,557959.6724122536,4868968.544135841,382.76163234177295,junction
2472,557958.2337671717,4868972.064332274,382.70630247949765,junction
2473,557957.3273468122,4868974.380972532,382.6818550073706,junction
2474,557955.4146229355,4868979.220099529,382.6149337505499,junction
2475,557953.285463792,4868984.414214947,382.5496086558128,junction
2476,557951.732349961,4868988.193592042,382.499759895597,junction
2477,557951.3324534162,4868989.176589257,382.4814478620154,junction
2478,557949.4731579467,4868993.811605561,382.42852769461155,junction
2479,557948.4222334434,4868996.431236596,382.39427252440333,junction
2480,557947.3968343074,4868998.918553767,382.3603584273723,junction
2481,557945.50944906,4869003.702007582,382.3030366887646,junction
2482,557943.1476233784,4869009.705910353,382.2237168957174,junction
2483,557941.2451727516,4869014.340853325,382.1713999335882,junction
2484,557939.3553351341,4869018.848295192,382.10706613622204,junction
2485,557938.3345017813,4869021.414338875,382.07968738454724,junction
2486,557937.2877700027,4869023.965968437,382.0492951423726,junction
2487,557935.4050390935,4869028.659812971,381.9953510269454,junction
2488,557933.4233260046,4869033.511094756,381.9420324471302,junction
2489,557931.3808872362,4869038.515907508,381.8945697263475,junction
2490,557928.9421890206,4869044.706786703,381.842679940872,junction
2491,557927.9759967036,4869046.971137342,381.8217162946866,junction
2492,557927.0841310323,4869049.295610524,381.79864158428427,junction
2493,557925.1444166268,4869054.117601869,381.73936872080526,junction
2494,557923.058971651,4869059.275929314,381.6702184382915,junction
2495,557921.1185485016,4869064.040706063,381.5885869199149,junction
2496,557919.1686707558,4869068.688390417,381.50239843301205,junction
2497,557918.0476291055,4869071.501071583,381.4545627789523,junction
2498,557917.1094221993,4869073.80489177,381.40738106478045,junction
2499,557914.6430102534,4869079.848330899,381.2757525716464,junction
2500,557913.2143421845,4869083.370873538,381.19819474110994,junction
2501,557912.7243977648,4869084.586025779,381.17099570591307,junction
2502,557910.710898284,4869089.311406906,381.05589300748437,junction
2503,557908.6222276815,4869094.492056203,380.92931911450586,junction
2504,557908.1786558633,4869095.463522092,380.9035988044824,junction
2505,557906.6133242967,4869099.155951899,380.8051075382586,junction
2506,557904.6874733542,4869103.8683701325,380.678857411378,junction
2507,557903.1727071186,4869107.566481329,380.57613894811897,junction
2508,557902.6185747044,4869108.927473767,380.5395072828221,junction
2509,557900.6312769745,4869113.75675408,380.4112024866107,junction
2510,557898.6622769455,4869118.539694072,380.2764646096264,junction
2511,557898.1754173063,4869119.68203578,380.24250731283445,junction
2512,557896.2403732733,4869124.462604804,380.10959538963925,junction
2513,557894.1802844551,4869129.5907784775,379.9618546782742,junction
2514,557893.2089321883,4869131.92647197,379.8978531330675,junction
2515,557892.2070788174,4869134.302723917,379.8359112885499,junction
2516,557890.2613179551,4869139.0759944,379.7040511329898,junction
2517,557888.2080991843,4869144.147228388,379.56193566953885,junction
2518,557886.3048865672,4869148.836281867,379.4370504971054,junction
2519,557884.2390445514,4869153.708739652,379.3039694147394,junction
2520,557883.2159178357,4869156.313737155,379.23585427739084,junction
2521,557882.2682377989,4869158.710984026,379.17116591522733,junction
2522,557879.7255358992,4869164.807064766,379.0007338826456,junction
2523,557878.281210282,4869168.328186791,378.906474413251,junction
2524,557877.8221620237,4869169.479390505,378.8744206361744,junction
2525,557875.8314799367,4869174.298116227,378.7461652186893,junction
2526,557873.767375841,4869179.359457098,378.6104335017972,junction
2527,557873.4167647565,4869180.243393416,378.58854669839434,junction
2528,557871.8373998326,4869183.973124802,378.49409551608267,junction
2529,557869.9053235366,4869188.7128012115,378.37103705628084,junction
2530,557868.3976112634,4869192.32875584,378.27462034071954,junction
2531,557867.8000544299,4869193.6678079665,378.23760463977703,junction
2532,557865.493392953,4869199.322960442,378.09907453472954,junction
2533,557863.4174037593,4869204.266673983,377.9738996853913,junction
2534,557861.3472949866,4869209.241045632,377.85877802424994,junction
2535,557859.2498116118,4869214.30495824,377.7351716900819,junction
2536,557858.3748987701,4869216.518470127,377.6828775076264,junction
2537,557857.4110175713,4869218.911574121,377.6237908345965,junction
2538,557855.3354569009,4869223.765146224,377.50457428560753,junction
2539,557854.8091219744,4869225.088750674,377.47505177162225,junction
2540,557853.1966020841,4869228.986130285,377.3906307227876,junction
2541,557851.1797316143,4869233.740878794,377.28246427096025,junction
2542,557849.0183204713,4869238.971217538,377.16445762393874,junction
2543,557848.0793394479,4869241.3498142315,377.10856898315524,junction
2544,557847.06906357,4869243.722433345,377.05980758568154,junction
2545,557844.8605625138,4869249.018794921,376.9387566175183,junction
2546,557843.3997615208,4869252.589504345,376.8618831563822,junction
2547,557842.8125046303,4869253.888940476,376.82832895441317,junction
2548,557840.7729208383,4869258.799887308,376.7349049307307,junction
2549,557838.562601309,4869264.154343238,376.624031247253,junction
2550,557838.1602984511,4869265.192926701,376.604243177273,junction
2551,557836.6930736012,4869268.637399577,376.5409982977051,junction
2552,557834.478890532,4869273.880223859,376.43240762745734,junction
2553,557833.0798834113,4869277.395512213,376.3692663431837,junction
2554,557832.497990031,4869278.843482655,376.34454464658074,junction
2555,557830.392388562,4869283.738845894,376.25223169446707,junction
2556,557828.1706181477,4869289.089449,376.15289460552316,junction
2557,557825.9114613229,4869294.283639038,376.04911468484204,junction
2558,557823.8463529454,4869299.368441581,375.96346586992223,junction
2559,557823.1750790853,4869300.875219653,375.9357093486407,junction
2560,557821.8193480239,4869304.077087318,375.89005099453937,junction
2561,557819.4221049113,4869309.826218351,375.809727572772,junction
2562,557818.293174565,4869312.432422048,375.77308445228203,junction
2563,557817.7105027628,4869313.808347676,375.75747495235987,junction
2564,557815.695925102,4869318.616809498,375.69612515488734,junction
2565,557813.3185844936,4869324.213736507,375.63584908489685,junction
2566,557811.3541352447,4869328.928856578,375.58350378598317,junction
2567,557808.1750106185,4869336.3772537075,375.5030500903815,junction
2568,557807.1133858967,4869338.963099514,375.4792162013263,junction
2569,557802.7087813842,4869349.340149632,375.3841313329136,junction
2570,557796.5414867214,4869363.772630796,375.26362158736885,junction
2571,558011.0,4868669.0,388.19000244140625,inlet
2572,558009.3015873072,4868674.404672425,388.072027512428,junction
2573,558007.92459463,4868678.796363554,387.98105519538797,junction
2574,558006.0881228134,4868684.683529498,387.8537668098217,junction
2575,558004.6755844483,4868689.173862666,387.7561904977888,junction
2576,558003.284317264,4868693.670247772,387.65968628025394,junction
2577,558001.4315850714,4868699.670422517,387.53375199345726,junction
2578,558000.4879172342,4868702.687774035,387.46743250066135,junction
2579,558000.037571535,4868704.127672031,387.4381728761954,junction
2580,557998.6787980438,4868708.602930717,387.3475053478815,junction
2581,557998.2384430445,4868709.990109131,387.31856196117496,junction
2582,557996.7369390181,4868714.793479726,387.2178350455806,junction
2583,557995.4275635876,4868719.126902203,387.1322473041263,junction
2584,557993.9326419915,4868723.895410607,387.0334941901121,junction
2585,557993.4656124136,4868725.376448739,387.0038742063025,junction
2586,557992.1310870777,4868729.7842227975,386.91842433502654,junction
2587,557990.719154882,4868734.4808767075,386.82230761101954,junction
2588,557989.3488860091,4868738.91352404,386.7350915471142,junction
2589,557988.4809015151,4868741.726855087,386.6876456868562,junction
2590,557987.8381127535,4868743.826389048,386.64444226269774,junction
2591,557986.0636752896,4868749.503503312,386.5364702648188,junction
2592,557984.8139727126,4868753.614858355,386.45769526048485,junction
2593,557983.2549582501,4868758.642881562,386.35738219392664,junction
2594,557981.7081438003,4868763.539538634,386.2659418689486,junction
2595,557979.9436880855,4868769.230593255,386.1591598970627,junction
2596,557978.5726914331,4868773.687928513,386.07966911113004,junction
2597,557978.1166211411,4868775.13171183,386.0519380546925,junction
2598,557977.0567619643,4868778.619999965,385.9879590757122,junction
2599,557975.4058686022,4868784.015484303,385.89123789803836,junction
2600,557973.9361278482,4868788.807759703,385.80312639197604,junction
2601,557973.478042287,4868790.258018936,385.7761152792199,junction
2602,557972.3983475363,4868793.739999614,385.7151125567441,junction
2603,557970.7014808147,4868799.130380915,385.6266432344301,junction
2604,557969.2210572615,4868803.957601573,385.53814877763904,junction
2605,557968.337476515,4868806.733440382,385.4901526003208,junction
2606,557967.6691628026,4868808.843188827,385.45105906879974,junction
2607,557966.017425832,4868814.239867501,385.35881989641405,junction
2608,557964.5418379874,4868819.018160295,385.27572699048903,junction
2609,557963.2156342717,4868823.164577452,385.21360591905113,junction
2610,557962.9872854518,4868823.949685805,385.2010160568331,junction
2611,557961.3080492729,4868829.337013866,385.1080994843141,junction
2612,557959.8612120033,4868834.125964974,385.02840281524624,junction
2613,557958.3864410023,4868838.780076814,384.94718497272123,junction
2614,557956.6953713894,4868844.218567675,384.86855436882956,junction
2615,557955.1980275569,4868849.049133235,384.78944545974184,junction
2616,557953.7494719324,4868853.719823933,384.71357874488336,junction
2617,557953.3372631621,4868855.093050402,384.69227413935397,junction
2618,557951.8705523759,4868859.7792838225,384.62140549381513,junction
2619,557950.5850081375,4868863.892618678,384.5556102875441,junction
2620,557949.0549039984,4868868.763400958,384.4841629176478,junction
2621,557948.3827876695,4868870.997149995,384.4506438066279,junction
2622,557947.191579918,4868874.88525556,384.38996723998866,junction
2623,557945.9008514584,4868878.993281398,384.330133878036,junction
2624,557944.3899473,4868883.763273968,384.25651863048864,junction
2625,557943.3225886166,4868887.235057052,384.2038173393058,junction
2626,557942.8919418381,4868888.560619849,384.18618854544894,junction
2627,557941.371982246,4868893.597418919,384.11308278620817,junction
2628,557939.6815043641,4868898.861564327,384.0368466628064,junction
2629,557938.2036475155,4868903.668192644,383.96715815671257,junction
2630,557936.6468740551,4868908.689780199,383.90190465455095,junction
2631,557935.0151682366,4868913.948854175,383.82134182878735,junction
2632,557933.4976355077,4868918.771162783,383.75807397851287,junction
2633,557931.9535494949,4868923.790355943,383.6930102863182,junction
2634,557930.2929450121,4868929.039772183,383.6199361104571,junction
2635,557928.7804559468,4868933.869328186,383.55247180853013,junction
2636,557928.3427203211,4868935.280203471,383.5345050669585,junction
2637,557927.21271434,4868938.88082176,383.4895353660118,junction
2638,557925.5467260749,4868944.12364104,383.42080657073024,junction
2639,557924.0297476564,4868948.956730276,383.35761207645754,junction
2640,557923.1965678905,4868951.751617843,383.31833326563014,junction
2641,557922.518046297,4868953.946955,383.2891616348209,junction
2642,557920.8122565075,4868959.211496343,383.2219302888868,junction
2643,557919.292068101,4868964.04769138,383.16804456686083,junction
2644,557918.4568781529,4868966.83665055,383.1295311627724,junction
2645,557917.7704232952,4868969.029593038,383.10421388457036,junction
2646,557916.1024626151,4868974.340778782,383.0359493175122,junction
2647,557914.5718632046,4868979.144471933,382.98441978744364,junction
2648,557913.2545027981,4868983.204079146,382.93069373756254,junction
2649,557913.0118195066,4868984.007310661,382.92040729345564,junction
2650,557911.3336120405,4868989.416992586,382.86045140566705,junction
2651,557909.8510846178,4868994.244348626,382.80268604066225,junction
2652,557908.2966038673,4868999.099686646,382.7380207002824,junction
2653,557906.6278737653,4869004.478295937,382.6670780525473,junction
2654,557905.1143765661,4869009.332668564,382.5896559004055,junction
2655,557903.5633082568,4869014.144512193,382.5175616108122,junction
2656,557903.1758517007,4869015.422107665,382.4910616067057,junction
2657,557901.8757104147,4869019.544568512,382.41963944443944,junction
2658,557900.3235264148,4869024.397316222,382.3159462145796,junction
2659,557898.8135003106,4869029.224490821,382.2156821756335,junction
2660,557898.4154760462,4869030.493590776,382.1901548723752,junction
2661,557897.1461195482,4869034.584265099,382.09527931030595,junction
2662,557895.51207711,4869039.44936531,381.96997663938504,junction
2663,557893.9932416489,4869044.26963612,381.85437925612933,junction
2664,557893.1286334395,4869046.924441566,381.79351912494286,junction
2665,557892.3134835302,4869049.543539434,381.7103986260173,junction
2666,557890.7490394999,4869054.359778604,381.58605737092785,junction
2667,557889.2022852902,4869059.096376197,381.4565747186663,junction
2668,557888.2820383508,4869061.873985429,381.3877202663246,junction
2669,557887.4677003459,4869064.522643538,381.31415742160976,junction
2670,557885.8864701254,4869069.399476144,381.17094970090676,junction
2671,557884.3868755943,4869074.255169537,381.0332559161373,junction
2672,557883.458727831,4869077.025513308,380.9573055179888,junction
2673,557882.641918493,4869079.619537439,380.88366314280046,junction
2674,557881.0413457135,4869084.609683665,380.73594693261975,junction
2675,557879.5286463711,4869089.4210399445,380.5927867787528,junction
2676,557878.2631089501,4869093.364613827,380.4760692130361,junction
2677,557877.8442610363,4869094.58736561,380.4381260229243,junction
2678,557876.2217070736,4869099.670496451,380.2833308315638,junction
2679,557874.9015484883,4869103.858768588,380.1662874602697,junction
2680,557873.3009776513,4869108.564641046,380.0231093269274,junction
2681,557871.3577345472,4869114.710013029,379.8381453793552,junction
2682,557869.8255843709,4869119.4911714485,379.6978166382931,junction
2683,557868.4985752045,4869123.471351642,379.5843963616116,junction
2684,557868.0801166139,4869124.756875697,379.55160533664895,junction
2685,557866.4487538318,4869129.827402216,379.40509537732623,junction
2686,557865.1600063853,4869133.909840488,379.29626117277945,junction
2687,557863.5643328088,4869138.730056543,379.1510822736305,junction
2688,557863.1222403639,4869140.114914319,379.1139876499809,junction
2689,557861.6012416056,4869144.785195272,378.9850570964784,junction
2690,557860.0409729707,4869149.538227022,378.8682286166488,junction
2691,557858.7620689151,4869153.541210544,378.7727653023602,junction
2692,557858.3223334901,4869154.869780771,378.74151422593815,junction
2693,557856.7436065811,4869159.830901088,378.62116184531294,junction
2694,557855.1988627911,4869164.579528271,378.5091873561298,junction
2695,557853.9029050121,4869168.578182903,378.419046831804,junction
2696,557853.4589631988,4869169.890958087,378.38904841598526,junction
2697,557851.8933840308,4869174.851855982,378.26765088605003,junction
2698,557850.3089471936,4869179.597322039,378.1600364869346,junction
2699,557849.0291693849,4869183.6067285,378.06262628827216,junction
2700,557848.3180527649,4869185.7657414125,378.01465618936163,junction
2701,557847.4397542271,4869188.517519092,377.95895713485857,junction
2702,557845.4338196244,4869194.619299534,377.8142074275998,junction
2703,557844.0788078441,4869198.878646812,377.724250522066,junction
2704,557843.3996089852,4869200.957706883,377.6801300163244,junction
2705,557842.4945386694,4869203.621076678,377.62629788215963,junction
2706,557840.8046423839,4869208.839112586,377.5105462609623,junction
2707,557840.5087469491,4869209.794690846,377.48508574145785,junction
2708,557839.2096541116,4869213.927270029,377.40042820405324,junction
2709,557838.0513324386,4869217.390933679,377.3306717964119,junction
2710,557837.6008715236,4869218.647015397,377.3024646976861,junction
2711,557835.9542741507,4869223.751822083,377.2010577318625,junction
2712,557834.2563512314,4869228.870815274,377.09029173345243,junction
2713,557833.1267563413,4869232.380301185,377.0268894868468,junction
2714,557832.699876769,4869233.6717396565,377.0001816148364,junction
2715,557831.0516218878,4869238.71825492,376.89866009281525,junction
2716,557829.376367658,4869243.80573064,376.7962101739139,junction
2717,557828.1708446279,4869247.500720522,376.72984478105985,junction
2718,557827.6576720021,4869249.052246435,376.6987217837733,junction
2719,557825.8980159655,4869254.341307344,376.59240321123275,junction
2720,557824.2487474498,4869259.4903177805,376.5077066266831,junction
2721,557823.3645667966,4869262.091361418,376.4590726301364,junction
2722,557822.3984733718,4869264.884003178,376.41335407898663,junction
2723,557821.1842553837,4869268.677029844,376.35205322123375,junction
2724,557818.3140119911,4869277.428524095,376.2053818107532,junction
2725,557817.7325465137,4869279.1223388,376.17649835069864,junction
2726,557816.2554802335,4869283.602381943,376.10344878757917,junction
2727,557813.402895528,4869292.097542159,375.970701330658,junction
2728,557812.4999375765,4869294.900060263,375.92566588147884,junction
2729,557810.8311712679,4869299.970755166,375.85077699905077,junction
2730,557808.3062288577,4869307.459894679,375.7452208870531,junction
2731,557807.7792012895,4869309.077862618,375.7281466975219,junction
2732,557806.219078198,4869313.658089122,375.6630915908766,junction
2733,557803.2835794212,4869322.491179795,375.5728823217072,junction
2734,557802.7492362837,4869324.169440304,375.5559229362075,junction
2735,557798.301001268,4869337.465249359,375.433392152055,junction
2736,557797.7613076644,4869339.1538921455,375.4193945892275,junction
2737,557793.2449826713,4869352.448373049,375.31146253250745,junction
2738,557792.6963908463,4869354.141638278,375.2981516559288,junction
2739,557788.1580901559,4869367.683059272,375.20952298886846,junction
2740,557787.6583594228,4869369.125397488,375.20214282664347,junction
2741,557783.1489658603,4869382.498789026,375.1250889462991,junction
2742,557778.0746879713,4869397.734352032,375.05813238100177,junction
2743,557773.4422818273,4869411.047421528,375.01345768598725,junction
2744,558126.0,4868680.0,386.239990234375,inlet
2745,558124.0540934803,4868684.112665996,386.1604839650017,junction
2746,558123.1713850667,4868686.016669523,386.1199830279744,junction
2747,558121.3429661666,4868689.927469213,386.0403196044614,junction
2748,558119.439310857,4868694.011430129,385.95716710992605,junction
2749,558118.1562567005,4868696.8205293575,385.9002516770988,junction
2750,558116.6293570655,4868700.083762251,385.8374337104271,junction
2751,558114.7303453617,4868704.225012721,385.7569274347789,junction
2752,558113.4958541138,4868706.903669237,385.70832709034596,junction
2753,558112.0082272554,4868710.097812326,385.6461254392064,junction
2754,558110.0367130084,4868714.357654552,385.5651853797086,junction
2755,558108.1474632827,4868718.496671493,385.48868697738595,junction
2756,558107.3318666897,4868720.274138776,385.45888171540673,junction
2757,558105.7165374623,4868723.783964275,385.3987248906102,junction
2758,558103.4446042645,4868728.656764694,385.31670096399597,junction
2759,558101.0241147295,4868733.884899694,385.21673975830385,junction
2760,558098.8370670271,4868738.584570256,385.1368371211395,junction
2761,558098.3114654183,4868739.724415592,385.1161088237269,junction
2762,558096.0812951997,4868744.624131466,385.0354178993757,junction
2763,558094.0757863392,4868748.970796695,384.96219582592045,junction
2764,558093.2801413423,4868750.612804469,384.93413861495634,junction
2765,558091.715943326,4868753.992810245,384.8760934843668,junction
2766,558089.4685310927,4868758.8845422715,384.80184978858256,junction
2767,558088.0269262043,4868762.098336179,384.74730918804204,junction
2768,558086.6456237995,4868764.914640217,384.70198210639984,junction
2769,558084.6083372756,4868769.28179706,384.63559107609996,junction
2770,558082.8929997622,4868773.151634639,384.5735998790729,junction
2771,558082.4707980461,4868774.095062265,384.56013658012137,junction
2772,558080.0809239206,4868779.194469571,384.4801726923162,junction
2773,558078.0746326188,4868783.526932644,384.41356907158035,junction
2774,558075.2604313428,4868789.607292632,384.31914388912816,junction
2775,558073.4994244005,4868793.501238421,384.26287006825396,junction
2776,558070.6929770419,4868799.5046079,384.1800012418809,junction
2777,558068.6811834086,4868803.833520561,384.11634470017975,junction
2778,558067.9603139894,4868805.45130531,384.09299695158126,junction
2779,558066.4412248838,4868808.6896961825,384.04123551300313,junction
2780,558064.0092584983,4868813.764480818,383.970801408423,junction
2781,558063.0391042578,4868815.945938199,383.9419011002141,junction
2782,558061.2795576832,4868819.840829564,383.8883889766992,junction
2783,558059.1799238067,4868824.20346951,383.82169614247863,junction
2784,558058.4274823249,4868825.845432982,383.80407394390414,junction
2785,558056.9920032907,4868829.014700705,383.76276197735734,junction
2786,558054.6190425442,4868834.022697193,383.68511715633804,junction
2787,558053.18236966,4868837.326399156,383.64678539344567,junction
2788,558051.8986083312,4868839.978064793,383.6173885096183,junction
2789,558049.8244571073,4868844.41392384,383.55072351227045,junction
2790,558048.0386229692,4868848.279326501,383.50004924893557,junction
2791,558047.5978982045,4868849.258083824,383.4851096094988,junction
2792,558045.1984051726,4868854.3129347125,383.4215261430616,junction
2793,558043.1510160813,4868858.755439678,383.3635776464702,junction
2794,558040.7939875133,4868863.857555922,383.29393439764357,junction
2795,558038.6143870044,4868868.566346402,383.2403017448689,junction
2796,558038.1799840438,4868869.540545667,383.2244890822379,junction
2797,558035.7826619495,4868874.607014907,383.1621925965262,junction
2798,558033.7373055528,4868879.0468637515,383.1117728839884,junction
2799,558032.9348028604,4868880.669683043,383.0935690473716,junction
2800,558031.3517630004,4868884.126466667,383.04267694115475,junction
2801,558029.1741837838,4868888.906702586,382.991430813429,junction
2802,558028.1557759363,4868890.998040688,382.9667830411518,junction
2803,558026.3158335114,4868894.87310843,382.9204133358518,junction
2804,558024.641335471,4868898.605614543,382.8737923079401,junction
2805,558023.1519211445,4868901.819755885,382.8415105998447,junction
2806,558021.910434734,4868904.399115702,382.8123817539213,junction
2807,558019.6650749061,4868909.250904368,382.7589072236633,junction
2808,558018.0220254984,4868913.038712461,382.7135532570836,junction
2809,558017.6696712602,4868913.776021031,382.703069143522,junction
2810,558015.2065761117,4868918.849596604,382.65058118579157,junction
2811,558013.1513673752,4868923.48396409,382.60199956355126,junction
2812,558012.5449085636,4868924.706038969,382.5854575138372,junction
2813,558010.2709729514,4868929.457290475,382.5347104917892,junction
2814,558008.2475651582,4868933.984930524,382.48528965242974,junction
2815,558005.9904687923,4868938.7026828155,382.43831531597164,junction
2816,558003.6587099773,4868943.742069864,382.3792591946822,junction
2817,558003.0854241746,4868944.964078738,382.3588204693736,junction
2818,558000.766465422,4868949.77028289,382.31427084166654,junction
2819,557999.0117636694,4868953.639023283,382.27256172121673,junction
2820,557997.9504778441,4868955.830601506,382.25327785058835,junction
2821,557996.3291556981,4868959.27619928,382.21452498909446,junction
2822,557994.185540805,4868963.936906115,382.16350880280396,junction
2823,557993.1637788669,4868966.034161976,382.143026560547,junction
2824,557991.3933983878,4868969.81595984,382.10152486036986,junction
2825,557989.3715298912,4868974.1965736905,382.0648807207575,junction
2826,557988.3813466936,4868976.308514862,382.0423133247501,junction
2827,557987.2116050881,4868978.861879322,382.010945436229,junction
2828,557984.7656510132,4868984.010449373,381.9657974158564,junction
2829,557983.2274134741,4868987.352890352,381.92116269453487,junction
2830,557981.923641122,4868990.02322929,381.8916606774918,junction
2831,557979.8947424816,4868994.387272794,381.8427368045909,junction
2832,557978.1209851127,4868998.172381029,381.8052904918006,junction
2833,557977.6799885571,4868999.093710668,381.7958538433083,junction
2834,557975.4704199616,4869003.825586981,381.74430576975857,junction
2835,557973.2904151699,4869008.409880122,381.7056387716569,junction
2836,557972.8898932177,4869009.219453602,381.6919047986502,junction
2837,557970.6752978739,4869013.930148905,381.6419784094113,junction
2838,557968.3997085294,4869018.676967933,381.6073189270864,junction
2839,557965.5499377586,4869024.71788126,381.55738612065875,junction
2840,557963.3136858583,4869029.424759221,381.5275389803843,junction
2841,557960.8748250109,4869034.590694265,381.4963165760059,junction
2842,557958.8264022262,4869039.065283748,381.4500317806046,junction
2843,557958.0731808726,4869040.6153634945,381.43133613129925,junction
2844,557956.6628331413,4869043.598833914,381.39571776002424,junction
2845,557954.2716784046,4869048.728470215,381.32025479048053,junction
2846,557953.1697944265,4869050.985838061,381.28277007730304,junction
2847,557951.3867700769,4869054.820730352,381.21736060566445,junction
2848,557949.2865720552,4869059.30196411,381.13615260880016,junction
2849,557948.0827651558,4869061.708068936,381.0831568091,junction
2850,557946.9225857895,4869064.220200952,381.03215652560857,junction
2851,557944.5733573225,4869069.249865598,380.9215054342034,junction
2852,557942.718707661,4869073.006312265,380.83271413845694,junction
2853,557942.3198407093,4869073.873436818,380.8153125336542,junction
2854,557939.8963868623,4869079.003061808,380.68884541333256,junction
2855,557938.3225789653,4869082.222508377,380.61056794302095,junction
2856,557937.0291084223,4869084.975118559,380.5378196758946,junction
2857,557934.8993460111,4869089.405429527,380.42225275447294,junction
2858,557932.7091867527,4869094.034604066,380.30119305495174,junction
2859,557930.2653157416,4869099.149913453,380.16179097399356,junction
2860,557928.0759652602,4869103.652301969,380.0467743189541,junction
2861,557925.3018485744,4869109.585754553,379.8914424810872,junction
2862,557923.1085893129,4869114.202101227,379.76697735773956,junction
2863,557920.6756481196,4869119.27338472,379.6344895314136,junction
2864,557918.5078411686,4869123.726919766,379.5160575286685,junction
2865,557918.0236706436,4869124.723362643,379.4901046777565,junction
2866,557915.7370896973,4869129.650614808,379.36167909057536,junction
2867,557913.6121603755,4869133.905534238,379.25137094244815,junction
2868,557912.9552225717,4869135.333524302,379.2180680146897,junction
2869,557911.4108125276,4869138.681517027,379.1325584467886,junction
2870,557909.0467859558,4869143.635459669,379.00003170054816,junction
2871,557908.0045058372,4869145.851060464,378.94405134606416,junction
2872,557906.2272208439,4869149.4920032695,378.8566908580515,junction
2873,557904.045537367,4869154.033505486,378.7409815176783,junction
2874,557901.7722991658,4869158.8311979845,378.6264070239282,junction
2875,557899.3399289787,4869163.8158301795,378.5000956888379,junction
2876,557896.4851191422,4869169.808844046,378.3505430864274,junction
2877,557894.4337634221,4869174.159127471,378.24888371378114,junction
2878,557892.2676412626,4869178.554567361,378.13904614613716,junction
2879,557889.495616399,4869184.3227969175,378.00564669203885,junction
2880,557887.3204622162,4869188.835236617,377.8950542868101,junction
2881,557884.9284964147,4869193.925130236,377.780481771131,junction
2882,557882.234689531,4869199.447104056,377.6514889324112,junction
2883,557879.9085330607,4869204.427121624,377.54601308530613,junction
2884,557878.8515551237,4869206.650526767,377.49381575698885,junction
2885,557878.0902904471,4869208.147106705,377.456972792324,junction
2886,557877.6811809194,4869208.995276263,377.4369602506583,junction
2887,557875.2273568284,4869214.15714154,377.3331206939972,junction
2888,557872.9434589809,4869218.82872284,377.23286573009983,junction
2889,557870.6209245354,4869223.647168112,377.1239427581741,junction
2890,557868.23669008,4869228.549392567,377.0251813350949,junction
2891,557865.2819160938,4869234.593850653,376.90208565450286,junction
2892,557863.1545045109,4869239.043309081,376.8128660571204,junction
2893,557860.8452573105,4869243.709337898,376.70686894717,junction
2894,557855.4959522766,4869254.692013925,376.5036043291891,junction
2895,557853.5481938943,4869258.707764534,376.4221393464296,junction
2896,557850.5859955957,4869264.730435513,376.30616516102174,junction
2897,557848.6179871518,4869268.743663321,376.22959912976836,junction
2898,557845.6413117849,4869274.810013726,376.11764114113726,junction
2899,557843.7044143005,4869278.759308118,376.05360709268257,junction
2900,557841.1496408479,4869284.009731941,375.9837632347689,junction
2901,557838.6071436452,4869289.222507046,375.9129190796824,junction
2902,557833.6403321103,4869299.374670663,375.79158731016554,junction
2903,557828.7342676412,4869309.459719492,375.67760625124777,junction
2904,557823.7171952273,4869319.6191057125,375.5735127459174,junction
2905,557818.7692909755,4869329.633746735,375.47703870119847,junction
2906,557814.0692778621,4869339.110476948,375.3939809934508,junction
2907,557808.8507531245,4869349.6303984355,375.30589852161205,junction
2908,557804.1538676829,4869359.058305524,375.2412282953517,junction
2909,557798.913294988,4869369.556569304,375.17446435929946,junction
2910,557793.8887905574,4869379.670430635,375.1186694142392,junction
2911,557788.9070621502,4869389.595106193,375.072753851206,junction
2912,557784.3383120531,4869398.558035984,375.03267287454815,junction
2913,557952.0,4868811.0,386.19000244140625,inlet
2914,557950.8025858159,4868814.9920540545,386.0907370614578,junction
2915,557949.4723874205,4868819.524331929,385.9806095226215,junction
2916,557948.2995804221,4868823.481474948,385.88391425900056,junction
2917,557948.1765176381,4868823.928724112,385.8746465405052,junction
2918,557946.4538406956,4868830.007639319,385.73709498568496,junction
2919,557945.1242832225,4868834.540277226,385.6345904868582,junction
2920,557943.8473050164,4868838.916309395,385.5331673391967,junction
2921,557943.4262308475,4868840.449904382,385.499719225365,junction
2922,557942.1412251464,4868844.940546871,385.4017589671821,junction
2923,557940.8927907958,4868849.209786054,385.3080585665891,junction
2924,557939.5185682001,4868854.037510801,385.2071706291489,junction
2925,557938.2385437277,4868858.417923973,385.1165121532352,junction
2926,557937.8819158504,4868859.624116751,385.0916648275981,junction
2927,557936.4843638873,4868864.540458713,384.9930359097963,junction
2928,557935.0073705793,4868869.502095637,384.89122791933806,junction
2929,557933.7759223556,4868873.7468450265,384.8092775458471,junction
2930,557933.3933088841,4868875.102716564,384.78515120801586,junction
2931,557932.3454716746,4868878.777315265,384.71690104428484,junction
2932,557930.7403332194,4868884.33096484,384.6075618075156,junction
2933,557929.2910719239,4868889.355069094,384.51813047039417,junction
2934,557928.4994869415,4868892.15061155,384.4611128870345,junction
2935,557928.1030612896,4868893.546899325,384.43611466202606,junction
2936,557926.6333586498,4868898.618004362,384.3495726257287,junction
2937,557925.0624383446,4868904.132766126,384.24554171075704,junction
2938,557923.6213913956,4868909.150018293,384.1618699128785,junction
2939,557923.2071496977,4868910.528994044,384.1404626702136,junction
2940,557921.9987490198,4868914.706808752,384.071672547296,junction
2941,557920.5505140842,4868919.739587327,383.9838986186861,junction
2942,557919.320082896,4868923.911535776,383.91392077083907,junction
2943,557918.2170698165,4868927.84958903,383.8516245060042,junction
2944,557917.8966643265,4868928.942872704,383.83388440723394,junction
2945,557916.2899668353,4868934.498368861,383.74539781491177,junction
2946,557914.8442849,4868939.520390611,383.6674217004283,junction
2947,557913.6249172374,4868943.70758419,383.60605502768124,junction
2948,557913.2342949125,4868945.079278739,383.58149539176713,junction
2949,557912.1678573578,4868948.70148144,383.5276079572265,junction
2950,557910.6793303235,4868953.906542553,383.45317576098876,junction
2951,557909.2712466476,4868958.904688963,383.3820437247008,junction
2952,557908.4449399471,4868961.601395282,383.3391256257008,junction
2953,557907.7694047434,4868963.8829729,383.31175234190323,junction
2954,557906.2989309748,4868969.083063849,383.2351927190871,junction
2955,557904.8281579231,4868974.0756573025,383.1621886980666,junction
2956,557903.3690592317,4868979.067252221,383.0860640304903,junction
2957,557901.8932265101,4868984.253684198,383.00532159846966,junction
2958,557900.4433334154,4868989.2659224365,382.93255696494316,junction
2959,557899.0217562793,4868994.002116778,382.83901184860036,junction
2960,557898.246489876,4868996.64510947,382.79804634662685,junction
2961,557897.4724222731,4868999.410434797,382.74605937625466,junction
2962,557896.0361258968,4869004.445586193,382.6508502061975,junction
2963,557894.6056269178,4869009.274559123,382.54228513829435,junction
2964,557893.7971682464,4869011.8164107315,382.4831858795651,junction
2965,557893.4686445515,4869013.092215601,382.4527045178319,junction
2966,557893.0180401442,4869014.544475459,382.4222757191047,junction
2967,557891.5779537804,4869019.600184586,382.3112634824614,junction
2968,557890.2158254326,4869024.311791387,382.18608351852754,junction
2969,557888.7138166325,4869029.293054681,382.0635023985154,junction
2970,557888.2994973863,4869030.618819608,382.0326100879868,junction
2971,557887.0887073845,4869034.755866768,381.9315592892857,junction
2972,557885.7020063003,4869039.479056416,381.80003917639993,junction
2973,557884.2949744699,4869044.474558311,381.6714954544338,junction
2974,557883.4644994005,4869047.185078558,381.597084248156,junction
2975,557883.0872223395,4869048.5762161985,381.55791665864695,junction
2976,557881.2675425106,4869054.654397847,381.3897945368482,junction
2977,557880.1706725768,4869058.536354909,381.2810391693801,junction
2978,557878.6256629088,4869063.741467833,381.1206513646249,junction
2979,557878.2286348857,4869065.105789024,381.0856414899572,junction
2980,557876.8181520904,4869069.802467702,380.95295751628254,junction
2981,557875.7087837625,4869073.611506865,380.84665315147424,junction
2982,557874.1473363042,4869078.890839688,380.685075081051,junction
2983,557873.4391794874,4869081.27330419,380.6160225621502,junction
2984,557872.7975712334,4869083.641133974,380.5483980996431,junction
2985,557871.2126729799,4869088.727249884,380.4018718311337,junction
2986,557869.6221722601,4869093.956380364,380.24902048238863,junction
2987,557868.2194200341,4869098.772744047,380.10855763169315,junction
2988,557866.772711918,4869103.735767913,379.9752489172019,junction
2989,557865.0910214141,4869109.103029477,379.8186629481198,junction
2990,557863.6904276689,4869113.9290493615,379.6939887155519,junction
2991,557863.2760328626,4869115.298625,379.6528845092869,junction
2992,557862.2348275518,4869118.807324381,379.56481730815864,junction
2993,557860.5447380415,4869124.248490109,379.41564191224575,junction
2994,557859.1586996602,4869129.084666789,379.29694811766836,junction
2995,557858.376947577,4869131.731798114,379.23141509589425,junction
2996,557857.7062232777,4869133.953638008,379.17896656808495,junction
2997,557856.0669137716,4869139.385714994,379.0430613482459,junction
2998,557854.6226195898,4869144.236983177,378.9321975277504,junction
2999,557853.1902747216,4869149.1018260475,378.8143341547171,junction
3000,557851.6102077019,4869154.335495669,378.68218861630913,junction
3001,557850.1760299276,4869159.317461613,378.5700555679817,junction
3002,557848.6364238841,4869164.240211205,378.4538321400165,junction
3003,557848.2238831999,4869165.648051565,378.418787364356,junction
3004,557847.3672963013,4869168.50854907,378.35510906950725,junction
3005,557845.7504943375,4869174.0079810815,378.2327038267983,junction
3006,557844.253761925,4869179.025034853,378.1114546667417,junction
3007,557843.492097881,4869181.481853128,378.06139434949887,junction
3008,557842.7695217427,4869183.839871887,378.01056443619865,junction
3009,557841.1745478277,4869189.097698978,377.8909037471852,junction
3010,557839.625219479,4869194.396381257,377.7746501786537,junction
3011,557838.4653890263,4869198.342687678,377.6916610330461,junction
3012,557838.1737478826,4869199.155321506,377.6703573942569,junction
3013,557836.4860715005,4869204.766434774,377.548309525828,junction
3014,557835.7109448349,4869207.34442416,377.49747329471774,junction
3015,557835.064448737,4869209.503489429,377.45596487561716,junction
3016,557833.1616827317,4869215.598335294,377.3270277211181,junction
3017,557831.891797979,4869219.896076698,377.2432764314764,junction
3018,557830.4531577525,4869224.63745839,377.14646761586204,junction
3019,557828.0691282796,4869232.551889697,376.99500618591856,junction
3020,557827.6600681933,4869233.825822165,376.96708728322557,junction
3021,557825.9750820692,4869239.4628103115,376.85651526520644,junction
3022,557823.2007633037,4869248.5894534625,376.68117073934116,junction
3023,557821.6731209639,4869253.610592362,376.59366783189716,junction
3024,557818.4391170163,4869264.177004822,376.4146141623802,junction
3025,557817.0438378449,4869268.773957514,376.33523321305495,junction
3026,557813.3491638385,4869280.846068942,376.13773062983876,junction
3027,557812.4168810348,4869283.892750041,376.08708094124916,junction
3028,557808.1817917767,4869297.6659677215,375.8828998429001,junction
3029,557807.7895765692,4869299.000819792,375.85870078397704,junction
3030,557803.4220260261,4869312.904734497,375.670599395356,junction
3031,557803.0455666975,4869314.253655132,375.6541678558342,junction
3032,557798.3842550252,4869329.2581515275,375.5021134653096,junction
3033,557793.2357237097,4869345.811319935,375.3602738200627,junction
3034,557787.9699580993,4869362.516141175,375.2413151595894,junction
3035,557783.2482865199,4869377.7562827235,375.1483607552186,junction
3036,558070.0,4868904.0,384.9700012207031,inlet
3037,558067.4985530768,4868908.387427662,384.84978356766686,junction
3038,558066.5795004038,4868910.025395408,384.80840493220563,junction
3039,558064.4445327921,4868913.818166515,384.71026190207493,junction
3040,558063.2153881359,4868915.995639721,384.6538718015203,junction
3041,558061.0750917257,4868919.817390475,384.5647067393494,junction
3042,558058.9301731772,4868923.65005775,384.4729045091303,junction
3043,558058.2617752418,4868924.816885367,384.44561759467456,junction
3044,558056.1594552128,4868928.567155382,384.35670723398323,junction
3045,558053.2261413358,4868933.820996914,384.23850010326424,junction
3046,558050.093441918,4868939.434436557,384.1183138236063,junction
3047,558047.7699736066,4868943.572686975,384.03095966713886,junction
3048,558044.7164408296,4868948.99822306,383.922997988747,junction
3049,558043.443702188,4868951.278670671,383.8760535086218,junction
3050,558041.3654176198,4868954.957816062,383.8044704684623,junction
3051,558038.719504461,4868959.649423778,383.7176124196081,junction
3052,558038.0300509937,4868960.928884449,383.6914320405346,junction
3053,558036.0841260984,4868964.383750525,383.6281450748599,junction
3054,558033.3743218504,4868969.156832632,383.5388275128502,junction
3055,558030.6400216462,4868974.12893964,383.45513049940354,junction
3056,558027.9831491758,4868978.882002084,383.3729838775782,junction
3057,558024.8168645306,4868984.510848028,383.2787056797617,junction
3058,558022.7493845077,4868988.20117699,383.218960585638,junction
3059,558022.1849227109,4868989.146530514,383.20406109359016,junction
3060,558019.4316748427,4868994.137540249,383.12431078690884,junction
3061,558018.2481611157,4868996.278575888,383.09284245601503,junction
3062,558016.3578256562,4868999.589176776,383.04455393368073,junction
3063,558013.729286994,4869004.352217943,382.96965056364866,junction
3064,558013.0100087033,4869005.587831788,382.95153529516267,junction
3065,558011.1488302276,4869009.029580532,382.9028298091818,junction
3066,558008.4961849863,4869013.774296561,382.838711222883,junction
3067,558005.4391289698,4869019.198618349,382.7601803837018,junction
3068,558003.4787222615,4869022.60541412,382.71373094416737,junction
3069,558002.8669876636,4869023.73656544,382.6985097130837,junction
3070,557999.7506453794,4869029.397949882,382.6208016299632,junction
3071,557998.0101340719,4869032.466326936,382.58066131074406,junction
3072,557997.3686039014,4869033.625599008,382.5651755169814,junction
3073,557994.0487107636,4869039.46137493,382.4921577645891,junction
3074,557993.3366270264,4869040.739326713,382.4750376137156,junction
3075,557991.492904774,4869043.873626766,382.43479218867583,junction
3076,557988.4879088565,4869049.388365479,382.36860963578465,junction
3077,557985.7549421509,4869054.181473683,382.3109548471763,junction
3078,557983.1081118856,4869058.903744271,382.2554619995354,junction
3079,557979.9572234097,4869064.572833897,382.1912803205726,junction
3080,557978.1645446857,4869067.721076086,382.15649531712324,junction
3081,557977.4063680607,4869069.081351318,382.1390056443391,junction
3082,557974.3202644684,4869074.651767677,382.0825060792472,junction
3083,557973.0341251488,4869076.921949595,382.05534428886364,junction
3084,557971.8112897872,4869079.124157154,382.0320459888592,junction
3085,557968.6048372453,4869084.768733573,381.97091808662987,junction
3086,557968.0586504374,4869085.853548373,381.96451783358987,junction
3087,557966.2819877067,4869089.0411658,381.92635964330583,junction
3088,557963.1674729934,4869094.528828236,381.8468177629109,junction
3089,557960.6755878235,4869099.082621436,381.7623871961266,junction
3090,557958.0570347852,4869103.683011374,381.6672081634256,junction
3091,557954.7661687213,4869109.4996203035,381.5282695855383,junction
3092,557953.099742152,4869112.436227591,381.44775473238036,junction
3093,557952.4255957645,4869113.691887464,381.41928486515087,junction
3094,557949.215138083,4869119.3675204525,381.2616853128064,junction
3095,557948.0047002609,4869121.507722612,381.2061502006171,junction
3096,557946.8592510172,4869123.553085857,381.1380612967257,junction
3097,557943.6306279158,4869129.333630946,380.9699443242869,junction
3098,557943.0828328233,4869130.3423164,380.9406996815361,junction
3099,557941.2644579099,4869133.6153523885,380.8381485699124,junction
3100,557938.0919256837,4869139.198239455,380.6637908840969,junction
3101,557935.5543734626,4869143.676609647,380.52686778505245,junction
3102,557932.8869554095,4869148.4709039675,380.37790473002144,junction
3103,557932.358113764,4869149.329570413,380.35005900143915,junction
3104,557929.7774055682,4869153.90726339,380.2080114973574,junction
3105,557927.8305601375,4869157.2088734945,380.0986425494648,junction
3106,557926.6139142269,4869159.4317454845,380.0318669360824,junction
3107,557923.9359211493,4869164.168059021,379.87862373636756,junction
3108,557923.4401818302,4869165.022241933,379.85047251696733,junction
3109,557920.9157523513,4869169.520690871,379.71093016466017,junction
3110,557918.3216606125,4869173.965832949,379.57144088463787,junction
3111,557915.0524484403,4869179.780275876,379.3945640746782,junction
3112,557913.2500308576,4869182.811067259,379.30400197292187,junction
3113,557912.6523959986,4869183.948625492,379.26800533749037,junction
3114,557909.4379167354,4869189.599241107,379.0911510735136,junction
3115,557908.1651061085,4869191.7811882645,379.02949347524174,junction
3116,557906.9262550292,4869194.105882798,378.96082448728845,junction
3117,557903.7800948096,4869199.569657499,378.79850559070496,junction
3118,557903.0336509135,4869200.864889784,378.7624202316951,junction
3119,557901.1410887755,4869204.259726106,378.65637384828574,junction
3120,557898.4651105979,4869208.882476614,378.51667016841344,junction
3121,557895.1397936341,4869214.76950144,378.3528091022528,junction
3122,557893.3647219398,4869217.800049362,378.26378951891905,junction
3123,557892.7049378547,4869218.954132525,378.2322158199192,junction
3124,557889.4923850541,4869224.612825127,378.0693485636793,junction
3125,557888.2413387088,4869226.833597137,378.0094674850492,junction
3126,557886.9215239019,4869229.038892031,377.9494948490289,junction
3127,557883.8181668652,4869234.569556236,377.7952690915213,junction
3128,557883.0667033151,4869235.898384386,377.75085644615393,junction
3129,557881.1731990122,4869239.094353921,377.6696857405845,junction
3130,557878.428598768,4869243.953163163,377.5496087057848,junction
3131,557877.1491102489,4869246.148654435,377.48666597316173,junction
3132,557875.7961719121,4869248.501723077,377.4284582240919,junction
3133,557873.0484518958,4869253.311381491,377.29794626860553,junction
3134,557872.4716094232,4869254.2704997435,377.2741567473674,junction
3135,557869.8659684971,4869258.846279979,377.1607821905413,junction
3136,557868.0322674095,4869262.065956049,377.0827370047072,junction
3137,557866.7127993286,4869264.310483137,377.0229049496158,junction
3138,557864.0422787336,4869269.049096109,376.91294298297197,junction
3139,557863.4983095037,4869269.938911312,376.8879640615672,junction
3140,557860.6009380814,4869274.901966607,376.7746156027452,junction
3141,557858.5111012895,4869278.551322881,376.6866676585347,junction
3142,557857.9471100742,4869279.500504827,376.6672388044205,junction
3143,557855.0530150308,4869284.571755701,376.54490948620764,junction
3144,557853.0878566147,4869287.923202188,376.47074407373873,junction
3145,557852.4394614011,4869288.9689904,376.44486376096376,junction
3146,557849.2671526063,4869294.481560233,376.32977329592177,junction
3147,557847.923100496,4869296.613355093,376.290846134053,junction
3148,557846.6308734214,4869298.922486312,376.2354398302562,junction
3149,557843.3399042083,4869304.579693844,376.1228734492058,junction
3150,557840.3135689847,4869309.821632756,376.0141395835735,junction
3151,557838.39797543,4869313.000055868,375.94718233111394,junction
3152,557837.6756136859,4869314.252563736,375.92523653869796,junction
3153,557834.9773008196,4869318.872876683,375.8422667994622,junction
3154,557833.4447175504,4869321.552765976,375.80493575918535,junction
3155,557832.1575543464,4869323.717720155,375.7702675794843,junction
3156,557828.8156580377,4869329.359816791,375.6952043402371,junction
3157,557828.0959158561,4869330.696414809,375.67496437818545,junction
3158,557825.9661390181,4869334.229329769,375.6330441879036,junction
3159,557822.9757124983,4869339.472976561,375.5643509906133,junction
3160,557819.7488522341,4869344.82508925,375.50124264085673,junction
3161,557818.3266191112,4869347.216957044,375.47772197949223,junction
3162,557817.6308338372,4869348.521684405,375.4626674547933,junction
3163,557813.9648682519,4869354.757583847,375.39559087451806,junction
3164,557813.1263263389,4869356.1481214035,375.37981259842275,junction
3165,557811.3743793757,4869359.037749976,375.3471435155085,junction
3166,557808.4901152867,4869363.973463518,375.29972684908745,junction
3167,557805.5489088418,4869368.812545793,375.257280524211,junction
3168,557802.8916737773,4869373.596084601,375.2227712118421,junction
3169,557799.3881395742,4869379.474691333,375.17768810185413,junction
3170,557796.7475031757,4869383.823316322,375.1476163763753,junction
3171,557793.6792754078,4869389.00999653,375.1168141352813,junction
3172,557790.7360863715,4869393.936912697,375.0831727940877,junction
3173,557784.5925400425,4869404.311211652,375.03461273663595,junction
3174,557778.7751072736,4869413.888725312,375.0041415550641,junction
